Order ID,Bill Number,Date Time,Type,Customer Name,Customer Phone,Table,Payment Method,Subtotal,Tax,Discount,Total Amount,Status,Items Summary
"6ab9a745-b2c2-4080-b687-d7d0a036b1be","100936","2026-09-26T06:33:06.009Z","dine-in","Walk-in Guest","","","upi","199","10","0","209","completed","Item (1)"
"6c437d4f-a42e-4012-83cd-c59259e29e5c","100935","2026-09-26T06:13:42.412Z","dine-in","Walk-in Guest","","","upi","438","22","0","460","completed","Item (1) | Item (1) | Item (1)"
"4d28874b-8f07-4a66-b3a6-1e563696ca36","100933","2026-09-25T18:31:40.969Z","dine-in","Walk-in Guest","","","upi","737","37","0","774","completed","Item (1) | Item (1) | Item (1) | Item (1)"
"0512b670-2996-4223-8baf-44cc7c97b41e","100916","2026-09-25T17:32:57.233Z","delivery","Mohamed Niyaamath A H","8248418799","","upi","199","0","0","179","completed","Item (1)"
"2d73dd91-952e-42f8-807c-d13af15f6929","100932","2026-09-25T17:02:56.848Z","takeaway","Walk-in Guest","","","cash","518","26","0","544","completed","Item (1) | Item (1) | Item (1)"
"ebdb3a2e-07ef-49d2-9204-19d882c84f0a","100931","2026-09-25T16:54:56.106Z","dine-in","Walk-in Guest","","","upi","350","18","0","368","completed","Item (1) | Item (1) | Item (1)"
"f36a02d6-ae35-4910-9460-309b92588ca1","100930","2026-09-25T16:38:55.615Z","dine-in","Walk-in Guest","","","upi","59","3","0","62","completed","Item (1)"
"5a6f3057-381f-4580-ac67-4ba067be040d","100929","2026-09-25T16:09:14.817Z","dine-in","Walk-in Guest","","","upi","837","42","0","879","completed","Item (1) | Item (1) | Item (1) | Item (2)"
"43ea6502-c983-40d4-9720-66974c01dc4d","100928","2026-09-25T15:43:36.071Z","dine-in","Walk-in Guest","","","upi","869","43","0","912","completed","Item (1) | Item (1) | Item (1)"
"480b62af-7404-4e1b-bdb9-4fbec91feaa0","100927","2026-09-25T15:27:06.190Z","dine-in","Walk-in Guest","","","upi","689","34","0","723","completed","Item (1) | Item (1)"
"da635a2c-f5e0-49b7-8c5e-05aaa5807bdd","100926","2026-09-25T14:53:05.159Z","dine-in","Walk-in Guest","","","upi","439","22","0","461","completed","Item (1) | Item (1) | Item (1)"
"2eae489d-488b-4a5b-bf6c-ee6a08309938","100925","2026-09-25T14:42:12.436Z","dine-in","Walk-in Guest","","","upi","799","40","0","839","completed","Item (1)"
"444983c7-d2ad-47b0-85df-55f7f8e9f401","100924","2026-09-25T11:17:34.493Z","dine-in","Walk-in Guest","","","cash","30137","1507","7534","31644","cancelled","Item (29)"
"ef70284c-6608-4d75-b893-105dd1496605","100923","2026-09-25T10:27:48.599Z","dine-in","Walk-in Guest","","","upi","357","18","0","375","completed","Item (1) | Item (1) | Item (1)"
"98135bc7-1ae9-4ba6-9474-0fce0b64d30e","100922","2026-09-25T09:30:07.412Z","dine-in","Walk-in Guest","","","upi","757","38","0","795","completed","Item (1) | Item (1) | Item (1)"
"c9e8768c-42c8-4bda-8d48-30416e0b6c87","100921","2026-09-25T09:27:19.303Z","delivery","Walk-in Guest","","","split","498","25","0","523","completed","Item (1) | Item (1) | Item (1)"
"2f550823-5dbd-4a74-8803-09cfabf974fe","100920","2026-09-25T09:04:07.111Z","takeaway","Walk-in Guest","","","cash","14.3","1","0","15","completed","Item (1)"
"ORD-20260925-100919","100919","2026-09-25T13:57:00.000+05:30","dine-in","Walk-in Guest","","T1","upi","366","0","0","366","completed","Item (1)"
"3ca777e5-9f62-47f9-8ccf-feef147618f2","100918","2026-09-25T08:08:24.514Z","dine-in","Walk-in Guest","","","upi","157.15","8","0","165","completed","Item (1) | Item (1)"
"ORD-20260925-100917","100917","2026-09-25T12:57:00.000+05:30","dine-in","Walk-in Guest","","T2","upi","618","0","0","618","completed","Item (1) | Item (1) | Item (1)"
"ORD-20260925-100916","100916","2026-09-25T12:22:00.000+05:30","delivery","Walk-in Guest","","Delivery","upi","418","0","0","418","completed","Item (1) | Item (1)"
"6c5ac816-fb27-4c5d-88a4-4b6dfa2c7d6e","100915","2026-09-24T18:04:25.052Z","dine-in","Walk-in Guest","","","upi","679","34","0","713","completed","Item (1) | Item (1) | Item (1) | Item (1)"
"2ad70267-eb85-44e7-a0d0-a964a47b4195","100914","2026-09-24T17:03:06.336Z","dine-in","Walk-in Guest","","","card","58744","2937","0","61681","cancelled","Item (56)"
"e2d5693a-7b18-446c-a73d-a86e7e2dfcc6","100913","2026-09-24T17:00:28.633Z","dine-in","Walk-in Guest","","","upi","22166","1108","0","23274","cancelled","Item (33) | Item (1)"
"d8b562ad-901c-4112-8850-9c6a4c914b4e","100912","2026-09-24T16:37:10.878Z","dine-in","Walk-in Guest","","","upi","668","33","0","701","completed","Item (1) | Item (1) | Item (1)"
"13382f72-cb59-4611-8633-bd7e83fadf71","100911","2026-09-24T15:39:00.516Z","dine-in","Walk-in Guest","","","upi","398","20","0","418","completed","Item (2)"
"d8f0a55c-fa2e-482a-835c-7455c84e08f4","100910","2026-09-24T15:15:30.898Z","dine-in","Walk-in Guest","","","cash","746","37","0","783","completed","Item (2) | Item (1) | Item (1)"
"d739c514-b774-4adb-b36f-7834b998548e","100909","2026-09-24T15:07:39.805Z","dine-in","Walk-in Guest","","","upi","799","40","0","839","completed","Item (1)"
"73f6c77a-7f0c-4c0a-9993-d1354eb2afa9","100908","2026-09-24T15:04:56.930Z","dine-in","Walk-in Guest","","","split","716","36","179","752","completed","Item (1) | Item (1) | Item (1) | Item (1) | Item (1)"
"700200e4-dbbc-4a33-9a42-2c1854b92af9","100907","2026-09-24T15:00:49.465Z","takeaway","Walk-in Guest","","","upi","398","20","0","418","completed","Item (1) | Item (1)"
"ef5e161e-6b20-4551-b4a8-9c73005e7949","100906","2026-09-24T13:06:10.183Z","dine-in","Walk-in Guest","","","upi","449","22","0","471","completed","Item (1)"
"944b3d62-28c1-468f-9186-304187e40f10","100905","2026-09-24T12:42:32.583Z","dine-in","Walk-in Guest","","","cash","449","22","0","471","completed","Item (1)"
"c2305f49-de7f-49d7-97e6-afb321fcc702","100904","2026-09-24T11:34:28.945Z","dine-in","Walk-in Guest","","","upi","258","13","0","271","completed","Item (1) | Item (1)"
"62c33b7b-b9c8-4f88-b406-96983e1ecaa8","100903","2026-09-24T11:13:27.393Z","dine-in","Walk-in Guest","","","cash","149","7","0","156","completed","Item (1)"
"3a1fd955-9656-470d-b2ad-c08924fa64e9","100902","2026-09-24T10:56:50.545Z","dine-in","Walk-in Guest","","","upi","99","5","0","104","completed","Item (1)"
"2b8e219a-568e-4f32-b2c4-a2850816f93f","100901","2026-09-24T10:41:20.557Z","dine-in","Walk-in Guest","","","split","298","15","0","313","completed","Item (1) | Item (1)"
"bbd7ba95-fda8-4a04-be8f-3c7a1916c699","100900","2026-09-24T10:29:15.124Z","dine-in","Walk-in Guest","","","cash","280","14","0","294","completed","Item (1)"
"9a42a4e7-01c2-4fc8-8f57-c510014ccb08","100899","2026-09-24T08:07:44.577Z","dine-in","Walk-in Guest","","","cash","449","22","0","471","completed","Item (1) | Item (1) | Item (1) | Item (1)"
"62294c9e-4b88-436e-a649-53bba731f52d","100898","2026-09-23T17:53:28.717Z","dine-in","Walk-in Guest","","","upi","59","3","0","62","completed","Item (1)"
"495f41fe-8d47-4f89-aed6-abb7c5118ebc","100897","2026-09-23T17:37:47.969Z","dine-in","Walk-in Guest","","","upi","14.3","1","0","15","completed","Item (1)"
"53893662-e7a3-4af5-98d9-69d81d5a16b6","100896","2026-09-23T17:33:46.298Z","dine-in","Walk-in Guest","","","upi","449","22","0","471","completed","Item (1)"
"390f24f8-7f35-4f4e-9802-7c67686f8870","100895","2026-09-23T17:31:53.386Z","takeaway","Walk-in Guest","","","upi","120","6","0","126","completed","Item (1)"
"6340c56a-8717-4aab-a037-0e2cbfd01215","100894","2026-09-23T17:28:25.173Z","dine-in","Walk-in Guest","","","upi","240","12","0","252","completed","Item (2)"
"54d628ae-7940-4e18-aba7-e10b91456b4d","100893","2026-09-23T17:19:07.983Z","dine-in","Walk-in Guest","","","upi","349","17","0","366","completed","Item (1)"
"30217fe7-2597-45e8-965a-df5284c9e25c","100892","2026-09-23T16:15:43.439Z","dine-in","Walk-in Guest","","","cash","538","27","0","565","completed","Item (1) | Item (1) | Item (1)"
"8e16286f-0b23-4241-8da8-83459886a620","100891","2026-09-23T16:12:55.720Z","dine-in","Walk-in Guest","","","upi","28.6","1","0","30","completed","Item (2)"
"acc6b0ba-3c16-44db-9dd3-ac73dc9abe1a","100890","2026-09-23T16:02:11.741Z","dine-in","Walk-in Guest","","","upi","537","27","0","564","completed","Item (1) | Item (1) | Item (1)"
"7182273c-7ccb-4c66-b6ef-8d49fb03d9f0","100889","2026-09-23T15:54:27.859Z","dine-in","Walk-in Guest","","","upi","677","34","0","711","completed","Item (1) | Item (1) | Item (1)"
"94ee4b84-f719-45e0-a20f-55aa1a4e150b","100888","2026-09-23T15:35:56.386Z","dine-in","Walk-in Guest","","","upi","379","19","0","398","completed","Item (1)"
"55c93ba3-ab61-4b72-b82b-f4f9d735f84e","100887","2026-09-23T15:32:56.683Z","dine-in","Walk-in Guest","","","upi","400","20","0","420","completed","Item (1) | Item (1)"
"b96a34ff-5728-4bc2-8326-0e85ad62c575","100886","2026-09-23T15:30:01.988Z","dine-in","Walk-in Guest","","","upi","658","33","0","691","completed","Item (1) | Item (1)"
"1833944c-1e66-427c-89d8-8f656feebb46","100885","2026-09-23T15:18:14.599Z","dine-in","Walk-in Guest","","","upi","120","6","0","126","completed","Item (1)"
"29ad3495-362d-4cee-95c0-ae2edbcf6b73","100884","2026-09-23T15:17:22.686Z","takeaway","Walk-in Guest","","","upi","349","17","0","366","completed","Item (1)"
"d6522b4e-f2c8-4e45-ab8e-74c856589784","100883","2026-09-23T15:11:21.128Z","dine-in","Walk-in Guest","","","upi","535.6","27","0","563","completed","Item (1) | Item (1) | Item (2) | Item (1)"
"462ded2a-ab2b-4c8e-8053-8ba491a20de8","100882","2026-09-23T15:05:51.361Z","dine-in","Walk-in Guest","","","upi","349","17","0","366","completed","Item (1)"
"57c661a8-52a4-48df-9ab2-5e744c99d00e","100881","2026-09-23T14:47:24.118Z","dine-in","Walk-in Guest","","","upi","452.3","23","0","475","completed","Item (1) | Item (1) | Item (1)"
"f53840f4-a60d-4e28-88b8-13cb816494d1","100880","2026-09-23T14:33:53.862Z","dine-in","Walk-in Guest","","","upi","677","34","0","711","completed","Item (1) | Item (1) | Item (1)"
"d9e28fab-7d3a-4782-b269-db22847142ee","100879","2026-09-23T14:29:21.828Z","dine-in","Walk-in Guest","","","cash","871.3","44","0","915","completed","Item (2) | Item (2) | Item (1)"
"37863349-8f6f-4af4-a014-8147db921b33","100878","2026-09-23T14:27:18.778Z","takeaway","Walk-in Guest","","","cash","379","19","0","398","completed","Item (1)"
"dd6333fe-f66a-4e6a-8e22-cac38bdc03e5","100877","2026-09-23T14:18:20.780Z","dine-in","Walk-in Guest","","","upi","379","19","0","398","completed","Item (1)"
"29610895-3035-462c-a353-9ef333f59a05","100876","2026-09-23T14:11:02.507Z","dine-in","Walk-in Guest","","","upi","1125","56","0","1181","completed","Item (1) | Item (1) | Item (1) | Item (2)"
"c6dad698-fea6-4dca-a727-65c7f952596d","100875","2026-09-23T14:06:14.881Z","dine-in","Walk-in Guest","","","cash","460.45","23","0","483","completed","Item (1) | Item (3)"
"d31755fc-1c17-4de6-8005-10de44e812e5","100874","2026-09-23T14:03:45.258Z","dine-in","Walk-in Guest","","","cash","59","3","0","62","completed","Item (1)"
"80ca1bd9-5985-40d6-87d5-7679d35a82b5","100873","2026-09-23T14:03:19.577Z","dine-in","Walk-in Guest","","","split","704.2","35","0","739","completed","Item (1) | Item (1) | Item (4) | Item (1)"
"0211fa20-6ae2-43b7-9ef9-6de66f4bd839","100872","2026-09-23T13:53:07.876Z","dine-in","Walk-in Guest","","","cash","797","40","0","837","completed","Item (1) | Item (1) | Item (1) | Item (1)"
"d05241fc-248d-4d9d-8767-b482df3d0d60","100871","2026-09-23T13:50:20.165Z","dine-in","Walk-in Guest","","","split","589","29","0","618","completed","Item (1) | Item (1)"
"d13158d3-0cda-466e-8cf9-28e2c283b7d6","100870","2026-09-23T13:26:50.879Z","takeaway","Walk-in Guest","","","upi","498","25","0","523","completed","Item (1) | Item (1)"
"75ba3945-d9e9-4d4d-bfcc-989bbf3d9ff3","100869","2026-09-23T13:14:31.042Z","dine-in","Walk-in Guest","","","upi","199","10","0","209","completed","Item (1)"
"8ed18534-5a79-486e-95fe-dc2b1ff4b27d","100868","2026-09-23T12:51:10.019Z","dine-in","Walk-in Guest","","","upi","606.6","30","0","637","completed","Item (1) | Item (1) | Item (2)"
"67cae4e5-9b28-453d-8466-b80427a5c733","100867","2026-09-23T12:47:05.310Z","dine-in","Walk-in Guest","","","split","59","3","0","62","completed","Item (1)"
"f3c13d9d-7e22-47e4-aa40-a1a46e6fccd5","100866","2026-09-23T12:39:13.649Z","dine-in","Walk-in Guest","","","split","758","38","0","796","completed","Item (1) | Item (1)"
"31066a7f-1118-4c69-95d8-5b64a4e8bd1f","100865","2026-09-23T12:35:07.940Z","dine-in","Walk-in Guest","","","upi","59","3","0","62","completed","Item (1)"
"0eaca1b0-9ffb-4869-81be-bb9154d9f7f0","100864","2026-09-23T12:27:17.147Z","dine-in","Walk-in Guest","","","upi","363.3","18","0","381","completed","Item (1) | Item (1)"
"7cba07e3-227a-4db9-862b-06f62383d05a","100863","2026-09-23T12:23:09.660Z","dine-in","Walk-in Guest","","","upi","14.3","1","0","15","completed","Item (1)"
"7ee1ae95-a083-4b94-80c3-913545d8ce87","100862","2026-09-23T12:18:37.018Z","dine-in","Walk-in Guest","","","upi","14.3","1","0","15","completed","Item (1)"
"7b440853-cd19-4b25-838c-059771807bbb","100861","2026-09-23T12:02:38.953Z","dine-in","Walk-in Guest","","","upi","438","22","0","460","completed","Item (2) | Item (2)"
"98213180-9595-4df4-a5fd-ea66cfac890c","100860","2026-09-23T11:58:36.657Z","dine-in","Walk-in Guest","","","upi","467","23","0","490","completed","Item (1) | Item (1) | Item (1)"
"41785991-131e-48b6-9ec4-778bf5cae3d3","100859","2026-09-23T11:48:33.144Z","dine-in","Walk-in Guest","","","upi","299","15","0","314","completed","Item (1) | Item (1)"
"e7e0a228-ffb5-4520-b96d-6892ab214d99","100858","2026-09-23T11:45:19.824Z","takeaway","Walk-in Guest","","","upi","828","41","0","869","completed","Item (1) | Item (1)"
"a12319db-f21b-402f-9341-8e35345a8ba2","100857","2026-09-23T11:40:09.913Z","dine-in","Walk-in Guest","","","upi","826.6","41","0","868","completed","Item (1) | Item (1) | Item (2)"
"3930c527-24f8-41cf-b7ea-662d5e36dfb7","100856","2026-09-23T11:33:29.745Z","dine-in","Walk-in Guest","","","split","99","5","0","104","completed","Item (1)"
"6415ec40-d518-48c8-80f7-7643ce91024f","100855","2026-09-23T11:25:24.005Z","dine-in","Walk-in Guest","","","card","379","19","0","398","completed","Item (1)"
"0bd5d9b5-02f9-4dfe-99d4-b5ab0ea55387","100854","2026-09-23T11:03:17.499Z","dine-in","Walk-in Guest","","","upi","377.6","19","0","397","completed","Item (1) | Item (2)"
"a6af1a90-dc5d-4f41-ac01-41809d3efdf2","100853","2026-09-23T10:26:26.306Z","dine-in","Walk-in Guest","","","split","319","16","0","335","completed","Item (1) | Item (1)"
"da3501b9-d190-47f2-87ac-7e80a4536995","100852","2026-09-23T10:26:25.107Z","dine-in","Walk-in Guest","","","upi","349","17","0","366","completed","Item (1)"
"9fad523e-2055-4de0-b350-90c14f5e247b","100851","2026-09-23T08:02:21.883Z","dine-in","Walk-in Guest","","","upi","449","22","0","471","completed","Item (1)"
"d7eb525b-b805-4c33-93a6-97430fc7b0c6","100850","2026-09-22T17:11:57.302Z","dine-in","Walk-in Guest","","","cash","428","21","0","449","completed","Item (1) | Item (1)"
"13a44ffe-e735-4d87-85d0-56b795db3315","100849","2026-09-22T16:24:13.469Z","dine-in","Walk-in Guest","","","upi","249","12","0","261","completed","Item (1)"
"1e9a34d3-a453-4a0d-afc1-0ddc3c0afc88","100848","2026-09-22T15:51:21.296Z","dine-in","Walk-in Guest","","","upi","578","29","0","607","completed","Item (1) | Item (1) | Item (1)"
"049f361f-e8be-4186-b46f-a8a3a231add1","100847","2026-09-22T15:05:15.921Z","dine-in","Walk-in Guest","","","split","199","10","0","209","completed","Item (1)"
"ed6e35b6-726a-4bba-98dd-99f6d1a946ee","100846","2026-09-22T15:04:33.428Z","takeaway","Walk-in Guest","","","upi","416.15","21","0","437","completed","Item (1) | Item (1) | Item (1)"
"cbd72384-bcfe-4ef0-ae90-4e3b39621ab0","100845","2026-09-22T14:30:59.329Z","dine-in","Walk-in Guest","","","cash","299","15","0","314","cancelled","Item (1)"
"3a68363b-baa7-44e4-8966-0f88f63b123d","100844","2026-09-22T14:30:39.219Z","dine-in","Walk-in Guest","","","cash","299","15","0","314","completed","Lebanese Rice Box (Chicken) (1)"
"3e4d3d62-4426-4ba4-8fd3-463cf65065f9","100843","2026-09-22T14:16:49.110Z","dine-in","Walk-in Guest","","","upi","149","7","0","156","completed","Item (1)"
"5b421d15-8e01-4d8b-ba93-f38c93f2451c","100842","2026-09-22T14:15:03.396Z","dine-in","Walk-in Guest","","","upi","567","28","0","595","completed","Item (1) | Item (1) | Item (1) | Item (1) | Item (1)"
"ed6281e1-48b1-43dd-8409-8d7d484f0056","100841","2026-09-22T14:07:05.902Z","dine-in","Walk-in Guest","","","upi","28.6","1","0","30","completed","Item (2)"
"5b3bd354-5c54-4430-95be-b52902f8d6e4","100840","2026-09-22T14:04:20.265Z","dine-in","Walk-in Guest","","","upi","538","27","0","565","completed","Item (1) | Item (1) | Item (1)"
"6eaea172-6029-49ab-a85d-5bb54dced85c","100839","2026-09-22T13:34:00.705Z","takeaway","Walk-in Guest","","","upi","280","14","0","294","completed","Item (1)"
"86439312-c58a-4a65-ac92-dbec62a281ef","100838","2026-09-22T13:30:37.886Z","takeaway","Walk-in Guest","","","upi","459","23","0","482","completed","Item (1) | Item (1) | Item (1)"
"8a043917-1f0b-40fe-a059-4bb6062ab498","100837","2026-09-22T13:22:49.172Z","dine-in","Walk-in Guest","","","upi","497","25","0","522","completed","Item (2) | Item (1)"
"fea5abe2-a556-4d38-86e8-1a8499257c13","100836","2026-09-22T13:02:12.820Z","dine-in","Walk-in Guest","","","upi","447","22","0","469","completed","Item (1) | Item (2)"
"8f21e7fe-0455-4e85-82b2-39536aaba304","100835","2026-09-22T12:34:23.346Z","dine-in","Walk-in Guest","","","upi","74.3","4","0","78","completed","Item (2)"
"941ba427-58ca-4c7d-b5cf-d1f12c948e6b","100834","2026-09-22T12:18:37.553Z","takeaway","Walk-in Guest","","","upi","199","10","0","209","completed","Item (1)"
"a2e2be52-e8ec-4926-8586-01c6cf1a84d2","100833","2026-09-22T12:05:12.865Z","dine-in","Walk-in Guest","","","cash","560","28","0","588","completed","Item (1)"
"b68666e2-0e2c-4a7b-8bc8-20874ad0522d","100832","2026-09-22T11:06:32.488Z","dine-in","Walk-in Guest","","","upi","349","17","0","366","completed","Item (1)"
"adcad2a7-ea86-4a39-9a50-4f21f7f3adb0","100831","2026-09-22T08:05:54.934Z","dine-in","Walk-in Guest","","","cash","59","3","0","62","completed","Item (1)"
"0ef77300-caf7-4a60-8fcd-53bc190482fd","100830","2026-09-22T06:54:01.553Z","dine-in","Walk-in Guest","","","upi","269","13","0","282","completed","Item (1) | Item (1)"
"2df4e01a-4b1a-4497-8f49-d7b132b8c59f","100829","2026-09-22T06:42:05.745Z","dine-in","Walk-in Guest","","","upi","295","15","0","310","completed","Item (5)"
"7b0f4342-b2ca-4427-a3c8-3e0bd78cd5b6","100828","2026-09-22T06:33:56.183Z","dine-in","Walk-in Guest","","","upi","118","6","0","124","completed","Item (2)"
"2e430538-2408-48f9-a9d8-64ee42572ddf","100827","2026-09-21T16:59:08.452Z","dine-in","Walk-in Guest","","","upi","579","29","0","608","completed","Item (1) | Item (1) | Item (1)"
"26518103-d4e1-4d5f-a71b-4dacc3fe1ae7","100826","2026-09-21T16:58:05.683Z","takeaway","Walk-in Guest","","","upi","520","26","0","546","completed","Item (1) | Item (1)"
"1512aa87-df0c-4474-824f-6438ef177fc2","100825","2026-09-21T16:53:22.626Z","dine-in","Walk-in Guest","","","cash","114","6","0","120","completed","Item (1)"
"3a7c6e97-1e32-4f4c-8ce2-e68820bbcbe0","100824","2026-09-21T16:14:22.344Z","dine-in","Walk-in Guest","","","upi","718","36","0","754","completed","Item (1) | Item (1) | Item (1)"
"05b8ad0c-d3cb-46fb-8de1-100826ebfcad","100823","2026-09-21T16:11:31.695Z","dine-in","Walk-in Guest","","","cash","838","42","0","880","completed","Item (1) | Item (2) | Item (1)"
"501f8709-3d43-46a8-8457-9eee88c14662","100822","2026-09-21T15:22:57.981Z","dine-in","Walk-in Guest","","","cash","559","28","0","587","completed","Item (1) | Item (1) | Item (1)"
"8dc3c6b3-7c64-48f2-b71b-5795abcba5bf","100821","2026-09-21T14:48:15.946Z","dine-in","Walk-in Guest","","","upi","400","20","100","420","completed","Item (2) | Item (1) | Item (1)"
"cc50a110-658e-4a62-8e3f-d370177e3886","100820","2026-09-21T14:06:07.607Z","dine-in","Walk-in Guest","","","upi","349","17","0","366","completed","Item (1)"
"c4854aa7-5fc8-4653-839b-b699f1cea82b","100819","2026-09-21T13:47:49.562Z","dine-in","Walk-in Guest","","","upi","90","5","0","95","completed","Item (1)"
"02c1716c-8e65-49b6-ba98-c8c177eeca52","100818","2026-09-21T13:44:24.732Z","dine-in","Walk-in Guest","","","upi","120","6","0","126","completed","Item (1)"
"16f7ab82-ca4d-4f1c-8d91-52f3ecf2314c","100817","2026-09-21T13:42:17.136Z","dine-in","Walk-in Guest","","","upi","969","48","0","1017","completed","Item (1) | Item (1) | Item (1)"
"0882ae02-f656-486a-a8af-378ee916515f","100816","2026-09-21T12:42:36.980Z","dine-in","Walk-in Guest","","","split","99","5","0","104","completed","Item (1)"
"0e470a63-9abd-4dd5-a685-bb0f9ae58aeb","100815","2026-09-21T12:40:21.380Z","dine-in","Walk-in Guest","","","cash","469","23","0","492","completed","Item (1) | Item (1)"
"d4e01245-5287-4736-8a2d-5d8b7700b311","100814","2026-09-21T12:31:59.330Z","dine-in","Walk-in Guest","","","upi","120","6","0","126","completed","Item (1)"
"1f3d912b-3c38-422b-aef7-61065f490cde","100813","2026-09-21T12:31:03.759Z","dine-in","Walk-in Guest","","","upi","479","24","0","503","completed","Item (1) | Item (1)"
"238bcd54-adce-42dd-8ef4-b672cbdd7f02","100812","2026-09-21T12:23:35.622Z","dine-in","Walk-in Guest","","","upi","398","20","0","418","completed","Item (1) | Item (1)"
"c279b101-82ad-4f38-90c7-c35816239916","100811","2026-09-21T12:00:08.757Z","dine-in","Walk-in Guest","","","upi","149","7","0","156","completed","Item (1)"
"3e6ee914-c65d-4b29-a287-1d2dca36d662","100810","2026-09-21T11:57:16.973Z","dine-in","Walk-in Guest","","","upi","120","6","0","126","completed","Item (1)"
"dcbcadc9-2c2e-4fd0-8763-57faf402ce7a","100809","2026-09-21T11:18:08.052Z","dine-in","Walk-in Guest","","","cash","480.45","24","0","504","completed","Item (1) | Item (1) | Item (3)"
"96841d45-f453-4fcd-8c52-709c7e81ce04","100808","2026-09-21T08:04:33.291Z","dine-in","Walk-in Guest","","","upi","509","25","0","534","completed","Item (1) | Item (1) | Item (1)"
"25f16dbf-978a-49b9-a808-7dad7158e582","100807","2026-09-21T07:47:09.698Z","dine-in","Walk-in Guest","","","upi","219","11","0","230","completed","Item (1) | Item (1)"
"24ee8e6b-4dba-4547-b70d-9c61c9c15f1d","100806","2026-09-21T06:26:54.426Z","dine-in","Walk-in Guest","","","upi","490","25","0","515","completed","Item (1) | Item (1) | Item (1)"
"49b43c51-cc87-412f-aa93-0b8dd6da5aaa","100805","2026-09-21T05:43:38.686Z","dine-in","Walk-in Guest","","","upi","118","6","0","124","completed","Item (2)"
"8d4309b0-dd2e-442f-a12a-2fc71da22778","100804","2026-09-21T03:40:07.945Z","dine-in","Walk-in Guest","","","complimentary","0","0","1661.75","0","completed","Item (1) | Item (1) | Item (1) | Item (1) | Item (1) | Item (2) | Item (2) | Item (1) | Item (1) | Item (2) | Item (5)"
"62af73e3-5061-4d75-ad8c-9d1d92bad55f","100803","2026-09-20T16:55:38.119Z","dine-in","Walk-in Guest","","","split","99","5","0","104","completed","Item (1)"
"b32de1f1-28d0-4de4-8740-788be3c8d387","100802","2026-09-20T16:44:11.123Z","dine-in","Walk-in Guest","","","upi","310","16","0","326","completed","Item (1) | Item (1)"
"125005ed-9286-45ce-b9d4-f968b28912b9","100801","2026-09-20T16:26:32.252Z","dine-in","Walk-in Guest","","","cash","189","9","0","198","completed","Item (1) | Item (1)"
"4294b797-9082-4b09-9aed-a1a5ce92c1b7","100800","2026-09-20T16:23:53.358Z","dine-in","Walk-in Guest","","","cash","199","10","0","209","completed","Item (1)"
"04a14307-1891-4bc5-83a4-ab850fbc25e7","100799","2026-09-20T16:09:36.213Z","dine-in","Walk-in Guest","","","split","398","20","0","418","completed","Item (1) | Item (1)"
"af4d713f-265c-401d-bdb0-ee7c91f0da38","100798","2026-09-20T15:54:16.041Z","dine-in","Walk-in Guest","","","upi","519","26","0","545","completed","Item (1) | Item (1)"
"4903d265-8f6e-43eb-9a23-b6efa12ce9f8","100797","2026-09-20T15:39:31.053Z","dine-in","Walk-in Guest","","","split","686","34","0","720","completed","Item (1) | Item (1) | Item (1) | Item (1) | Item (1)"
"37bb9976-5bf4-486f-805b-06d71dfefdea","100796","2026-09-20T15:32:37.354Z","dine-in","Walk-in Guest","","","upi","998","50","0","1048","completed","Item (1) | Item (1)"
"5e0ef82f-9539-4510-8f94-0d4329e5cd79","100795","2026-09-20T15:06:48.730Z","dine-in","Walk-in Guest","","","split","398","20","0","418","completed","Item (1) | Item (1)"
"19d959b4-4e60-4ed4-9f25-b8a067fa090b","100794","2026-09-20T14:11:57.196Z","dine-in","Walk-in Guest","","","split","289","14","0","303","completed","Item (1) | Item (1)"
"cf7c9c77-7a6b-495b-afbf-60eb30708a04","100793","2026-09-20T14:07:05.151Z","dine-in","Walk-in Guest","","","card","699","35","0","734","completed","Item (1)"
"45961495-c598-4013-abea-828a35864e3b","100792","2026-09-20T13:39:28.553Z","dine-in","Walk-in Guest","","","upi","199","10","0","209","completed","Item (1)"
"8c199e70-a0bb-44ca-8c6f-fe5f976a9f2e","100791","2026-09-20T13:35:27.548Z","dine-in","Walk-in Guest","","","upi","379","19","0","398","completed","Item (1) | Item (1)"
"944f2241-aee7-4bdd-a65e-8f206b90fc2d","100790","2026-09-20T13:33:03.662Z","dine-in","Walk-in Guest","","","upi","59","3","0","62","completed","Item (1)"
"7be8f461-f04f-4857-8135-852de8d4786b","100789","2026-09-20T13:31:48.823Z","dine-in","Walk-in Guest","","","upi","448","22","0","470","completed","Item (1) | Item (1)"
"98b46065-e532-4a3a-a668-258f279e5021","100788","2026-09-20T13:05:42.761Z","dine-in","Walk-in Guest","","","upi","624.75","31","0","656","completed","Item (1) | Item (2) | Item (5)"
"af96b018-1ba2-4149-b389-827ad92d6538","100787","2026-09-20T12:59:29.672Z","dine-in","Walk-in Guest","","","upi","518","26","0","544","completed","Item (1) | Item (1) | Item (1) | Item (1)"
"48542c6d-ecd6-4f27-a0f9-526f01721e9a","100786","2026-09-20T12:48:31.751Z","dine-in","Walk-in Guest","","","upi","289","14","0","303","completed","Item (1) | Item (1)"
"29909585-9bc3-482c-a67f-7cf172c39172","100785","2026-09-20T12:42:28.388Z","dine-in","Walk-in Guest","","","upi","435.15","22","0","457","completed","Item (1) | Item (1) | Item (1)"
"121486e1-db2d-4917-9a3f-c2f611caa86f","100784","2026-09-20T12:29:20.453Z","dine-in","Walk-in Guest","","","upi","120","6","0","126","completed","Item (1)"
"9b90a2eb-7bb1-441d-a84d-de83637a75cc","100783","2026-09-20T12:12:27.975Z","dine-in","Walk-in Guest","","","cash","319","16","0","335","completed","Item (1) | Item (1)"
"14a0c1fd-3bc5-44f1-b96b-97a181313d2f","100782","2026-09-20T12:11:43.210Z","dine-in","Walk-in Guest","","","upi","120","6","0","126","completed","Item (1)"
"b0cc5b1f-51e8-4df8-a915-678cc5d8479d","100781","2026-09-20T12:11:06.989Z","dine-in","Walk-in Guest","","","upi","1697","85","0","1782","completed","Item (1) | Item (1) | Item (1)"
"7920540f-c560-4b44-8ee7-f2d80c2929db","100780","2026-09-20T11:55:39.566Z","dine-in","Walk-in Guest","","","card","556","28","0","584","completed","Item (2) | Item (1) | Item (1)"
"5a805bf0-4b69-4b1e-88a3-62f72517f063","100779","2026-09-20T11:48:16.014Z","dine-in","Walk-in Guest","","","cash","348","17","0","365","completed","Item (1) | Item (1)"
"04a64daf-3c95-40ed-9506-b9a679c9e913","100778","2026-09-20T11:46:44.517Z","dine-in","Walk-in Guest","","","split","560","28","0","588","completed","Item (1)"
"47b507e8-620f-454b-b8b5-aa86a4542782","100777","2026-09-20T11:28:08.966Z","dine-in","Walk-in Guest","","","card","683.3","34","0","717","completed","Item (1) | Item (1) | Item (1) | Item (1) | Item (1) | Item (1)"
"4a780ff4-b4d2-43aa-8d70-a3b5a7d9219e","100776","2026-09-20T10:34:27.594Z","dine-in","Walk-in Guest","","","upi","120","6","0","126","completed","Item (1)"
"d0bb650f-c909-4618-83bb-aa7bdf7b4e19","100775","2026-09-20T10:32:41.369Z","dine-in","Walk-in Guest","","","upi","319","16","0","335","completed","Item (1) | Item (1)"
"e3882c0b-d3fe-490a-965a-ccb968134a44","100774","2026-09-20T09:58:30.029Z","dine-in","Walk-in Guest","","","upi","520","26","0","546","completed","Item (1) | Item (1) | Item (1)"
"1b849b0a-4b05-4fdf-86cd-2aa1e5a3d90c","100773","2026-09-20T09:56:27.892Z","dine-in","Walk-in Guest","","","card","439","22","0","461","completed","Item (1) | Item (1)"
"b18e6443-9c1a-4845-a133-4ec545fc6b97","100772","2026-09-20T08:45:35.734Z","dine-in","Walk-in Guest","","","upi","597","30","0","627","completed","Item (1) | Item (1) | Item (1)"
"3f04205a-0c1f-4137-a687-5df7a335c32d","100771","2026-09-20T06:40:14.764Z","takeaway","Walk-in Guest","","","upi","479","24","0","503","completed","Item (1) | Item (1)"
"5abaf41c-1160-4325-b299-c3fc42b8b426","100770","2026-09-20T06:08:13.762Z","delivery","bala","9442255279","","Cashfree Gateway","90","0","0","81","cancelled","Item (1)"
"9888195c-cce1-4362-ada6-78865633c2bb","100769","2026-09-19T16:25:05.937Z","dine-in","Walk-in Guest","","","split","299","15","0","314","completed","Item (1)"
"560abb4d-190f-41c5-8ecb-1d7842413a3a","100768","2026-09-19T15:52:08.397Z","dine-in","Walk-in Guest","","","upi","569","28","0","597","completed","Item (1) | Item (1) | Item (1)"
"3a223fa6-3529-4150-924c-ca41438e6b48","100767","2026-09-19T15:50:11.742Z","dine-in","Walk-in Guest","","","cash","120","6","0","126","completed","Item (1)"
"15e69c1c-81b6-4c38-b1d1-bba27628ecf4","100766","2026-09-19T15:49:38.355Z","dine-in","Walk-in Guest","","","split","398","20","0","418","completed","Item (1) | Item (1)"
"62465e75-f3be-49db-b10a-62341abd294c","100765","2026-09-19T15:25:22.549Z","dine-in","Walk-in Guest","","","upi","597","30","0","627","completed","Item (1) | Item (1) | Item (1)"
"553fe9f1-468d-4325-aeaf-45bc39264e41","100764","2026-09-19T15:19:40.234Z","dine-in","Walk-in Guest","","","upi","299","15","0","314","completed","Item (1)"
"438c8494-25e0-4c84-a67c-f7e011de87d9","100763","2026-09-19T15:12:47.274Z","dine-in","Walk-in Guest","","","cash","59","3","0","62","completed","Item (1)"
"7de59108-3b47-4a46-91e5-d4a0678cff44","100762","2026-09-19T14:47:30.210Z","dine-in","Walk-in Guest","","","split","199","10","0","209","completed","Item (1)"
"204c232e-b0cd-4572-b608-9e3e68782d23","100761","2026-09-19T14:36:57.917Z","dine-in","Walk-in Guest","","","upi","648","32","0","680","completed","Item (1) | Item (1)"
"e4c80e74-68df-45c3-9536-b40b3ab977d8","100760","2026-09-19T14:17:30.089Z","dine-in","Walk-in Guest","","","cash","199","10","0","209","completed","Item (1)"
"0286af42-981b-43a5-acbe-027b05e6106f","100759","2026-09-19T14:01:04.186Z","dine-in","Walk-in Guest","","","cash","59","3","0","62","completed","Item (1)"
"1f4151b7-62da-4927-b693-fcae7cdac867","100758","2026-09-19T13:50:32.992Z","dine-in","Walk-in Guest","","","upi","199","10","0","209","completed","Item (1)"
"51129f0b-a69c-4297-9593-fef9167a98d5","100757","2026-09-19T13:41:44.941Z","dine-in","Walk-in Guest","","","cash","599","30","0","629","completed","Item (1) | Item (1) | Item (1) | Item (1) | Item (1)"
"505c10ad-6b1f-4479-9731-2ff8e28fdc51","100756","2026-09-19T13:38:34.866Z","dine-in","Walk-in Guest","","","upi","699","35","0","734","completed","Item (1)"
"7e0497d6-5ebe-4da5-8005-dbf6a8ba9b78","100755","2026-09-19T13:31:03.908Z","dine-in","Walk-in Guest","","","upi","269","13","0","282","completed","Item (1) | Item (1)"
"044a2995-9fc3-48d8-85d5-969957b6a902","100754","2026-09-19T11:32:23.147Z","dine-in","Walk-in Guest","","","upi","438","22","0","460","completed","Item (1) | Item (1) | Item (1)"
"c34ef26d-a24a-4b53-bd08-05efe0ac7395","100753","2026-09-19T08:46:32.886Z","takeaway","Walk-in Guest","","","upi","378","19","0","397","completed","Item (1) | Item (1)"
"a02eab86-552c-4b19-b5c7-87effb7ff998","100752","2026-09-19T06:56:05.313Z","dine-in","Walk-in Guest","","","upi","326.15","16","0","342","completed","Item (1) | Item (1) | Item (1) | Item (1)"
"46b117fe-1322-46bc-b18b-c15ceba545e5","100751","2026-09-18T16:55:53.919Z","dine-in","Walk-in Guest","","","upi","628","31","0","659","completed","Item (1) | Item (1) | Item (1) | Item (1) | Item (1)"
"39b02942-b203-475d-aeee-51a622a4730e","100750","2026-09-18T16:16:10.435Z","dine-in","Walk-in Guest","","","cash","898","45","0","943","completed","Item (2)"
"679fae16-5af9-40c7-a436-3554aa0da443","100749","2026-09-18T15:28:53.128Z","dine-in","Walk-in Guest","","","cash","699","35","0","734","completed","Item (1)"
"31cfe411-9abc-47d8-bd03-fee27bd4ee9c","100748","2026-09-18T15:21:16.287Z","dine-in","Walk-in Guest","","","upi","299","15","0","314","completed","Item (1)"
"ded3bf2e-7f14-412f-9dad-fc1e4e6f6edf","100747","2026-09-18T15:16:33.107Z","dine-in","Walk-in Guest","","","split","339","17","0","356","completed","Item (1) | Item (1)"
"901ec0ef-ffaf-435b-bf40-096c6d3d7252","100746","2026-09-18T14:42:10.809Z","dine-in","Walk-in Guest","","","upi","210","11","0","221","completed","Item (1) | Item (1)"
"fd8e7abc-2a2c-465a-bb55-3ceca9445e13","100745","2026-09-18T14:32:06.748Z","dine-in","Walk-in Guest","","","upi","380","19","0","399","completed","Item (1) | Item (1) | Item (1)"
"0c3432f6-3a8e-45f8-813b-ba3e79aa5e5a","100744","2026-09-18T14:17:03.888Z","takeaway","Walk-in Guest","","","upi","120","6","0","126","completed","Item (1)"
"f60dd163-53b0-4e3e-a016-75f4d55022b0","100743","2026-09-18T13:28:19.950Z","dine-in","Walk-in Guest","","","cash","539","27","0","566","completed","Item (1) | Item (1) | Item (1)"
"0156e932-ffe8-4beb-bdbf-86724cd296f4","100742","2026-09-18T13:25:24.666Z","dine-in","Walk-in Guest","","","upi","249","12","0","261","completed","Item (1)"
"e226b866-b119-4a2c-8643-6c5f914f9f36","100741","2026-09-18T13:22:36.902Z","dine-in","Walk-in Guest","","","upi","280","14","0","294","completed","Item (1)"
"e6a3e4ce-09f3-47e5-929f-65d0cb59d429","100740","2026-09-18T13:20:06.715Z","dine-in","Walk-in Guest","","","cash","30","2","0","32","completed","Item (2)"
"77c97a13-3652-4abd-a269-6fdb6b40e4a1","100739","2026-09-18T13:08:51.874Z","dine-in","Walk-in Guest","","","cash","1273","64","0","1337","completed","Item (1) | Item (1) | Item (2) | Item (1) | Item (3)"
"1344bcb9-6c37-4d0c-958a-5abe606520a1","100738","2026-09-18T07:38:53.578Z","dine-in","Walk-in Guest","","","upi","179","9","0","188","completed","Item (1) | Item (1)"
"98747d91-868a-4a91-810d-b83655f15656","100737","2026-09-17T17:14:57.170Z","dine-in","Walk-in Guest","","","upi","238","12","0","250","completed","Item (1) | Item (1)"
"53c28ca7-6e53-4908-8126-047d417b50b4","100736","2026-09-17T16:56:23.092Z","dine-in","Walk-in Guest","","","upi","39","2","0","41","completed","Item (1)"
"30b56c1d-feb0-4c5d-90fe-2193352ffb82","100735","2026-09-17T16:55:37.389Z","dine-in","Walk-in Guest","","","cash","300","15","0","315","completed","Item (1) | Item (1) | Item (1)"
"f3f2ceee-db40-48dd-a68e-49a0470fd50b","100734","2026-09-17T16:49:12.518Z","dine-in","Walk-in Guest","","","upi","656","33","0","689","completed","Item (1) | Item (1) | Item (1) | Item (1) | Item (1)"
"ed20b641-6ba9-4fa1-b919-8d0a7d7b9559","100733","2026-09-17T16:45:50.571Z","dine-in","Walk-in Guest","","","upi","598","30","0","628","completed","Item (1) | Item (1)"
"c458db54-d473-4655-a370-47faeb645dbd","100732","2026-09-17T16:41:59.370Z","dine-in","Walk-in Guest","","","complimentary","199","10","0","209","completed","Item (1)"
"dd4ac539-6610-4435-bc2f-2c9bf66da5ef","100731","2026-09-17T15:52:20.374Z","dine-in","Walk-in Guest","","","upi","799","40","0","839","completed","Item (1)"
"e6f30ba9-37d1-4ee4-91de-8bcbe25de442","100730","2026-09-17T15:45:19.070Z","dine-in","Walk-in Guest","","","upi","99","5","0","104","completed","Item (1)"
"6f36291b-2e28-467f-a645-85366212dfea","100729","2026-09-17T15:44:14.589Z","dine-in","Walk-in Guest","","","cash","240","12","0","252","completed","Item (1)"
"bef58b5d-dd9b-42ea-a157-3f849dfd86d6","100728","2026-09-17T15:16:55.620Z","dine-in","Walk-in Guest","","","upi","471","24","118","495","completed","Item (1) | Item (1)"
"812ddbe6-0601-493a-8151-f2040c8be8c2","100727","2026-09-17T15:07:55.704Z","dine-in","Walk-in Guest","","","upi","349","17","0","366","completed","Item (1)"
"36ad59da-d26e-4b82-85d9-1c9c0d1a4520","100726","2026-09-17T15:01:30.998Z","dine-in","Walk-in Guest","","","upi","607.58","30","0","638","completed","Item (1) | Item (1) | Item (1) | Item (1)"
"21eb89b6-3770-4f02-b950-7dad9201b7ce","100725","2026-09-17T14:48:05.616Z","dine-in","Walk-in Guest","","","split","348","17","0","365","completed","Item (1) | Item (1)"
"0ad03728-d930-4be5-adde-62fc355426ab","100724","2026-09-17T14:41:09.664Z","dine-in","Walk-in Guest","","","upi","99","5","0","104","completed","Item (1)"
"ecf25677-5229-4a2a-b1c0-5185f2ba4c83","100723","2026-09-17T14:36:16.625Z","dine-in","Walk-in Guest","","","upi","30","2","0","32","completed","Item (2)"
"0e3745ad-a040-4022-8a11-10ba63fd0a7f","100722","2026-09-17T14:12:09.333Z","dine-in","Walk-in Guest","","","upi","398","20","0","418","completed","Item (1) | Item (1) | Item (1)"
"406ce04d-eac6-4fab-85b9-b58cd6e3a4d1","100721","2026-09-17T14:10:51.084Z","dine-in","Walk-in Guest","","","upi","619","31","0","650","completed","Item (1) | Item (1) | Item (1) | Item (1)"
"016a770a-cb0d-4626-8063-4f9d561ad663","100720","2026-09-17T14:00:03.403Z","dine-in","Walk-in Guest","","","cash","289","14","0","303","completed","Item (1) | Item (1)"
"b3b4b3a3-0754-4716-be4e-5004c5375233","100719","2026-09-17T13:25:38.025Z","dine-in","Walk-in Guest","","","upi","696","35","0","731","completed","Item (1) | Item (2) | Item (1)"
"0e1c9491-03f0-46e4-9d37-5d5e08430fe9","100718","2026-09-17T13:23:09.302Z","takeaway","Walk-in Guest","","","cash","449","22","0","471","completed","Item (1)"
"0cba737f-7e15-4009-99c0-9652f9e91676","100717","2026-09-17T11:08:43.763Z","dine-in","Walk-in Guest","","","upi","114.29","6","0","120","completed","Item (1)"
"c5090917-88be-4341-9fb5-33e79c004bdb","100716","2026-09-17T10:33:43.806Z","dine-in","Walk-in Guest","","","upi","649","32","0","681","completed","Item (1) | Item (1) | Item (1)"
"71ac9f0e-a80a-46dd-8f63-4f487e0fb1c4","100715","2026-09-17T10:09:07.672Z","dine-in","Walk-in Guest","","","cash","539","27","0","566","completed","Item (1) | Item (1)"
"f8953d67-bd2c-48c6-8473-bf727ca84d24","100714","2026-09-17T10:05:33.484Z","dine-in","Walk-in Guest","","","upi","249","12","0","261","completed","Item (1)"
"050f6f64-7bb2-4a63-8bcd-b2d2434e4f70","100713","2026-09-17T09:55:30.715Z","dine-in","Walk-in Guest","","","cash","760.29","38","0","798","completed","Item (1) | Item (1) | Item (1) | Item (1) | Item (1) | Item (1)"
"d0ea4589-a96b-4c9b-b016-d48b513cf2b7","100712","2026-09-17T08:28:44.955Z","dine-in","Walk-in Guest","","","cash","279","14","0","293","completed","Item (1)"
"e2bb2cb1-dad6-4ad5-bb36-feb295125def","100711","2026-09-17T08:24:55.939Z","dine-in","Walk-in Guest","","","upi","449","22","0","471","completed","Item (1) | Item (1) | Item (1) | Item (1)"
"c25af952-9e75-428b-8888-ae23ce3232c5","100710","2026-09-17T08:04:56.218Z","dine-in","Walk-in Guest","","","upi","120","6","0","126","completed","Item (1)"
"b562e1c3-1eb8-438c-bd9e-7b29a7419a0c","100709","2026-09-17T07:53:19.273Z","dine-in","Walk-in Guest","","","upi","398","20","0","418","completed","Item (1) | Item (1)"
"0d6d6c7c-106a-46fe-bc2e-25aa0bab1398","100708","2026-09-17T07:16:12.591Z","dine-in","Walk-in Guest","","","split","1070.29","54","0","1124","completed","Item (1) | Item (1) | Item (1) | Item (1) | Item (1) | Item (1)"
"57c3ba54-8007-4e5d-b6df-67fdfd6785d4","100707","2026-09-17T04:37:52.375Z","dine-in","Walk-in Guest","","","upi","230","12","0","242","cancelled","Item (1) | Item (1)"
"30fd3fb0-a93a-4d21-9455-ad2de8491fc7","100706","2026-09-17T04:37:50.375Z","dine-in","Walk-in Guest","","","upi","788.29","39","0","827","cancelled","Item (1) | Item (1) | Item (1) | Item (1) | Item (1) | Item (1) | Item (1) | Item (1)"
"969e59fa-04aa-45c9-9909-3a5a4aeee159","100705","2026-09-16T17:24:41.236Z","takeaway","Walk-in Guest","","","cash","199","10","0","209","completed","Item (1)"
"06f37696-b4a9-44e7-9295-9b8fcd070573","100704","2026-09-16T16:31:19.612Z","dine-in","Walk-in Guest","","","upi","140","7","0","147","completed","Item (1)"
"c0100c03-706d-4ea7-8151-9b2a193b6b43","100703","2026-09-16T16:21:05.219Z","dine-in","Walk-in Guest","","","upi","379","19","0","398","completed","Item (1) | Item (2)"
"157a7fe0-db18-44c0-a377-f151dd163728","100702","2026-09-16T16:18:44.182Z","dine-in","Walk-in Guest","","","upi","120","6","0","126","completed","Item (1)"
"1b7dfa7f-4cb3-49e0-8c34-7765cba9f8ea","100701","2026-09-16T16:03:28.539Z","dine-in","Walk-in Guest","","","upi","59","3","0","62","completed","Item (1)"
"d3dcc544-2104-4455-a43d-7bb6880ed986","100700","2026-09-16T16:00:55.047Z","dine-in","Walk-in Guest","","","cash","228.58","11","0","240","completed","Item (2)"
"b803811d-5c73-48a3-a76e-c79d4dedf2a2","100699","2026-09-16T15:43:19.118Z","dine-in","Walk-in Guest","","","upi","608","30","0","638","completed","Item (1) | Item (4) | Item (1)"
"982a6ff2-d25b-402e-bc68-fb81ecd6dcc3","100698","2026-09-16T15:38:55.503Z","dine-in","Walk-in Guest","","","upi","96","5","24","101","completed","Item (1)"
"b9a6b612-a91e-4731-8abc-3ad1f2995146","100697","2026-09-16T15:36:34.504Z","takeaway","Walk-in Guest","","","upi","379","19","0","398","completed","Item (1) | Item (2)"
"ff511bcb-2052-41ea-9d42-1344a7ea2b93","100696","2026-09-16T15:34:45.299Z","dine-in","Walk-in Guest","","","upi","379","19","0","398","completed","Item (1)"
"477b4f75-d0e0-4e0d-9773-f0afdb7223f6","100695","2026-09-16T15:31:51.128Z","dine-in","Walk-in Guest","","","upi","466.28999999999996","23","117","489","completed","Item (1) | Item (1) | Item (1)"
"c88d476f-f7f1-41e2-84f4-9a61d3840ff6","100694","2026-09-16T15:28:30.369Z","dine-in","Walk-in Guest","","","upi","379","19","0","398","completed","Item (1) | Item (2)"
"470a5d98-09cd-4fed-8ded-0ecd81235fd6","100693","2026-09-16T15:22:00.741Z","dine-in","Walk-in Guest","","","upi","516","26","0","542","completed","Item (1) | Item (1) | Item (2)"
"2787b91b-e175-410e-b8f4-717ab7ebfbeb","100692","2026-09-16T15:02:43.673Z","dine-in","Walk-in Guest","","","cash","39","2","0","41","completed","Item (1)"
"ec2a102e-c0da-4eeb-8a1f-e86d776a90eb","100691","2026-09-16T14:58:56.016Z","dine-in","Walk-in Guest","","","upi","468","23","0","491","completed","Item (1) | Item (2) | Item (1)"
"10f99149-e1eb-48cf-ba8f-81c3f45af5fd","100690","2026-09-16T14:54:25.965Z","dine-in","Walk-in Guest","","","split","747","37","0","784","completed","Item (1) | Item (1) | Item (1)"
"ee81d8a1-a495-4d81-b2a9-3f98671fe879","100689","2026-09-16T14:50:18.255Z","dine-in","Walk-in Guest","","","upi","728","36","0","764","completed","Item (1) | Item (1)"
"384acdb9-6358-41af-8d44-bdfaa1560b92","100688","2026-09-16T14:42:37.659Z","dine-in","Walk-in Guest","","","upi","349","17","0","366","completed","Item (1)"
"3b2694e1-fdc9-4038-b553-883c96be6745","100687","2026-09-16T14:39:56.675Z","takeaway","Walk-in Guest","","","upi","349","17","0","366","completed","Item (1)"
"ad14e58b-8f31-4eed-86e6-df2f8366b423","100686","2026-09-16T14:35:55.869Z","dine-in","Walk-in Guest","","","upi","469","23","0","492","completed","Item (1) | Item (1)"
"20afe90a-348b-43c1-bffa-9ece78b63495","100685","2026-09-16T14:28:42.988Z","dine-in","Walk-in Guest","","","upi","45","2","0","47","completed","Item (3)"
"a035f394-f8cb-4a41-b062-2768523c3266","100684","2026-09-16T14:27:47.164Z","takeaway","Walk-in Guest","","","upi","409","20","0","429","completed","Item (1) | Item (2)"
"1dae2e80-cad9-47dc-9f67-69d327991d1d","100683","2026-09-16T14:18:06.432Z","dine-in","Walk-in Guest","","","upi","747","37","0","784","completed","Item (1) | Item (1) | Item (1)"
"d5e5093e-00e5-46a6-a003-04f05b5b7cb7","100682","2026-09-16T14:03:28.916Z","dine-in","Walk-in Guest","","","upi","156","8","0","164","completed","Item (4)"
"167cdd90-8285-430b-a8a8-86f4a6a56642","100681","2026-09-16T14:01:28.508Z","dine-in","Walk-in Guest","","","upi","199","10","0","209","completed","Item (1)"
"3839dcf7-08c6-4bc2-9160-b9b390c27ed3","100680","2026-09-16T13:55:46.179Z","dine-in","Walk-in Guest","","","upi","438","22","0","460","completed","Item (1) | Item (1)"
"9b5d8cc8-8218-4c67-86c3-53515e2d293c","100679","2026-09-16T13:50:58.392Z","dine-in","Walk-in Guest","","","upi","289","14","0","303","completed","Item (1) | Item (1)"
"c5ea152c-7d6c-4059-9142-688271c38153","100678","2026-09-16T13:47:37.165Z","takeaway","Walk-in Guest","","","upi","379","19","0","398","completed","Item (1)"
"c772e132-4064-4323-a946-0dcd3e3a464d","100677","2026-09-16T13:46:08.227Z","dine-in","Walk-in Guest","","","upi","856.58","43","0","900","completed","Item (1) | Item (1) | Item (2)"
"4f3cf95d-d2f4-40fe-92c9-6a91df0b9063","100676","2026-09-16T13:36:29.545Z","takeaway","Walk-in Guest","","","split","394","20","0","414","completed","Item (1) | Item (3)"
"f1d8dced-c55a-4fab-8be1-70a2f659c280","100675","2026-09-16T13:30:05.911Z","dine-in","Walk-in Guest","","","upi","59","3","0","62","completed","Item (1)"
"30312f29-ec27-41b7-af6c-ff03bf7b67bc","100674","2026-09-16T13:25:06.741Z","dine-in","Walk-in Guest","","","cash","557","28","0","585","completed","Item (1) | Item (1) | Item (1) | Item (1)"
"49ed5a11-aba6-4b52-8759-b4c210a6ce49","100673","2026-09-16T13:13:13.699Z","dine-in","Walk-in Guest","","","split","238","12","0","250","completed","Item (1) | Item (1)"
"d2e8c1e3-3833-4fde-bed9-5a1f6c05b11b","100672","2026-09-16T13:02:56.582Z","dine-in","Walk-in Guest","","","upi","74","4","0","78","completed","Item (1) | Item (1)"
"12ea6d04-0814-479b-ae9d-028e46f4e992","100671","2026-09-16T13:01:18.668Z","dine-in","Walk-in Guest","","","cash","198","10","0","208","completed","Item (2)"
"525f76e1-4385-4431-a57b-a29dcfe40ee8","100670","2026-09-16T12:55:46.236Z","dine-in","Walk-in Guest","","","upi","279","14","0","293","completed","Item (1)"
"458289fd-f4d5-445d-a5f7-95725b9fba10","100669","2026-09-16T12:34:42.627Z","takeaway","Walk-in Guest","","","upi","199","10","0","209","completed","Item (1)"
"90f4e907-8d0f-467a-8769-f5a3d1e2c175","100668","2026-09-16T12:29:31.389Z","dine-in","Walk-in Guest","","","upi","15","1","0","16","completed","Item (1)"
"cd7bc095-f960-483a-89f6-3a479300ea02","100667","2026-09-16T12:29:04.902Z","dine-in","Walk-in Guest","","","split","349","17","0","366","completed","Item (1)"
"091d3525-9ef0-4202-89b7-59bfedad2704","100666","2026-09-16T12:26:33.428Z","dine-in","Walk-in Guest","","","split","493.29","25","0","518","completed","Item (1) | Item (1) | Item (1)"
"2c2a5511-f6b8-467c-89f0-af43c34330f1","100665","2026-09-16T12:16:26.924Z","dine-in","Walk-in Guest","","","upi","438","22","0","460","completed","Item (1) | Item (1)"
"ad84c45a-eabe-4d13-ad35-e32bbb5830fe","100664","2026-09-16T12:12:55.509Z","dine-in","Walk-in Guest","","","cash","398","20","0","418","completed","Item (2)"
"cf4a37c4-16f2-4391-abdc-20c3dcc2fca7","100663","2026-09-16T11:54:15.904Z","takeaway","Walk-in Guest","","","upi","379","19","0","398","completed","Item (1)"
"9dcb807a-3aa7-45b6-8686-a9c7ea824b51","100662","2026-09-16T11:51:29.210Z","takeaway","Walk-in Guest","","","upi","449","22","0","471","completed","Item (1)"
"bb06e10e-b567-4471-8566-92ed744b1e6a","100661","2026-09-16T11:48:57.252Z","dine-in","Walk-in Guest","","","split","967","48","0","1015","completed","Item (1) | Item (1) | Item (4) | Item (1) | Item (1)"
"21fcbd9d-9a3f-473f-bbcf-8772c906893e","100660","2026-09-16T11:39:34.186Z","dine-in","Walk-in Guest","","","cash","398","20","0","418","completed","Item (1) | Item (1)"
"ce11f287-aa22-4796-87dc-d3239ecbf6a8","100659","2026-09-16T11:35:01.687Z","dine-in","Walk-in Guest","","","upi","267.58000000000004","13","0","281","completed","Item (2) | Item (1)"
"cb4a1f97-a277-42a6-91fa-a365c80511d9","100658","2026-09-16T11:29:16.140Z","takeaway","Walk-in Guest","","","complimentary","379","19","0","398","completed","Item (1)"
"607f805b-39da-488f-9961-4d1805723110","100657","2026-09-16T11:25:13.841Z","dine-in","Walk-in Guest","","","upi","117","6","0","123","completed","Item (3)"
"c0ac607f-3848-49e2-bb84-ff6711211dd4","100656","2026-09-16T11:11:39.897Z","dine-in","Walk-in Guest","","","split","1205","60","0","1265","completed","Item (1) | Item (1) | Item (1) | Item (1) | Item (1) | Item (1)"
"6aed7c7f-a55a-4787-b615-90d721830240","100655","2026-09-16T11:03:38.534Z","dine-in","Walk-in Guest","","","upi","394","20","0","414","completed","Item (1) | Item (3)"
"4a5fad80-9ac7-4392-aedb-a685046d7bf2","100654","2026-09-16T10:54:25.155Z","dine-in","Walk-in Guest","","","upi","777","39","0","816","completed","Item (1) | Item (1) | Item (1)"
"f2676bc7-2e28-4fda-b35c-f262428a09fc","100653","2026-09-16T09:54:15.204Z","takeaway","Walk-in Guest","","","upi","891.29","45","0","936","completed","Item (1) | Item (1) | Item (1) | Item (1)"
"50f8d880-141a-4848-a67d-27dbd2abaf9d","100652","2026-09-16T09:22:45.072Z","dine-in","Walk-in Guest","","","upi","1376.58","69","0","1446","completed","Item (1) | Item (2) | Item (1)"
"a8ad69e8-e15e-4bbf-a909-610be965b9ab","100651","2026-09-16T08:07:56.610Z","dine-in","Walk-in Guest","","","upi","15","1","0","16","completed","Item (1)"
"084c299c-1af3-4b97-b9c3-013f1babd85f","100650","2026-09-16T08:06:41.121Z","dine-in","Walk-in Guest","","","upi","15","1","0","16","completed","Item (1)"
"1a539db1-1a88-4a1f-9e62-d92e941bb793","100649","2026-09-16T08:02:08.139Z","dine-in","Walk-in Guest","","","upi","349","17","0","366","completed","Item (1)"
"d2e81906-9c3d-472b-bcdb-ad1310122857","100648","2026-09-16T07:40:40.827Z","dine-in","Walk-in Guest","","","upi","349","17","0","366","completed","Item (1)"
"fa97d909-2d07-47bb-8242-4b458967090c","100647","2026-09-16T06:37:35.675Z","dine-in","Walk-in Guest","","","upi","238","12","0","250","completed","Item (2) | Item (1)"
"40001931-ffe9-42b4-9ec3-b707010d8b35","100646","2026-09-16T06:27:41.832Z","dine-in","Walk-in Guest","","","upi","467","23","0","490","completed","Item (1) | Item (1) | Item (1)"
"dc576c2a-5f83-41ce-88e7-21bea370b138","100645","2026-09-15T17:18:55.204Z","dine-in","Walk-in Guest","","","upi","840","42","0","882","completed","Item (1)"
"f558eeab-3b29-4e39-8aa2-f4d29dea5092","100644","2026-09-15T16:39:15.674Z","dine-in","Walk-in Guest","","","card","678","34","0","712","completed","Item (1) | Item (1) | Item (1)"
"12337923-580e-4a58-86c2-5d7873d5a43e","100643","2026-09-15T16:35:23.699Z","dine-in","Walk-in Guest","","","upi","263.29","13","0","276","completed","Item (1) | Item (1)"
"e34cf308-801e-4135-bbd1-d9e9f3cd9aae","100642","2026-09-15T16:35:21.254Z","dine-in","Walk-in Guest","","","upi","263.29","13","0","276","completed","Item (1) | Item (1)"
"4ba0ba3e-0c19-4010-ae4b-d337d6a79026","100641","2026-09-15T16:34:16.704Z","dine-in","Walk-in Guest","","","upi","557","28","0","585","completed","Item (1) | Item (1) | Item (2)"
"a66d82cd-86fa-4655-bcd9-a8b7add9e136","100640","2026-09-15T16:30:13.534Z","takeaway","Walk-in Guest","","","upi","449","22","0","471","completed","Item (1)"
"946ea750-762f-4673-8a39-563d4f897aed","100639","2026-09-15T16:26:17.533Z","dine-in","Walk-in Guest","","","upi","59","3","0","62","completed","Item (1)"
"37f57252-4363-44ce-994a-bcb407bacb1b","100638","2026-09-15T15:57:41.351Z","dine-in","Walk-in Guest","","","upi","339","17","0","356","completed","Item (1) | Item (1)"
"d06b2953-9f30-4570-8c66-09502aff8016","100637","2026-09-15T15:30:29.510Z","takeaway","Walk-in Guest","","","upi","199","10","0","209","completed","Item (1)"
"060ec26b-10fc-4c43-8f3e-3120819836e0","100636","2026-09-15T15:20:43.889Z","dine-in","Walk-in Guest","","","upi","279","14","0","293","completed","Item (1)"
"305a62dd-23a8-44de-ab0b-5c0f2cc03acf","100635","2026-09-15T14:33:14.778Z","dine-in","Walk-in Guest","","","upi","90","5","0","95","completed","Item (1)"
"20e72b6a-df86-4be5-b276-9cb25c3a59cc","100634","2026-09-15T14:30:45.573Z","dine-in","Walk-in Guest","","","card","414","21","104","435","completed","Item (1) | Item (1) | Item (1)"
"7e1fe9a6-d6cb-4546-91ee-f16523708c9d","100633","2026-09-15T13:54:59.525Z","dine-in","Walk-in Guest","","","upi","399","20","0","419","completed","Item (1) | Item (1)"
"a9daa27f-84f9-4632-9d48-f70a3523408e","100632","2026-09-15T13:51:20.574Z","dine-in","Walk-in Guest","","","upi","648","32","0","680","completed","Item (1) | Item (1)"
"92fec677-5045-4ec6-871f-44e0355267ba","100631","2026-09-15T13:40:35.941Z","dine-in","Walk-in Guest","","","cash","857","43","0","900","completed","Item (1) | Item (1) | Item (2)"
"af465d56-e425-4dea-8ccd-d3da14a3e55c","100630","2026-09-15T13:38:43.402Z","dine-in","Walk-in Guest","","","upi","678","34","0","712","completed","Item (1) | Item (1) | Item (1)"
"2a2c393a-099f-4423-8e58-3205f9504fc4","100629","2026-09-15T11:42:28.090Z","dine-in","Walk-in Guest","","","upi","339","17","0","356","completed","Item (1) | Item (1)"
"688819b1-0715-43d6-86d3-a11e890f1268","100628","2026-09-15T11:41:02.365Z","dine-in","Walk-in Guest","","","upi","277","14","0","291","completed","Item (1) | Item (2)"
"c87aac24-9aec-4311-ae54-837e4058eb8d","100627","2026-09-15T11:39:05.756Z","dine-in","Walk-in Guest","","","upi","258","13","0","271","completed","Item (1) | Item (1)"
"756c20bc-c8e3-4ee4-bd1a-11551ddc167f","100626","2026-09-15T11:31:17.963Z","dine-in","Walk-in Guest","","","upi","504.29","25","0","529","completed","Item (1) | Item (1) | Item (1)"
"74d40ba9-9762-4590-b9c8-74ae457688ce","100625","2026-09-15T09:20:30.193Z","dine-in","Walk-in Guest","","","upi","99","5","0","104","completed","Item (1)"
"8a10ee2c-184f-4b53-a5c9-6f9e0bd1c858","100624","2026-09-15T07:32:32.835Z","dine-in","Walk-in Guest","","","cash","47","2","12","49","completed","Item (1)"
"cd149744-1fa7-4f75-a74b-b27ea098227c","100623","2026-09-15T06:40:41.023Z","takeaway","Walk-in Guest","","","upi","758","38","0","796","completed","Item (1) | Item (1) | Item (1)"
"d5f2ec88-01c0-4e3a-a7cf-91f973663e01","100622","2026-09-15T06:39:29.863Z","dine-in","Walk-in Guest","","","upi","319","16","0","335","completed","Item (1) | Item (1)"
"4a487d8a-b901-4e86-b354-21abcd413b96","100621","2026-09-15T05:56:05.706Z","dine-in","Walk-in Guest","","","upi","149","7","0","156","completed","Item (1) | Item (1)"
"3d3e4d05-4a9b-4f6b-ab60-84f24154b805","100620","2026-09-14T16:48:04.409Z","takeaway","Walk-in Guest","","","split","260","13","0","273","completed","Item (1) | Item (1)"
"52484a54-5d71-499e-adbe-49f1344f6c99","100619","2026-09-14T16:24:16.881Z","dine-in","Walk-in Guest","","","split","357","18","0","375","completed","Item (1) | Item (1) | Item (1)"
"e5af829e-8d5b-492e-ac14-5b0e0b86529a","100618","2026-09-14T15:46:56.623Z","dine-in","Walk-in Guest","","","upi","349","17","0","366","completed","Item (1)"
"c8942257-97f0-4317-bd72-6f0ab4989777","100617","2026-09-14T15:44:04.324Z","dine-in","Walk-in Guest","","","upi","451.29","23","0","474","completed","Item (1) | Item (1) | Item (1) | Item (1)"
"f7ec4312-c53d-4d34-9221-81aa055cd201","100616","2026-09-14T15:41:39.702Z","dine-in","Walk-in Guest","","","upi","796","40","199","836","completed","Item (1) | Item (1) | Item (1) | Item (1) | Item (2)"
"35339123-d9d5-438a-ab45-a36d206b3d9a","100615","2026-09-14T15:38:02.513Z","dine-in","Walk-in Guest","","","upi","532","27","133","559","completed","Item (1) | Item (1) | Item (1) | Item (1) | Item (1)"
"d7f6611e-5d6b-44f7-8405-42670c8117d1","100614","2026-09-14T15:30:57.812Z","dine-in","Walk-in Guest","","","upi","120","6","0","126","completed","Item (1)"
"342fbcb9-6c3e-4d65-a4fb-67e4cd4b43f0","100613","2026-09-14T15:28:29.668Z","takeaway","Walk-in Guest","","","upi","470","24","118","494","completed","Item (1) | Item (1) | Item (1)"
"0f8f6961-5186-4519-8419-62667b2a2ae9","100612","2026-09-14T14:33:51.025Z","dine-in","Walk-in Guest","","","upi","199","10","0","209","completed","Item (1)"
"e8b0f561-b131-48d3-a61a-737022fb3d5c","100611","2026-09-14T13:37:38.322Z","dine-in","Walk-in Guest","","","upi","329","16","0","345","completed","Item (1) | Item (1)"
"f8746727-880f-4369-9116-58581d9394d6","100610","2026-09-14T13:02:54.221Z","dine-in","Walk-in Guest","","","upi","661","33","165","694","completed","Item (1) | Item (1) | Item (1) | Item (2)"
"287edf74-255a-46d2-89c5-fb918d53a750","100609","2026-09-14T12:45:09.186Z","dine-in","Walk-in Guest","","","upi","650.29","33","162","683","completed","Item (1) | Item (1) | Item (1) | Item (1) | Item (1) | Item (1)"
"171da9e1-7b52-4e56-b9b6-5787ec12ef24","100608","2026-09-14T12:25:06.469Z","dine-in","Walk-in Guest","","","upi","471","24","118","495","completed","Item (1) | Item (1)"
"fd9b4667-46e1-49e4-a74b-451efc05d5d5","100607","2026-09-14T11:56:47.300Z","dine-in","Walk-in Guest","","","upi","537","27","0","564","completed","Item (1) | Item (1) | Item (1) | Item (1)"
"8caa3943-1586-4bcc-bdc3-3441d4b98f56","100606","2026-09-14T10:14:56.485Z","dine-in","Walk-in Guest","","","upi","419","21","0","440","completed","Item (1) | Item (1)"
"c6d843db-b9ed-4f44-bf1f-299e605cd792","100605","2026-09-14T09:24:42.087Z","dine-in","Walk-in Guest","","","upi","240","12","0","252","cancelled","Item (1)"
"c2210567-8d17-4fef-9765-9bf98e21849b","100604","2026-09-14T06:14:18.167Z","delivery","bala","9150031333","","Cashfree Gateway","15","0","0","13","cancelled","Item (1)"
"fa2aa670-2f7c-4707-9050-9e22d85a2c6e","100603","2026-09-13T17:14:10.935Z","dine-in","Walk-in Guest","","","upi","488","24","0","512","completed","Item (1) | Item (1) | Item (1) | Item (1)"
"23b7f655-cb4f-4526-8f22-313ea133542a","100602","2026-09-13T16:54:56.830Z","dine-in","Walk-in Guest","","","cash","310","16","0","326","completed","Item (1) | Item (1)"
"5fb0ca8e-00aa-4ab0-b731-cab1d7d6ca11","100601","2026-09-13T16:53:20.254Z","dine-in","Walk-in Guest","","","upi","2294","115","0","2409","completed","Item (1) | Item (1) | Item (1) | Item (1) | Item (2)"
"7765ab96-5f4a-4b09-93e5-804a81227262","100600","2026-09-13T16:30:32.776Z","dine-in","Walk-in Guest","","","split","457","23","0","480","completed","Item (1) | Item (1) | Item (1) | Item (1)"
"4f61fe9a-ce15-4cdf-9abe-7a8873c795ab","100599","2026-09-13T16:09:43.389Z","dine-in","Walk-in Guest","","","split","118","6","0","124","completed","Item (1) | Item (1)"
"92304d5e-9be7-47e1-88c1-7878b8ddd8ed","100598","2026-09-13T16:00:44.062Z","dine-in","Walk-in Guest","","","upi","114.29","6","0","120","completed","Item (1)"
"d8ed33d0-a562-4300-9c67-3a2157db26da","100597","2026-09-13T15:58:49.707Z","dine-in","Walk-in Guest","","","upi","569","28","0","597","completed","Item (1) | Item (1) | Item (1)"
"ea18d6d7-ec32-45f7-b702-12e639a2c1bc","100596","2026-09-13T15:46:02.230Z","dine-in","Walk-in Guest","","","cash","799","40","0","839","completed","Item (1)"
"c4763cae-3a8a-446c-b5e3-5d02f0573ba1","100595","2026-09-13T15:42:36.553Z","dine-in","Walk-in Guest","","","upi","90","5","0","95","completed","Item (1)"
"a58da477-1223-4ee4-b009-cab1c4952983","100594","2026-09-13T15:41:03.478Z","dine-in","Walk-in Guest","","","upi","348","17","0","365","completed","Item (1) | Item (1) | Item (1)"
"a964c5b2-b036-43c0-9d1d-8856919bb5ce","100593","2026-09-13T15:39:51.469Z","dine-in","Walk-in Guest","","","upi","895","45","0","940","completed","Item (1) | Item (1) | Item (1) | Item (1) | Item (1)"
"1a0a2519-70f9-4967-b667-db8f067b4b73","100592","2026-09-13T15:06:15.411Z","dine-in","Walk-in Guest","","","cash","379","19","0","398","completed","Item (1) | Item (1)"
"c82146b4-b5b6-4c8c-a95d-810837f8e142","100591","2026-09-13T15:00:52.236Z","dine-in","Walk-in Guest","","","upi","99","5","0","104","completed","Item (1)"
"1e7e47be-ebb0-4cc1-ab72-8fe18b2e1487","100590","2026-09-13T14:57:39.817Z","takeaway","Walk-in Guest","","","upi","280","14","0","294","completed","Item (1)"
"d48cd9b3-521e-4291-82d1-29fda75551a4","100589","2026-09-13T14:37:27.253Z","dine-in","Walk-in Guest","","","upi","240","12","0","252","completed","Item (1)"
"6703c2d9-f9cc-4c9d-8582-09c540e7bda2","100588","2026-09-13T14:35:02.889Z","dine-in","Walk-in Guest","","","upi","597","30","0","627","completed","Item (1) | Item (1) | Item (1) | Item (1)"
"e557608f-1561-420d-949b-14f02ec1a3fa","100587","2026-09-13T14:26:24.481Z","dine-in","Walk-in Guest","","","split","199","10","0","209","completed","Item (1)"
"941642a2-5e46-4020-aacb-43d055e1fa8a","100586","2026-09-13T14:19:33.787Z","dine-in","Walk-in Guest","","","upi","157","8","0","165","completed","Item (2) | Item (1)"
"8b3bb216-9718-4bc5-bf94-670802f26629","100585","2026-09-13T14:09:56.926Z","dine-in","Walk-in Guest","","","cash","114.29","6","0","120","completed","Item (1)"
"301c31c4-0daf-4071-ab3c-278b0eef28c3","100584","2026-09-13T14:03:33.301Z","dine-in","Walk-in Guest","","","upi","280","14","0","294","completed","Item (1)"
"a7e0f3a9-f2b8-447c-9490-00e342c7ed75","100583","2026-09-13T14:01:45.918Z","takeaway","Walk-in Guest","","","upi","547","27","0","574","completed","Item (1) | Item (1) | Item (1)"
"1cc3c943-2f4d-4ec2-ba62-4141f5be50e6","100582","2026-09-13T13:58:42.032Z","dine-in","Walk-in Guest","","","upi","462.29","23","0","485","completed","Item (1) | Item (1) | Item (1)"
"5033b00c-6a2c-4a15-9098-197e1c1120d4","100581","2026-09-13T13:56:20.725Z","dine-in","Walk-in Guest","","","split","448","22","0","470","completed","Item (1) | Item (1)"
"6cda40fa-24bc-41c2-a59e-c92a96da6b9d","100580","2026-09-13T13:53:50.370Z","takeaway","Walk-in Guest","","","upi","659","33","0","692","completed","Item (1) | Item (1) | Item (1)"
"e4905f90-b774-4081-8485-9eaa36f8cff5","100579","2026-09-13T13:51:31.411Z","dine-in","Walk-in Guest","","","upi","626.5799999999999","31","0","658","completed","Item (1) | Item (1) | Item (1) | Item (1)"
"a210671c-ee97-4a6c-b2ba-e407f2cbb5a6","100578","2026-09-13T13:37:45.010Z","dine-in","Walk-in Guest","","","upi","758","38","0","796","completed","Item (1) | Item (1) | Item (1) | Item (1)"
"ae46429d-6413-49fe-a823-7420bf17aaf5","100577","2026-09-13T12:14:34.184Z","dine-in","Walk-in Guest","","","upi","358","18","0","376","completed","Item (1) | Item (1) | Item (1)"
"724fed7f-22aa-4d1a-b93e-bed241101412","100576","2026-09-13T12:13:08.157Z","dine-in","Walk-in Guest","","","upi","656","33","0","689","completed","Item (1) | Item (1) | Item (1) | Item (1) | Item (1)"
"dee8c00c-f654-4850-968f-a5829964c5cf","100575","2026-09-13T11:04:18.902Z","dine-in","Walk-in Guest","","","split","298","15","0","313","completed","Item (1) | Item (1)"
"32752787-18da-4e63-8456-756a84f88d90","100574","2026-09-13T11:02:17.072Z","dine-in","Walk-in Guest","","","upi","349","17","0","366","completed","Item (1)"
"92fc94f8-d6a8-4f13-aee5-7acee2859bf6","100573","2026-09-13T09:25:32.849Z","dine-in","Walk-in Guest","","","upi","90","5","0","95","completed","Item (1)"
"87857092-5851-4690-bc64-c0ab7db2ccc9","100572","2026-09-13T08:56:35.025Z","dine-in","Walk-in Guest","","","card","140","7","0","147","completed","Item (1)"
"89b17ae1-e936-4a90-a048-50e819bd683b","100571","2026-09-13T08:55:30.097Z","dine-in","Walk-in Guest","","","card","528","26","0","554","completed","Item (1) | Item (1)"
"03060471-ae95-404b-b792-b8748bfe255a","100570","2026-09-13T08:49:41.900Z","dine-in","Walk-in Guest","","","upi","697","35","0","732","completed","Item (1) | Item (1) | Item (1)"
"0bdbff4e-8987-41f4-b8b0-bcbc1d042cd1","100569","2026-09-13T08:35:29.268Z","dine-in","Walk-in Guest","","","upi","149","7","0","156","completed","Item (1)"
"d9d733cc-e222-42be-be80-6bd66757b80a","100568","2026-09-13T07:40:14.364Z","dine-in","Walk-in Guest","","","upi","15","1","0","16","completed","Item (1)"
"bf510835-b790-4b4b-9af9-85897f57afee","100567","2026-09-13T07:37:15.018Z","dine-in","Walk-in Guest","","","upi","479","24","0","503","completed","Item (1) | Item (1)"
"78362a4e-a702-4a6c-b32c-f2a36ba8623a","100566","2026-09-13T07:16:51.245Z","dine-in","Walk-in Guest","","","upi","519","26","0","545","completed","Item (1) | Item (1) | Item (1)"
"ff1a03ec-58e0-4daa-8063-0fccf251c939","100565","2026-09-13T07:03:53.159Z","dine-in","Walk-in Guest","","","upi","219","11","0","230","completed","Item (1) | Item (1)"
"6b224ae0-790f-4e20-9163-6d0b78f6f388","100564","2026-09-12T17:19:05.651Z","dine-in","Walk-in Guest","","","upi","280","14","0","294","completed","Item (1)"
"051da025-ff32-4a1b-b070-66e10c61daca","100563","2026-09-12T16:59:19.110Z","dine-in","Walk-in Guest","","","split","114.29","6","0","120","completed","Item (1)"
"79024834-7a5e-46c7-9b11-c3d7e803ad27","100562","2026-09-12T16:56:14.646Z","dine-in","Walk-in Guest","","","upi","936","47","0","983","completed","Item (1) | Item (1) | Item (1) | Item (1) | Item (1)"
"c8a2291c-7827-46d8-85d7-23db1baf5b82","100561","2026-09-12T16:51:50.763Z","takeaway","Walk-in Guest","","","cash","280","14","0","294","completed","Item (1)"
"a9450a0c-644c-466b-8fa7-61661cc7763e","100560","2026-09-12T16:45:23.694Z","dine-in","Walk-in Guest","","","upi","1173","59","0","1232","completed","Item (1) | Item (1) | Item (1) | Item (1) | Item (5)"
"dcf302e5-24f2-40c3-a7a4-7837f46aad1c","100559","2026-09-12T16:41:43.091Z","takeaway","Walk-in Guest","","","upi","298","15","0","313","completed","Item (1) | Item (1)"
"6fb424b8-2df9-4a70-9678-2fbad11b51d2","100558","2026-09-12T16:37:48.435Z","dine-in","Walk-in Guest","","","upi","114.29","6","0","120","completed","Item (1)"
"ca8d5756-cf64-435e-94da-e29c8925e4b8","100557","2026-09-12T16:36:01.764Z","dine-in","Walk-in Guest","","","upi","611.29","31","0","642","completed","Item (1) | Item (1) | Item (1) | Item (1)"
"d7169a6d-447f-4bf1-b9d0-be1949c1bf3e","100556","2026-09-12T16:34:47.349Z","dine-in","Walk-in Guest","","","upi","747","37","0","784","completed","Item (1) | Item (1) | Item (1) | Item (1) | Item (1)"
"553db612-702e-4ad5-a09a-bbde83fda5dd","100555","2026-09-12T16:28:11.827Z","dine-in","Walk-in Guest","","","upi","538","27","0","565","completed","Item (1) | Item (1) | Item (1)"
"5d8d6f52-2d64-44d3-b70c-6e6503777538","100554","2026-09-12T16:10:20.794Z","dine-in","Walk-in Guest","","","split","199","10","0","209","completed","Item (1)"
"1a02831c-fc4e-42b1-8360-3cf141c3ccfe","100553","2026-09-12T16:01:57.630Z","dine-in","Walk-in Guest","","","card","199","10","0","209","completed","Item (1)"
"8dd70567-0d56-4682-85fa-45d6245b12ce","100552","2026-09-12T15:48:01.130Z","dine-in","Walk-in Guest","","","upi","1237","62","0","1299","completed","Item (1) | Item (1) | Item (1) | Item (1) | Item (1) | Item (1)"
"c99eba8a-3a0b-418e-a774-a481c9b03aaa","100551","2026-09-12T15:38:32.628Z","dine-in","Walk-in Guest","","","upi","59","3","0","62","completed","Item (1)"
"0e5c14ce-60b0-4943-a762-34a01dfda001","100550","2026-09-12T15:24:47.584Z","dine-in","Walk-in Guest","","","split","270","14","0","284","completed","Item (1)"
"f698f254-cb40-4d42-b31f-d5e64e0520c4","100549","2026-09-12T15:16:59.529Z","dine-in","Walk-in Guest","","","cash","270","14","0","284","completed","Item (1)"
"ac3af21b-d52a-47a1-a064-a197ec9aa851","100548","2026-09-12T15:06:26.715Z","dine-in","Walk-in Guest","","","upi","279","14","0","293","completed","Item (1)"
"65998367-cb8f-4755-9b8d-daa08c573a93","100547","2026-09-12T14:53:52.407Z","dine-in","Walk-in Guest","","","upi","427","21","0","448","completed","Item (1) | Item (2)"
"7c758799-57ab-4e1b-90d7-d4f49be1dae2","100546","2026-09-12T14:52:01.849Z","dine-in","Walk-in Guest","","","upi","452.29","23","0","475","completed","Item (1) | Item (1) | Item (1) | Item (1)"
"c8b42c11-1617-4094-aaad-15fd8bbea5d0","100545","2026-09-12T14:49:15.533Z","takeaway","Walk-in Guest","","","upi","805","40","0","845","completed","Item (1) | Item (1) | Item (1) | Item (1) | Item (1) | Item (1)"
"4c64641e-1bc3-4c61-97d4-b5fb7954cf13","100544","2026-09-12T14:39:18.687Z","dine-in","Walk-in Guest","","","card","799","40","0","839","completed","Item (1)"
"48495f46-27e1-46bc-b1c9-cde171f99538","100543","2026-09-12T14:32:29.924Z","dine-in","Walk-in Guest","","","upi","439","22","0","461","completed","Item (1) | Item (1)"
"70c0e677-9a40-484e-9f14-6a46e90f8683","100542","2026-09-12T14:31:21.598Z","dine-in","Walk-in Guest","","","upi","909","45","0","954","completed","Item (1) | Item (1) | Item (1)"
"53874e31-a189-406b-801b-ef7e404c44d6","100541","2026-09-12T14:23:38.307Z","dine-in","Walk-in Guest","","","upi","898","45","0","943","completed","Item (1) | Item (1)"
"f6eaec76-05c8-4302-9bf3-8fcbf349ae1d","100540","2026-09-12T14:18:04.020Z","dine-in","Walk-in Guest","","","split","397","20","0","417","completed","Item (1) | Item (1) | Item (1)"
"cf2409b5-1ddb-4496-a3e6-bd161cb99b73","100539","2026-09-12T14:13:38.245Z","dine-in","Walk-in Guest","","","upi","593.29","30","0","623","completed","Item (1) | Item (1) | Item (1)"
"a614137f-f08d-45ef-a63e-171d06f97f37","100538","2026-09-12T14:10:37.861Z","dine-in","Walk-in Guest","","","cash","467","23","0","490","completed","Item (1) | Item (1) | Item (2)"
"0b98d861-d01b-4c05-b4b6-4e53d6ec091d","100537","2026-09-12T14:01:50.049Z","dine-in","Walk-in Guest","","","upi","189","9","0","198","completed","Item (1) | Item (1)"
"2f60859c-df15-40d4-9d6e-40628de1e04a","100536","2026-09-12T13:59:06.035Z","dine-in","Walk-in Guest","","","split","117","6","0","123","completed","Item (3)"
"c15140b3-d46e-4101-a2b6-2906cd988364","100535","2026-09-12T13:41:45.775Z","dine-in","Walk-in Guest","","","upi","457","23","0","480","completed","Item (1) | Item (1) | Item (1)"
"0aa1cd1c-e4c3-4e27-ba8c-ba4118317284","100534","2026-09-12T13:35:29.560Z","dine-in","Walk-in Guest","","","upi","59","3","0","62","completed","Item (1)"
"27252ecf-fac6-4773-92b6-1fe2c8b9c777","100533","2026-09-12T13:29:19.863Z","dine-in","Walk-in Guest","","","upi","459","23","0","482","completed","Item (1) | Item (1) | Item (1)"
"3a98a2e3-5e87-4e34-a6ce-48d968be74ad","100532","2026-09-12T13:07:13.886Z","dine-in","Walk-in Guest","","","upi","438","22","0","460","completed","Item (1) | Item (1) | Item (1)"
"8ff4e95a-d5d6-4042-8893-26d4647c7b6f","100531","2026-09-12T12:49:48.176Z","dine-in","Walk-in Guest","","","cash","448","22","0","470","completed","Item (1) | Item (1)"
"ba940a02-0224-442a-b6a2-80a25663020f","100530","2026-09-12T12:43:44.470Z","dine-in","Walk-in Guest","","","upi","799","40","0","839","completed","Item (1)"
"b6960f3a-5387-4a9c-8a8f-a6b546c7a4ef","100529","2026-09-12T12:40:14.587Z","dine-in","Walk-in Guest","","","upi","398","20","0","418","completed","Item (1) | Item (1) | Item (1)"
"ddefa9b3-1729-42ec-964a-16ecc013a05f","100528","2026-09-12T12:09:03.107Z","dine-in","Walk-in Guest","","","upi","699","35","0","734","completed","Item (1)"
"497078f5-8e8a-48bf-a4db-7e4f5888a302","100527","2026-09-12T11:25:41.635Z","dine-in","Walk-in Guest","","","split","298","15","0","313","completed","Item (1) | Item (1) | Item (1)"
"4517dfaa-95ed-44ab-9aba-bfb9624ff347","100526","2026-09-12T10:25:37.076Z","dine-in","Walk-in Guest","","","upi","518","26","0","544","completed","Item (1) | Item (1) | Item (1)"
"5ca4de78-0b00-46f8-a848-41792b718c75","100525","2026-09-12T09:29:56.972Z","dine-in","Walk-in Guest","","","upi","70","4","0","74","completed","Item (1)"
"49468906-0db4-46e3-aea2-b1b2220cf7d6","100524","2026-09-12T09:23:05.435Z","dine-in","Walk-in Guest","","","split","114.29","6","0","120","completed","Item (1)"
"2b300574-d467-4d79-bd32-9e696745b90f","100523","2026-09-12T09:10:35.829Z","dine-in","Walk-in Guest","","","upi","687","34","0","721","completed","Item (1) | Item (1) | Item (1) | Item (1) | Item (1)"
"cf3b29a9-e203-4858-91d5-cd82b044ac78","100522","2026-09-12T08:56:40.779Z","dine-in","Walk-in Guest","","","split","120","6","0","126","completed","Item (1)"
"cf0002c9-08b3-46dd-90a0-a057d3a76258","100521","2026-09-12T08:37:30.167Z","dine-in","Walk-in Guest","","","upi","398","20","0","418","completed","Item (1) | Item (1)"
"b2cf7005-9f5b-413a-9f9c-ce3d1cbf4e3e","100520","2026-09-12T08:35:13.777Z","dine-in","Walk-in Guest","","","cash","199","10","0","209","completed","Item (1)"
"1dc89f29-0434-4e77-9619-d52f4a37265a","100519","2026-09-12T08:30:11.897Z","dine-in","Walk-in Guest","","","split","230","12","0","242","completed","Item (1) | Item (1)"
"6293ea78-5192-48d1-a097-37848ebb348a","100518","2026-09-12T08:12:38.040Z","dine-in","Walk-in Guest","","","upi","1368","68","0","1436","completed","Item (1) | Item (1) | Item (1)"
"092b4edf-146a-454b-998f-ea932755437f","100517","2026-09-11T16:46:44.219Z","dine-in","Walk-in Guest","","","cash","294.29","15","0","309","completed","Item (1) | Item (1)"
"a0203896-b6ff-43e4-a95d-8103dbb8d256","100516","2026-09-11T16:29:40.338Z","dine-in","Walk-in Guest","","","upi","439","22","0","461","completed","Item (1) | Item (1) | Item (1)"
"35d57a4b-6298-4ac9-80e7-8e2375b878f3","100515","2026-09-11T16:20:38.811Z","takeaway","Walk-in Guest","","","upi","360","18","0","378","completed","Item (1)"
"43569371-09b4-4d6c-999f-c5eb8c9bdde2","100514","2026-09-11T16:05:47.753Z","dine-in","Walk-in Guest","","","cash","199","10","0","209","completed","Item (1)"
"01aec8d9-6eba-44a7-af1e-77ca8cfae025","100513","2026-09-11T16:02:35.697Z","dine-in","Walk-in Guest","","","upi","199","10","0","209","completed","Item (1)"
"97cfe170-bf04-4388-b028-3bc450b4dc5e","100512","2026-09-11T16:01:32.112Z","dine-in","Walk-in Guest","","","split","398","20","0","418","completed","Item (1) | Item (1)"
"22949b14-5365-42d3-9510-c339f4f68e2b","100511","2026-09-11T15:59:18.253Z","dine-in","Walk-in Guest","","","cash","39","2","0","41","completed","Item (1)"
"daf22b62-35ab-4347-a2f6-d06a49599b76","100510","2026-09-11T15:57:38.952Z","dine-in","Walk-in Guest","","","upi","718","36","0","754","completed","Item (1) | Item (1) | Item (1) | Item (1)"
"0154fabd-3052-4713-82c5-37286a2bc8df","100509","2026-09-11T15:52:02.360Z","takeaway","Walk-in Guest","","","cash","1037","52","0","1089","completed","Item (1) | Item (1) | Item (1) | Item (1) | Item (1) | Item (1)"
"fe2e1140-09be-4701-950e-fd62d4d4c343","100508","2026-09-11T15:32:26.664Z","dine-in","Walk-in Guest","","","cash","578","29","0","607","completed","Item (1) | Item (1)"
"eec33ef8-762e-482f-902b-4034a72ab0b5","100507","2026-09-11T15:18:54.235Z","dine-in","Walk-in Guest","","","cash","700","35","0","735","completed","Item (1) | Item (1) | Item (1)"
"b03056e2-cbe4-4451-af21-f0c22186197a","100506","2026-09-11T15:16:30.032Z","dine-in","Walk-in Guest","","","cash","298","15","0","313","completed","Item (1) | Item (1)"
"146e7404-05c4-4e3d-849c-5dc29fe2b423","100505","2026-09-11T15:08:48.833Z","dine-in","Walk-in Guest","","","split","799","40","0","839","completed","Item (1)"
"3647182f-9cce-48ba-9658-6de2f851f7db","100504","2026-09-11T15:04:02.879Z","dine-in","Walk-in Guest","","","cash","756","38","0","794","completed","Item (1) | Item (1) | Item (1) | Item (2)"
"213cb7b1-5568-48c3-b7a5-70126cafeae1","100503","2026-09-11T14:58:34.891Z","dine-in","Walk-in Guest","","","upi","598","30","0","628","completed","Item (1) | Item (1) | Item (1) | Item (1)"
"b125c255-5e70-42fe-91ee-773e03d92d42","100502","2026-09-11T14:48:24.331Z","dine-in","Walk-in Guest","","","upi","449","22","0","471","completed","Item (1)"
"6c95e110-e277-44c9-9a25-36939a46c6d7","100501","2026-09-11T14:46:13.199Z","takeaway","Walk-in Guest","","","upi","758","38","0","796","completed","Item (1) | Item (1) | Item (1)"
"2c697d0e-a4d6-422c-a22c-fec83c848273","100500","2026-09-11T14:40:03.695Z","dine-in","Walk-in Guest","","","upi","149","7","0","156","completed","Item (1)"
"92f3dded-0c24-47c9-8b45-96b1c9bd5510","100499","2026-09-11T14:30:01.022Z","dine-in","Walk-in Guest","","","upi","280","14","0","294","completed","Item (1)"
"7c97b31e-3623-472d-a80c-347261c5c180","100498","2026-09-11T14:24:32.826Z","dine-in","Walk-in Guest","","","upi","418","21","0","439","completed","Item (1) | Item (1) | Item (1)"
"06ea292c-21d2-4790-8e02-a161952f2b97","100497","2026-09-11T14:19:22.324Z","dine-in","Walk-in Guest","","","upi","129","6","0","135","completed","Item (1) | Item (1)"
"bab16442-5b7f-4b26-ae8d-112010524d63","100496","2026-09-11T14:16:07.861Z","dine-in","Walk-in Guest","","","upi","587","29","0","616","completed","Item (1) | Item (1) | Item (1) | Item (1)"
"bb201b83-fb36-40e0-9b3f-aedad03fb2b8","100495","2026-09-11T14:07:08.101Z","dine-in","Walk-in Guest","","","upi","479","24","0","503","completed","Item (1) | Item (1)"
"947f552c-9b50-4537-bb7f-54493de8483e","100494","2026-09-11T13:50:25.262Z","dine-in","Walk-in Guest","","","cash","289","14","0","303","completed","Item (1) | Item (1)"
"a665cad5-0550-467b-a400-9b08fbf14613","100493","2026-09-11T13:41:19.000Z","dine-in","Walk-in Guest","","","upi","258","13","0","271","completed","Item (1) | Item (1)"
"0a8ef065-2bf3-4ff4-81d3-8da6bdd59bdf","100492","2026-09-11T13:34:15.053Z","dine-in","Walk-in Guest","","","upi","976","49","0","1025","completed","Item (2) | Item (1) | Item (1) | Item (1)"
"17cea76c-1e2b-404c-b68b-f83962567cc3","100491","2026-09-11T13:27:25.059Z","dine-in","Walk-in Guest","","","upi","149","7","0","156","completed","Item (1)"
"0060c68e-725d-4496-b041-7142ef103ba3","100490","2026-09-11T13:26:20.080Z","dine-in","Walk-in Guest","","","upi","319","16","0","335","completed","Item (1) | Item (1)"
"e9a54b33-a6fb-48fe-aa3f-9ff74dac8fff","100489","2026-09-11T13:21:04.000Z","dine-in","Walk-in Guest","","","cash","39","2","0","41","completed","Item (1)"
"e23e08fd-6068-4611-bd8e-76fe5ee1180c","100488","2026-09-11T13:19:52.439Z","dine-in","Walk-in Guest","","","card","698","35","0","733","completed","Item (1) | Item (1) | Item (1) | Item (1)"
"2a232954-3631-49fb-98f2-059f061d6482","100487","2026-09-11T12:14:39.894Z","dine-in","Walk-in Guest","","","upi","199","10","0","209","completed","Item (1)"
"ddc3a8db-3ccb-421f-a7a2-54ada6ba2a0e","100486","2026-09-11T12:06:03.549Z","dine-in","Walk-in Guest","","","upi","250.29000000000002","13","63","263","completed","Item (1) | Item (1)"
"71ecdfd7-2606-44e9-aba5-751fcce9ca60","100485","2026-09-11T11:49:03.033Z","dine-in","Walk-in Guest","","","upi","114.29","6","0","120","completed","Item (1)"
"f7bdbd17-6a10-42ad-ba22-8538097633e5","100484","2026-09-11T11:38:00.979Z","dine-in","Walk-in Guest","","","upi","369","18","0","387","completed","Item (1) | Item (1)"
"41ebcf70-d8fc-4942-87cf-3aef9595f64f","100483","2026-09-11T08:51:20.245Z","dine-in","Walk-in Guest","","","upi","199","10","0","209","completed","Item (1)"
"8fc4e317-cfc1-4976-9bf1-1a62b0b5dbd4","100482","2026-09-11T08:45:06.926Z","dine-in","Walk-in Guest","","","cash","418","21","0","439","completed","Item (1) | Item (1) | Item (1) | Item (1)"
"6255225c-c70a-4cdb-88ab-815aa15127e5","100481","2026-09-11T08:33:57.076Z","dine-in","Walk-in Guest","","","cash","114.29","6","0","120","completed","Item (1)"
"8104a059-e3ae-421b-bd26-dcf469a9cb34","100480","2026-09-11T08:21:26.404Z","dine-in","Walk-in Guest","","","upi","349","17","0","366","completed","Item (1)"
"8cb35399-8afd-4d9c-b184-0852197dfcf5","100479","2026-09-11T07:48:20.193Z","dine-in","Walk-in Guest","","","upi","269","13","0","282","completed","Item (1) | Item (1)"
"7a9f79a4-126b-4b71-8a19-f3e57d7fddf8","100478","2026-09-11T07:21:01.071Z","dine-in","Walk-in Guest","","","upi","120","6","0","126","completed","Item (1)"
"78a3b269-6913-41fe-9647-d992c893cdc3","100477","2026-09-11T07:20:03.445Z","dine-in","Walk-in Guest","","","upi","379","19","0","398","completed","Item (1) | Item (1)"
"98660faa-69ae-49e6-a287-be02e2393033","100476","2026-09-11T06:47:28.655Z","dine-in","Walk-in Guest","","","card","339","17","0","356","completed","Item (1) | Item (1)"
"d5638ab1-60a9-4e94-8e70-8b5534e1e5fc","100475","2026-09-10T16:01:14.196Z","dine-in","Walk-in Guest","","","cash","140","7","0","147","completed","Item (1)"
"072add66-bdae-435f-911a-9c270897e4a6","100474","2026-09-10T15:27:28.355Z","dine-in","Walk-in Guest","","","upi","559","28","0","587","completed","Item (1) | Item (1)"
"0d36d4c5-d13c-46bd-84e0-f184fcc564eb","100473","2026-09-10T15:20:41.468Z","dine-in","Walk-in Guest","","","upi","418","21","0","439","completed","Item (1) | Item (1) | Item (1)"
"e500441f-5d7f-48f8-ab02-9145f8ac1f1a","100472","2026-09-10T15:17:19.324Z","dine-in","Walk-in Guest","","","upi","416","21","0","437","completed","Item (1) | Item (2) | Item (1)"
"4d9500ab-8e33-46ae-9706-ac6ba258a63e","100471","2026-09-10T13:31:08.952Z","dine-in","Walk-in Guest","","","upi","149","7","0","156","completed","Item (1)"
"fa5e8cb1-e7f6-42bf-b7d5-cded680f59e9","100470","2026-09-10T13:24:13.447Z","dine-in","Walk-in Guest","","","upi","240","12","0","252","completed","Item (1)"
"26479358-5628-4322-b550-c2a3343a0c97","100469","2026-09-10T13:08:19.191Z","dine-in","Walk-in Guest","","","upi","349","17","0","366","completed","Item (1)"
"28e51c47-cba4-4638-a3b1-7f50eef5634b","100468","2026-09-10T13:05:39.444Z","dine-in","Walk-in Guest","","","card","537","27","0","564","completed","Item (1) | Item (1) | Item (1)"
"ce9c587c-b804-4cbb-8984-6db977c083fa","100467","2026-09-10T12:57:13.655Z","dine-in","Walk-in Guest","","","cash","898","45","0","943","completed","Item (1) | Item (1)"
"cfdd441e-359b-4975-a417-44ff2fbbda64","100466","2026-09-10T12:54:22.572Z","dine-in","Walk-in Guest","","","card","1230.29","62","0","1292","completed","Item (1) | Item (1) | Item (1) | Item (1) | Item (1) | Item (1) | Item (1)"
"e4a8a220-1639-483c-b918-ae578abcf242","100465","2026-09-10T12:49:39.573Z","dine-in","Walk-in Guest","","","card","918","46","0","964","completed","Item (1) | Item (1) | Item (1) | Item (1) | Item (1)"
"494f3518-3bf1-47ab-afec-7fcf9d4e8d40","100464","2026-09-10T12:22:45.444Z","dine-in","Walk-in Guest","","","upi","199","10","0","209","completed","Item (1)"
"efad6af8-6598-472f-8f74-32ddca29a5ef","100463","2026-09-10T12:16:38.568Z","dine-in","Walk-in Guest","","","upi","280","14","0","294","completed","Item (1)"
"781d5ba7-31ff-4eb9-a5eb-a3241c0280fd","100462","2026-09-10T11:56:10.274Z","dine-in","Walk-in Guest","","","cash","279","14","0","293","completed","Item (1)"
"973ada52-45d4-4a7d-863a-d8f9de80b97b","100461","2026-09-10T11:45:29.677Z","dine-in","Walk-in Guest","","","upi","199","10","0","209","completed","Item (1)"
"dc781fa9-a4a5-4a7b-9eae-449c45f1dff3","100460","2026-09-10T11:38:02.398Z","dine-in","Walk-in Guest","","","upi","199","10","0","209","completed","Item (1)"
"7082b8bb-fdbd-4d62-bb56-ee2b17485b25","100459","2026-09-10T11:24:50.721Z","dine-in","Walk-in Guest","","","upi","799","40","0","839","completed","Item (1)"
"e63b5a3e-bc59-49dc-8a38-3557faa24ca4","100458","2026-09-10T11:12:39.026Z","dine-in","Walk-in Guest","","","upi","799","40","0","839","completed","Item (1)"
"6441b67d-3660-467c-9505-8991aa4cc94d","100457","2026-09-10T09:11:59.351Z","dine-in","Walk-in Guest","","","card","479","24","0","503","completed","Item (1) | Item (1)"
"58e90c35-a79a-4f9a-b77d-549e7b49d198","100456","2026-09-10T08:12:28.686Z","dine-in","Walk-in Guest","","","cash","468","23","0","491","completed","Item (1) | Item (1) | Item (1)"
"01b2fdaa-9a06-46aa-af9d-43b218d6ab05","100455","2026-09-09T17:24:40.442Z","dine-in","Walk-in Guest","","","upi","318","16","0","334","completed","Item (2) | Item (1)"
"44a25215-fd57-43fc-a201-d884cbca1060","100454","2026-09-09T17:23:58.930Z","dine-in","Walk-in Guest","","","upi","199","10","0","209","completed","Item (1)"
"942de024-0ccc-46af-a9c0-f004ba44c8fa","100453","2026-09-09T17:17:07.797Z","dine-in","Walk-in Guest","","","upi","597","30","0","627","completed","Item (1) | Item (1) | Item (1)"
"bd7d0f9c-d4fc-4bb5-8e7f-b854e2632fd0","100452","2026-09-09T17:15:28.426Z","dine-in","Walk-in Guest","","","cash","284","14","0","298","completed","Item (1) | Item (1) | Item (1)"
"b15f431d-aea8-4ca9-ab0f-b4756c98f02a","100451","2026-09-09T17:14:37.101Z","dine-in","Walk-in Guest","","","cash","269","13","0","282","completed","Item (1) | Item (1)"
"7abe3030-74bd-4f29-98f4-73c0b2664703","100450","2026-09-09T17:08:48.878Z","takeaway","Walk-in Guest","","","upi","239","12","0","251","completed","Item (1) | Item (1)"
"b549b3b1-5418-474e-b45f-399df8acdffe","100449","2026-09-09T17:06:53.532Z","dine-in","Walk-in Guest","","","upi","117","6","0","123","completed","Item (3)"
"e0cdb1f9-d7a8-4c49-b813-05b67e8e7096","100448","2026-09-09T16:57:05.805Z","dine-in","Walk-in Guest","","","upi","449.28999999999996","22","112","471","completed","Item (1) | Item (1) | Item (1) | Item (1)"
"69a1e38b-7d47-4865-92ed-087cbff1a057","100447","2026-09-09T16:32:42.732Z","dine-in","Walk-in Guest","","","upi","99","5","0","104","completed","Item (1)"
"81f50a33-9bd1-40b6-9e5f-ed88023a61d9","100446","2026-09-09T16:32:06.568Z","dine-in","Walk-in Guest","","","upi","267","13","0","280","completed","Item (1) | Item (1) | Item (1)"
"eda7731a-0506-4344-a433-724b3f0253f1","100445","2026-09-09T16:25:25.123Z","takeaway","Walk-in Guest","","","upi","379","19","0","398","completed","Item (1)"
"631d260d-3703-44ae-85f3-c32ac5d5ea0e","100444","2026-09-09T16:13:32.003Z","dine-in","Walk-in Guest","","","upi","379","19","0","398","completed","Item (1)"
"4d4b999a-bb55-4396-937b-dd321a980acd","100443","2026-09-09T16:09:05.806Z","dine-in","Walk-in Guest","","","upi","696","35","0","731","completed","Item (1) | Item (1) | Item (1) | Item (1)"
"990d3d8f-08b1-43d5-aaee-4170e33bc69a","100442","2026-09-09T15:59:08.463Z","dine-in","Walk-in Guest","","","cash","747","37","0","784","completed","Item (1) | Item (1) | Item (1)"
"3e181a3b-a29e-47d3-a230-4ce489f76372","100441","2026-09-09T15:54:58.024Z","dine-in","Walk-in Guest","","","upi","842","42","0","884","completed","Item (1) | Item (1) | Item (1) | Item (1)"
"8c2cfb3c-ba4b-4545-bf1f-068056219287","100440","2026-09-09T15:35:17.489Z","dine-in","Walk-in Guest","","","upi","1344","67","0","1411","completed","Item (1) | Item (1) | Item (1) | Item (1) | Item (1) | Item (1)"
"d2a99a36-6d61-43fc-974a-8a576c907ed0","100439","2026-09-09T15:30:44.197Z","dine-in","Walk-in Guest","","","upi","45","2","0","47","completed","Item (3)"
"4945f369-8726-4827-9ae9-c5063753f622","100438","2026-09-09T15:26:18.115Z","dine-in","Walk-in Guest","","","upi","1017.29","51","0","1068","completed","Item (1) | Item (1) | Item (4) | Item (2)"
"cfcd66e4-819b-467e-8708-2d69365013a5","100437","2026-09-09T15:23:54.929Z","dine-in","Walk-in Guest","","","upi","349","17","0","366","completed","Item (1)"
"76585e21-785a-4f83-a15c-1f5de4196e1b","100436","2026-09-09T15:22:34.719Z","dine-in","Walk-in Guest","","","upi","379","19","0","398","completed","Item (1)"
"4beda59c-af27-4f69-bce2-a65c2b674937","100435","2026-09-09T15:18:26.777Z","dine-in","Walk-in Guest","","","upi","30","2","0","32","completed","Item (2)"
"45984cd1-88ee-44cc-a9e9-c8125974de96","100434","2026-09-09T15:16:55.292Z","takeaway","Walk-in Guest","","","upi","349","17","0","366","completed","Item (1)"
"005238a8-de65-4680-91f9-fa438f66bf04","100433","2026-09-09T15:15:12.195Z","dine-in","Walk-in Guest","","","upi","216","11","0","227","completed","Item (3) | Item (1)"
"2954a02a-6def-4483-8ff3-a58891271f85","100432","2026-09-09T15:13:56.645Z","takeaway","Walk-in Guest","","","upi","349","17","0","366","completed","Item (1)"
"e0e75944-9228-4574-b27d-d0e0a0200803","100431","2026-09-09T15:01:53.977Z","takeaway","Walk-in Guest","","","upi","199","10","0","209","completed","Item (1)"
"a138ac91-7a7d-4234-81db-d9115c214312","100430","2026-09-09T15:00:13.443Z","dine-in","Walk-in Guest","","","upi","617","31","0","648","completed","Item (1) | Item (1) | Item (1)"
"2c7e9d9d-bfc0-47f6-8ac8-9a31c5f5ff62","100429","2026-09-09T14:56:26.857Z","dine-in","Walk-in Guest","","","upi","449","22","0","471","completed","Item (1)"
"4974fbbc-ff79-456f-9229-822d56b64084","100428","2026-09-09T14:47:04.311Z","takeaway","Walk-in Guest","","","upi","589","29","0","618","completed","Item (1) | Item (1)"
"3f488e3b-8e19-4b5f-b9ac-59e5f0439ec7","100427","2026-09-09T14:45:05.110Z","dine-in","Walk-in Guest","","","upi","349","17","0","366","completed","Item (1)"
"2593f8a7-f452-4881-8df5-19f6686956de","100426","2026-09-09T14:43:47.863Z","dine-in","Walk-in Guest","","","upi","199","10","0","209","completed","Item (1)"
"7340c26f-6d84-4489-8651-37911a8a556e","100425","2026-09-09T14:42:31.626Z","dine-in","Walk-in Guest","","","upi","118","6","0","124","completed","Item (1) | Item (1)"
"a5cfd1a2-e006-4b1b-8e25-1d5a4acd579f","100424","2026-09-09T14:41:09.225Z","dine-in","Walk-in Guest","","","upi","349","17","0","366","completed","Item (1)"
"556ade2a-ce47-4d2e-8bd9-e4f33173e341","100423","2026-09-09T14:40:35.634Z","dine-in","Walk-in Guest","","","split","118","6","0","124","completed","Item (2)"
"6a6125d9-ddbb-4184-8a41-f3f6a7b88a37","100422","2026-09-09T14:39:11.735Z","takeaway","Walk-in Guest","","","cash","758","38","0","796","completed","Item (1) | Item (1) | Item (1) | Item (2)"
"f879ad4c-7405-47d0-a79b-f8d00041dc4a","100421","2026-09-09T14:35:47.075Z","dine-in","Walk-in Guest","","","upi","298","15","0","313","completed","Item (1) | Item (1)"
"e035dd5e-a485-4ddb-b7ec-4890354f3080","100420","2026-09-09T14:32:26.560Z","dine-in","Walk-in Guest","","","upi","78","4","0","82","completed","Item (2)"
"d9886b1c-b49e-4b27-a1df-7403910c1ea1","100419","2026-09-09T14:31:31.164Z","dine-in","Walk-in Guest","","","upi","379","19","0","398","completed","Item (1)"
"6d726335-252f-4155-9257-472e03d577a0","100418","2026-09-09T14:24:28.610Z","takeaway","Walk-in Guest","","","upi","728","36","0","764","completed","Item (1) | Item (1)"
"0fcfd344-d890-4d05-9194-191575925908","100417","2026-09-09T14:14:54.862Z","takeaway","Walk-in Guest","","","upi","379","19","0","398","completed","Item (1)"
"3080703a-4fe9-4b6c-a0b6-e187d4ae626a","100416","2026-09-09T14:11:42.915Z","dine-in","Walk-in Guest","","","upi","548","27","0","575","completed","Item (1) | Item (1)"
"0690d30a-ba5a-4cb7-9449-972a6afb35f0","100415","2026-09-09T14:08:29.041Z","dine-in","Walk-in Guest","","","upi","120","6","0","126","completed","Item (1)"
"44f32348-35f7-468d-a5dd-068c794f3dff","100414","2026-09-09T14:07:34.695Z","dine-in","Walk-in Guest","","","upi","349","17","0","366","completed","Item (1)"
"dfa09457-70aa-4540-9450-727193c8152e","100413","2026-09-09T14:06:54.875Z","dine-in","Walk-in Guest","","","upi","479","24","0","503","completed","Item (1) | Item (1)"
"25076e83-975f-4d5a-97d2-4364363b5207","100412","2026-09-09T14:05:13.484Z","dine-in","Walk-in Guest","","","upi","349","17","0","366","completed","Item (1)"
"fa0980ee-c266-4847-8cb1-3ef1d6e3c2e4","100411","2026-09-09T14:03:52.002Z","dine-in","Walk-in Guest","","","split","349","17","0","366","completed","Item (1)"
"b94b43ba-f1e2-4325-8c1d-2738d87044e9","100410","2026-09-09T14:01:50.247Z","dine-in","Walk-in Guest","","","upi","438","22","0","460","completed","Item (1) | Item (1)"
"d4f1d28b-f70a-44c2-a0bb-fdbf28a21b7e","100409","2026-09-09T13:59:36.896Z","dine-in","Walk-in Guest","","","upi","438","22","0","460","completed","Item (1) | Item (1)"
"0427ba91-aae6-49a9-b277-73623994a67a","100408","2026-09-09T13:54:26.124Z","dine-in","Walk-in Guest","","","split","349","17","0","366","completed","Item (1)"
"1064d73a-706a-44c9-8438-ffe69b10a378","100407","2026-09-09T13:51:05.387Z","dine-in","Walk-in Guest","","","cash","438","22","0","460","completed","Item (1) | Item (1)"
"b8bdff4c-523d-4cbf-a196-bc1aefdc7ed8","100406","2026-09-09T13:44:56.058Z","dine-in","Walk-in Guest","","","upi","349","17","0","366","completed","Item (1)"
"ffdb65e5-372f-4616-8501-9203633fe9ec","100405","2026-09-09T13:41:02.260Z","dine-in","Walk-in Guest","","","upi","578","29","0","607","completed","Item (1) | Item (1)"
"41b95cda-b2c1-44d9-b320-468177b36876","100404","2026-09-09T13:15:22.356Z","dine-in","Walk-in Guest","","","cash","349","17","0","366","completed","Item (1)"
"b9bbbf02-9e90-43ee-9f06-e6133f4cd2e9","100403","2026-09-09T13:14:32.632Z","dine-in","Walk-in Guest","","","cash","159","8","0","167","completed","Item (4) | Item (1)"
"fe52c1b5-efd6-484f-9209-d17f87c94250","100402","2026-09-09T12:46:36.385Z","dine-in","Walk-in Guest","","","upi","758","38","0","796","completed","Item (2)"
"1c44d509-d0d7-40ae-8201-928cf6ffa7d5","100401","2026-09-09T12:40:14.513Z","dine-in","Walk-in Guest","","","cash","379","19","0","398","completed","Item (1)"
"a0dbfdc9-e0e1-42fd-b351-a385184d5e06","100400","2026-09-09T12:39:54.109Z","dine-in","Walk-in Guest","","","upi","379","19","0","398","completed","Item (1)"
"d5556a29-ce13-4039-a3c0-a2f9e58b68cd","100399","2026-09-09T12:17:02.282Z","dine-in","Walk-in Guest","","","upi","30","2","0","32","completed","Item (2)"
"e4c23fde-4040-4a94-91cf-f07199b570e2","100398","2026-09-09T12:04:51.135Z","dine-in","Walk-in Guest","","","upi","349","17","0","366","completed","Item (1)"
"7eba29c5-3305-44d9-9841-cf504649b2fe","100397","2026-09-09T12:03:49.083Z","dine-in","Walk-in Guest","","","upi","499","25","0","524","completed","Item (1) | Item (1)"
"dca3d239-bcbb-4435-9486-91337b35a668","100396","2026-09-09T11:56:46.843Z","dine-in","Walk-in Guest","","","upi","120","6","0","126","completed","Item (1)"
"ba9dab00-7864-4aae-80a0-3dd9879aaf27","100395","2026-09-09T11:55:43.151Z","dine-in","Walk-in Guest","","","upi","438","22","0","460","completed","Item (1) | Item (1)"
"2286311b-35fd-4697-95a7-009c238950bc","100394","2026-09-09T11:53:16.784Z","dine-in","Walk-in Guest","","","upi","548","27","0","575","completed","Item (1) | Item (1)"
"e6c1b624-5a7b-451f-a025-c1e8c09343b1","100393","2026-09-09T11:40:52.007Z","dine-in","Walk-in Guest","","","cash","418","21","0","439","completed","Item (1) | Item (1) | Item (1) | Item (1)"
"ecd30228-ff43-48f5-a66e-d04ac8567787","100392","2026-09-09T11:10:31.845Z","dine-in","Walk-in Guest","","","upi","696","35","0","731","completed","Item (1) | Item (1) | Item (2)"
"b7cf2f2f-79f3-4efb-a088-20ba8934b394","100391","2026-09-09T11:09:03.945Z","dine-in","Walk-in Guest","","","upi","1745","87","0","1832","completed","Item (5)"
"18be2ee3-aa5b-4115-9a66-9766166bb13c","100390","2026-09-09T10:42:33.163Z","dine-in","Walk-in Guest","","","upi","78","4","0","82","completed","Item (2)"
"adb2ee36-b16f-4547-ac68-c0f2839f91ef","100389","2026-09-09T10:36:59.161Z","dine-in","Walk-in Guest","","","upi","518","26","0","544","completed","Item (1) | Item (1) | Item (1)"
"a5231c50-9ef1-4384-bf26-955bf1201cd3","100388","2026-09-09T10:05:14.477Z","dine-in","Walk-in Guest","","","upi","114.29","6","0","120","completed","Item (1)"
"3f564997-468c-445b-9c72-6926cb3afaa1","100387","2026-09-09T09:52:56.222Z","dine-in","Walk-in Guest","","","upi","15","1","0","16","completed","Item (1)"
"ab0a4013-beaf-4c12-86a0-77efff651469","100386","2026-09-09T09:46:57.561Z","dine-in","Walk-in Guest","","","upi","15","1","0","16","completed","Item (1)"
"fd60756b-4194-4e50-9c7c-1682bbc627b7","100385","2026-09-09T09:30:52.962Z","dine-in","Walk-in Guest","","","upi","699","35","0","734","completed","Item (1)"
"4af36f9f-7568-41bf-851c-6bf8bcc8676a","100384","2026-09-09T09:18:41.138Z","dine-in","Walk-in Guest","","","upi","379","19","0","398","completed","Item (1) | Item (2)"
"0d1fab77-5e4c-406a-ad86-874770f2b108","100383","2026-09-09T08:59:38.398Z","dine-in","Walk-in Guest","","","upi","240","12","0","252","completed","Item (2)"
"d8c7e006-6dee-4946-81d9-66a948d844a1","100382","2026-09-09T08:56:38.894Z","dine-in","Walk-in Guest","","","upi","349","17","0","366","completed","Item (1)"
"c8775853-b4d5-44d0-95b0-d737d8593932","100381","2026-09-09T08:22:36.863Z","takeaway","Walk-in Guest","","","upi","438","22","0","460","completed","Item (1) | Item (2)"
"c877db5f-c9e4-4775-b0b3-ca1f5348232c","100380","2026-09-09T08:14:55.849Z","dine-in","Walk-in Guest","","","upi","868","43","0","911","completed","Item (1) | Item (1) | Item (1)"
"ac64b145-8f6a-462f-b868-bc367a8a62ee","100379","2026-09-09T08:08:25.127Z","dine-in","Walk-in Guest","","","upi","30","2","0","32","completed","Item (2)"
"791935b4-e95e-4c31-b863-1349ce570fb0","100378","2026-09-09T08:01:34.982Z","dine-in","Walk-in Guest","","","cash","30","2","0","32","completed","Item (2)"
"96f81395-f561-4a04-a15b-e3d2e381eb46","100377","2026-09-09T07:34:04.573Z","dine-in","Walk-in Guest","","","upi","45","2","0","47","completed","Item (3)"
"3c05864f-4d06-4801-a84c-d3cea4a38e89","100376","2026-09-09T07:32:20.158Z","dine-in","Walk-in Guest","","","upi","349","17","0","366","completed","Item (1)"
"b6e4548b-3874-4bf3-a895-9775c5b58b29","100375","2026-09-09T07:31:08.156Z","dine-in","Walk-in Guest","","","upi","349","17","0","366","completed","Item (1)"
"22311459-f6d5-42dd-bca4-3d9968626f91","100374","2026-09-09T07:27:08.348Z","dine-in","Walk-in Guest","","","split","349","17","0","366","completed","Item (1)"
"6e974ef5-bb9d-40f2-a961-9c991b3fca34","100373","2026-09-09T07:24:51.537Z","takeaway","Walk-in Guest","","","upi","299","15","0","314","completed","Item (1) | Item (1)"
"95588917-9c3c-47c2-a75d-fa657c7e3851","100372","2026-09-08T17:30:52.864Z","dine-in","Walk-in Guest","","","cash","398","20","0","418","completed","Item (2)"
"16b5b204-826d-4241-b7cd-57fc9b1e426a","100371","2026-09-08T17:15:16.415Z","dine-in","Walk-in Guest","","","cash","289","14","0","303","completed","Item (1) | Item (1)"
"de7eb748-1edd-45b3-bb5e-06c9fa7c1528","100370","2026-09-08T16:40:05.104Z","dine-in","Walk-in Guest","","","card","577","29","0","606","completed","Item (1) | Item (1) | Item (1) | Item (2)"
"c1880523-532c-41a5-a9b4-0c9a828d8291","100369","2026-09-08T16:19:58.353Z","dine-in","Walk-in Guest","","","upi","1244","62","311","1306","completed","Item (1) | Item (1) | Item (1) | Item (1) | Item (1) | Item (1)"
"122acf9e-90ab-4c9c-a5f9-e83a5338e617","100368","2026-09-08T15:49:53.097Z","dine-in","Walk-in Guest","","","card","199","10","0","209","completed","BBQ Gyro (1)"
"c69e0aab-4d94-4d1a-984d-d685b61aff63","100367","2026-09-08T15:26:12.350Z","takeaway","Walk-in Guest","","","upi","719","36","0","755","completed","Item (1) | Item (1)"
"fcbe6d2a-5d5a-4cda-8d92-b6a3b723fb28","100366","2026-09-08T15:09:08.064Z","dine-in","Walk-in Guest","","","split","199","10","0","209","completed","Item (1)"
"9357b274-8e7a-40db-98b7-d5a8727f6834","100365","2026-09-08T15:07:53.339Z","dine-in","Walk-in Guest","","","cash","2095","105","0","2200","completed","Item (1) | Item (2) | Item (1) | Item (1)"
"8d6877e5-24b9-4c44-860b-73c099e2a4f4","100364","2026-09-08T15:00:58.396Z","dine-in","Walk-in Guest","","","upi","140","7","0","147","completed","Item (1)"
"fa7ce2b1-6c7a-44f0-8bbe-f09ed1bbf9f4","100363","2026-09-08T15:00:13.273Z","takeaway","Walk-in Guest","","","upi","199","10","0","209","completed","Item (1)"
"573f116a-4133-4ebf-8cc4-a377c78f7ae0","100362","2026-09-08T14:52:54.929Z","dine-in","Walk-in Guest","","","upi","398","20","0","418","completed","Item (2)"
"10fc8fe0-00ea-45de-ba7c-3d583a58dd3f","100361","2026-09-08T14:33:43.239Z","dine-in","Walk-in Guest","","","upi","497","25","0","522","completed","Item (2) | Item (1)"
"11a33065-1b42-40b6-9d95-2d653ae3c11d","100360","2026-09-08T14:25:25.528Z","dine-in","Walk-in Guest","","","cash","449","22","0","471","completed","Item (1)"
"813a36f4-d165-4a99-8294-b8876d228576","100359","2026-09-08T13:58:18.990Z","dine-in","Walk-in Guest","","","upi","1138","57","0","1195","completed","Item (1) | Item (1) | Item (1)"
"745d6637-dba4-4721-8e47-f67190e5e02d","100358","2026-09-08T13:34:15.258Z","dine-in","Walk-in Guest","","","cash","557","28","0","585","completed","Item (1) | Item (1) | Item (2)"
"9a4def0a-8c69-489a-86c8-da1c5480fbc7","100357","2026-09-08T12:02:16.454Z","takeaway","Walk-in Guest","","","upi","199","10","0","209","completed","Item (1)"
"d11b84b3-b5e1-411a-9379-bafc57e3cb2b","100356","2026-09-08T11:53:22.652Z","dine-in","Walk-in Guest","","","cash","180","9","0","189","completed","Item (1)"
"cb0bcd31-f302-4e76-b665-6f7bb8af2713","100355","2026-09-08T11:35:59.251Z","dine-in","Walk-in Guest","","","upi","379","19","0","398","completed","Item (1) | Item (1)"
"0bdabf16-b9fc-4c6c-8d94-c226e9ed8894","100354","2026-09-08T10:34:43.158Z","dine-in","Walk-in Guest","","","cash","799","40","0","839","completed","Item (1)"
"7dfb834a-aad9-4e60-8ce0-3b4614be6f55","100353","2026-09-08T09:46:38.417Z","dine-in","Walk-in Guest","","","upi","280","14","0","294","completed","Item (1)"
"d33003ea-17ac-4e49-a243-08abbf0db8e2","100352","2026-09-08T09:07:01.222Z","dine-in","Walk-in Guest","","","card","548","27","0","575","completed","Item (1) | Item (1)"
"8283a8a9-cead-4135-ac03-66c33cf41052","100351","2026-09-08T08:11:44.846Z","dine-in","Walk-in Guest","","","upi","799","40","0","839","completed","Item (1)"
"56946eab-1aa8-4b9d-93e2-b35b652b5c90","100350","2026-09-08T07:16:27.195Z","dine-in","Walk-in Guest","","","cash","1397","70","0","1467","cancelled","Item (1) | Item (1) | Item (1) | Item (1) | Item (1) | Item (2)"
"91cf674b-c06e-4e48-9149-59c6b99a411d","100349","2026-09-08T07:01:35.435Z","dine-in","Walk-in Guest","","","cash","799","40","0","839","completed","Item (1)"
"66acfc36-a846-447d-854d-079d7f140382","100348","2026-09-07T16:42:26.155Z","dine-in","Walk-in Guest","","","cash","59","3","0","62","completed","Item (1)"
"9953782d-4135-4ec7-8c34-9594ad6c7601","100347","2026-09-07T16:13:25.602Z","dine-in","Walk-in Guest","","","upi","199","10","0","209","completed","Item (1)"
"faba451d-ee22-481a-97f1-5b18ada2ed85","100346","2026-09-07T16:06:24.803Z","dine-in","Walk-in Guest","","","upi","547","27","0","574","completed","Item (1) | Item (1) | Item (1) | Item (2)"
"3ddc489c-d03f-4409-9864-da09a81d2063","100345","2026-09-07T15:48:08.832Z","takeaway","Walk-in Guest","","","card","270","14","0","284","completed","Item (1)"
"b9e9bc58-ecd7-4b75-bab8-cfb1380d67f5","100344","2026-09-07T15:32:00.690Z","takeaway","Walk-in Guest","","","upi","468","23","0","491","completed","Item (1) | Item (1) | Item (1)"
"5fc79b60-5772-494a-bbca-7bc340a4a7b7","100343","2026-09-07T15:31:01.905Z","takeaway","Walk-in Guest","","","upi","379","19","0","398","completed","Item (1) | Item (1)"
"2ece8faf-57cf-4001-9b0d-258e76ba32ba","100342","2026-09-07T15:29:40.358Z","dine-in","Walk-in Guest","","","upi","199","10","0","209","completed","Item (1)"
"866a350d-dd2e-47ad-b0cc-401f5b811afb","100341","2026-09-07T15:28:23.413Z","dine-in","Walk-in Guest","","","card","199","10","0","209","completed","Item (1)"
"9eeffdf4-49d8-47b0-98b3-8facfba66c1b","100340","2026-09-07T15:18:01.231Z","dine-in","Walk-in Guest","","","cash","518","26","0","544","completed","Item (1) | Item (1) | Item (1)"
"cc9a9841-f7e4-4f95-91b9-f84d85801754","100339","2026-09-07T15:11:42.876Z","dine-in","Walk-in Guest","","","upi","449","22","0","471","completed","Item (1)"
"155e4b27-ebbb-4507-bb8f-ec74e64cf37a","100338","2026-09-07T15:10:25.108Z","takeaway","Walk-in Guest","","","upi","1748","87","0","1835","completed","Item (1) | Item (1)"
"82348f24-d748-4f14-ba71-0b726f70df06","100337","2026-09-07T15:03:47.677Z","dine-in","Walk-in Guest","","","upi","578","29","0","607","completed","Item (1) | Item (1) | Item (1)"
"7d7b9b5c-4e45-4436-af2c-3ad58becf95d","100336","2026-09-07T14:44:58.945Z","dine-in","Walk-in Guest","","","card","558","28","0","586","completed","Item (1) | Item (1)"
"756e9b67-bd5f-4792-a0ff-f5e50adaf2a8","100335","2026-09-07T14:42:39.911Z","dine-in","Walk-in Guest","","","cash","449","22","0","471","completed","Item (1)"
"12ec1ba0-a6e0-4e8e-a1aa-e3f0229d874d","100334","2026-09-07T13:58:52.492Z","dine-in","Walk-in Guest","","","upi","438","22","0","460","completed","Item (1) | Item (1) | Item (1)"
"4999c884-d598-4dbf-8441-efb1f578dbfe","100333","2026-09-07T13:58:05.462Z","dine-in","Walk-in Guest","","","card","467","23","0","490","completed","Item (1) | Item (1) | Item (1)"
"c27e2722-6e06-4456-aed4-8fd501594b09","100332","2026-09-07T13:48:06.597Z","takeaway","Walk-in Guest","","","cash","280","14","0","294","completed","Item (1)"
"6134f0ec-4b96-4c4b-8aaa-f223f6d7b883","100331","2026-09-07T11:00:25.574Z","dine-in","Walk-in Guest","","","upi","449","22","0","471","completed","Item (1)"
"78f9987e-0b77-4ab9-93ba-df60c3bb359e","100330","2026-09-07T10:52:51.760Z","dine-in","Walk-in Guest","","","upi","398","20","0","418","completed","Item (2)"
"10a9390f-ef2a-4a55-971e-d592a2316734","100329","2026-09-07T10:40:23.672Z","dine-in","Walk-in Guest","","","upi","747","37","0","784","completed","Item (1) | Item (1) | Item (1) | Item (1) | Item (1) | Item (1)"
"931efced-f184-45a3-b88f-b38f30eac1ae","100328","2026-09-07T10:37:49.967Z","dine-in","Walk-in Guest","","","upi","449","22","0","471","completed","Item (1)"
"24a25483-2ce3-4d82-a405-bfcbe437fb2f","100327","2026-09-07T10:37:16.283Z","dine-in","Walk-in Guest","","","upi","173.29000000000002","9","0","182","completed","Item (1) | Item (1)"
"95009031-cb60-4184-bd05-ffb8f14b0b32","100326","2026-09-07T10:36:51.890Z","dine-in","Walk-in Guest","","","upi","359","18","0","377","completed","Item (1) | Item (1) | Item (1)"
"cdb45868-dd99-4347-8a7e-501f46cfe6bd","100325","2026-09-07T10:36:21.712Z","dine-in","Walk-in Guest","","","upi","280","14","0","294","completed","Item (1)"
"640bbb12-5d23-434f-b63c-39fc53396355","100324","2026-09-07T10:35:51.930Z","dine-in","Walk-in Guest","","","upi","120","6","0","126","completed","Item (1)"
"cb5daebd-5a6e-4d12-aab6-17c64db8e59d","100323","2026-09-07T10:35:30.158Z","dine-in","Walk-in Guest","","","cash","547","27","0","574","completed","Item (1) | Item (1) | Item (1)"
"a160672b-e2bd-497e-8daa-f2285cb1e411","100322","2026-09-06T16:13:18.561Z","dine-in","Walk-in Guest","","","upi","419","21","0","440","completed","Item (1) | Item (1)"
"d7efe2c9-fc7b-473c-81bd-3df014e92e80","100321","2026-09-06T16:08:09.193Z","dine-in","Walk-in Guest","","","upi","199","10","0","209","completed","Item (1)"
"95590efe-dce5-4a23-bab8-25e596a2b240","100320","2026-09-06T15:59:20.633Z","dine-in","Walk-in Guest","","","cash","90","5","0","95","completed","Item (1)"
"ebc0152a-1f8a-4f66-8153-205e76e653c6","100319","2026-09-06T15:56:31.793Z","dine-in","Walk-in Guest","","","cash","180","9","0","189","completed","Item (1)"
"c0b5cabd-3f5a-416c-9d6b-55dfddd99ec5","100318","2026-09-06T15:22:56.419Z","dine-in","Walk-in Guest","","","split","988","49","0","1037","completed","Item (1) | Item (1) | Item (1)"
"a5c8fc27-a6e5-4177-802b-180c3047f834","100317","2026-09-06T15:10:14.643Z","dine-in","Walk-in Guest","","","upi","658","33","0","691","completed","Item (1) | Item (1) | Item (1) | Item (1)"
"d1025c6b-f865-4fc4-8200-e668773d9bc1","100316","2026-09-06T15:07:08.815Z","takeaway","Walk-in Guest","","","upi","300","15","0","315","completed","Item (1) | Item (1)"
"a68340fe-4d43-4a06-b40b-b27487e9f982","100315","2026-09-06T15:06:03.928Z","dine-in","Walk-in Guest","","","card","228.58","11","0","240","completed","Item (2)"
"d6218fb9-37ad-4230-a708-d206be7002aa","100314","2026-09-06T15:05:09.000Z","dine-in","Walk-in Guest","","","upi","578","29","0","607","completed","Item (1) | Item (1)"
"29f48aa2-e13e-4a22-b641-e4cd255b5788","100313","2026-09-06T15:02:29.210Z","dine-in","Walk-in Guest","","","upi","1049","52","0","1101","completed","Item (1)"
"54f47ddf-46ed-414f-acca-ea67ba878422","100312","2026-09-06T15:00:26.066Z","dine-in","Walk-in Guest","","","upi","39","2","0","41","completed","Item (1)"
"196760cd-54a7-4a19-b357-7c2802a0a5e6","100311","2026-09-06T14:45:49.966Z","dine-in","Walk-in Guest","","","upi","768","38","0","806","completed","Item (1) | Item (1) | Item (1)"
"1d80da06-fe6a-46bd-bfa3-b8dd7344f456","100310","2026-09-06T14:40:41.755Z","dine-in","Walk-in Guest","","","split","258","13","0","271","completed","Item (1) | Item (1)"
"eb54b717-9f99-4426-a2f9-4e68dd0db951","100309","2026-09-06T14:38:41.574Z","dine-in","Walk-in Guest","","","upi","629","31","0","660","completed","Item (1) | Item (1)"
"46b1fb4b-77d4-4033-aff4-8c2c1ccf71f2","100308","2026-09-06T14:27:59.779Z","dine-in","Walk-in Guest","","","upi","519","26","0","545","completed","Item (1) | Item (1)"
"e415fb50-6dd9-40f3-b2e8-b53549c4aa30","100307","2026-09-06T14:26:36.752Z","dine-in","Walk-in Guest","","","upi","199","10","0","209","completed","Item (1)"
"dc4523f6-7b22-4899-8a93-d6e5c19c0d96","100306","2026-09-06T14:11:19.686Z","dine-in","Walk-in Guest","","","upi","459","23","0","482","completed","Item (1) | Item (1) | Item (1)"
"3c878ef8-cce4-4ec8-ab03-9ffdcf961d31","100305","2026-09-06T14:06:19.600Z","dine-in","Walk-in Guest","","","cash","478","24","0","502","completed","Item (1) | Item (1) | Item (1)"
"aa87f9ca-93d3-4156-a613-b196102bafd8","100304","2026-09-06T13:42:33.034Z","dine-in","Walk-in Guest","","","cash","140","7","0","147","completed","Item (1)"
"9ff2187a-5d80-42d7-81fb-b2b60d27a9ff","100303","2026-09-06T13:23:42.654Z","dine-in","Walk-in Guest","","","split","1018","51","0","1069","completed","Item (1) | Item (1) | Item (1)"
"f5b6a249-4cf5-465f-ae19-aa4416a953d5","100302","2026-09-06T13:18:54.334Z","dine-in","Walk-in Guest","","","cash","877","44","0","921","completed","Item (1) | Item (1) | Item (2)"
"8b5b3204-736a-44f1-9658-816bf8d44751","100301","2026-09-06T13:09:26.718Z","dine-in","Walk-in Guest","","","cash","448","22","0","470","completed","Item (1) | Item (1)"
"175c8915-1609-4c60-b9e8-d322b61c4aa5","100300","2026-09-06T13:07:12.854Z","dine-in","Walk-in Guest","","","upi","699","35","0","734","completed","Item (1)"
"49b5b332-936e-4be2-8e8b-4de4a9c64fa1","100299","2026-09-06T12:58:37.257Z","dine-in","Walk-in Guest","","","cash","90","5","0","95","completed","Item (1)"
"261717b5-dd9f-4c1e-b896-729c4606a148","100298","2026-09-06T12:47:34.051Z","dine-in","Walk-in Guest","","","cash","357","18","0","375","completed","Item (1) | Item (2)"
"4c7a567a-62cd-4eb4-b852-e7acbeb3bc8c","100297","2026-09-06T11:53:08.205Z","dine-in","Walk-in Guest","","","split","366","18","91","384","completed","Item (1) | Item (1) | Item (1)"
"301a8797-df87-4d6b-a25c-2361b12f5cdf","100296","2026-09-06T11:21:47.088Z","dine-in","Walk-in Guest","","","cash","240","12","0","252","completed","Item (1)"
"59294987-af78-4f95-b676-0494626ddb44","100295","2026-09-06T10:59:51.732Z","dine-in","Walk-in Guest","","","upi","15","1","0","16","completed","Item (1)"
"f70608e7-083a-4b9c-a1a5-3419de13d901","100294","2026-09-06T10:37:48.438Z","dine-in","Walk-in Guest","","","cash","180","9","0","189","completed","Item (1)"
"9327bf88-7220-4851-96e9-8ba104587ab6","100293","2026-09-06T10:34:08.763Z","dine-in","Walk-in Guest","","","cash","629","31","0","660","completed","Item (1) | Item (1)"
"0ee5dadc-1f20-4a0c-85fb-91863580713e","100292","2026-09-06T10:30:03.611Z","dine-in","Walk-in Guest","","","cash","848","42","0","890","completed","Item (1) | Item (1)"
"6ed7db8c-2eca-43d9-8656-b656178facf0","100291","2026-09-06T10:07:46.969Z","dine-in","Walk-in Guest","","","upi","91.29","5","23","96","completed","Item (1)"
"2ad17207-06fc-441d-9c8d-594af4834fba","100290","2026-09-06T07:40:46.837Z","dine-in","Walk-in Guest","","","cash","159","8","0","167","completed","Item (1) | Item (1)"
"0fe468cd-383d-4dab-bc40-9a8b69e370f9","100289","2026-09-06T07:07:54.776Z","dine-in","Walk-in Guest","","","cash","59","3","0","62","completed","Item (1)"
"0b80505d-49c7-423c-9ff9-a6d62b8308f7","100288","2026-09-06T06:30:29.220Z","dine-in","Walk-in Guest","","","cash","895","45","0","940","completed","Item (1) | Item (1) | Item (1) | Item (2) | Item (2) | Item (1) | Item (1)"
"4d461cc2-a646-46fc-bc38-d9f6139af850","100287","2026-09-06T06:14:13.439Z","dine-in","Walk-in Guest","","","upi","1156","58","0","1214","completed","Item (1) | Item (1) | Item (1) | Item (1) | Item (1)"
"14f33639-bc7a-4fba-94fe-c428db8c2f73","100286","2026-09-05T18:09:35.193Z","dine-in","Walk-in Guest","","","upi","78","4","0","82","completed","Item (2)"
"53b8f0d3-c21a-4e18-8a0f-94ea06a220c9","100285","2026-09-05T17:09:50.760Z","takeaway","Walk-in Guest","","","upi","149","7","0","156","completed","Item (1)"
"16cb9307-920b-4976-990e-85a111a4452a","100284","2026-09-05T17:01:01.771Z","dine-in","Walk-in Guest","","","cash","114.29","6","0","120","completed","Item (1)"
"2d2431d2-ddc7-4156-9ffa-7c8a9dbdf54b","100283","2026-09-05T16:53:10.077Z","dine-in","Walk-in Guest","","","cash","149","7","0","156","completed","Item (1)"
"6c0b090c-baf9-4034-91f6-1e09de30ce94","100282","2026-09-05T16:52:22.434Z","dine-in","Walk-in Guest","","","upi","938","47","0","985","completed","Item (1) | Item (2) | Item (1)"
"b97500be-111b-4009-91f4-c677b7bca3aa","100281","2026-09-05T16:37:14.843Z","dine-in","Walk-in Guest","","","split","399","20","0","419","completed","Item (1) | Item (1) | Item (1) | Item (1)"
"3933f1f4-0881-4d14-a1a4-b4ca691c7687","100280","2026-09-05T16:35:21.196Z","dine-in","Walk-in Guest","","","upi","1368","68","0","1436","completed","Item (1) | Item (1) | Item (1)"
"bc5f231b-e60a-4f45-932a-23d6c55d894b","100279","2026-09-05T16:33:12.312Z","dine-in","Walk-in Guest","","","cash","906","45","0","951","completed","Item (1) | Item (1) | Item (1) | Item (1) | Item (1) | Item (1)"
"934cb56f-56ca-4304-90a9-c9b5a3b9ea3c","100278","2026-09-05T16:31:23.568Z","dine-in","Walk-in Guest","","","upi","838","42","0","880","completed","Item (1) | Item (1) | Item (1)"
"f3b06d30-1763-4271-b5e2-69fc6f046f13","100277","2026-09-05T16:27:30.240Z","dine-in","Walk-in Guest","","","upi","689","34","0","723","completed","Item (1) | Item (1)"
"e6bd3ca3-50ce-4b0d-9370-0fb7840be660","100276","2026-09-05T16:14:00.520Z","dine-in","Walk-in Guest","","","upi","177","9","0","186","completed","Item (1) | Item (2)"
"2f023243-ca44-4f6a-b9d9-563917dbaf6c","100275","2026-09-05T16:08:11.221Z","dine-in","Walk-in Guest","","","upi","192.29000000000002","10","0","202","completed","Item (1) | Item (2)"
"99934813-1286-41be-be1e-62cc6494d12c","100274","2026-09-05T15:48:42.113Z","dine-in","Walk-in Guest","","","upi","738","37","0","775","completed","Item (1) | Item (1) | Item (1)"
"c1a39d8c-f519-4119-972a-e589c01657a3","100273","2026-09-05T15:44:30.263Z","dine-in","Walk-in Guest","","","upi","158","8","0","166","completed","Item (1) | Item (1)"
"c1a7c2d6-6577-4ec1-ae2b-a4b60df27fd0","100272","2026-09-05T15:40:46.660Z","dine-in","Walk-in Guest","","","upi","298","15","0","313","completed","Item (1) | Item (1)"
"ecdeb109-2791-4384-a706-fb1a842fcf85","100271","2026-09-05T15:38:06.559Z","dine-in","Walk-in Guest","","","upi","539","27","0","566","completed","Item (1) | Item (1)"
"8a593da9-a710-46e7-a7a5-9242a023fd50","100270","2026-09-05T15:22:49.545Z","dine-in","Walk-in Guest","","","upi","558","28","0","586","completed","Item (1) | Item (1) | Item (1) | Item (1)"
"500d3c58-527d-4e35-928e-80ceaa6a2f6d","100269","2026-09-05T15:14:10.788Z","dine-in","Walk-in Guest","","","upi","708","35","0","743","completed","Item (1) | Item (1) | Item (1) | Item (1) | Item (1)"
"ed406b30-4c06-4dbe-9714-1a909255d1e5","100268","2026-09-05T15:08:48.876Z","takeaway","Walk-in Guest","","","upi","398","20","0","418","completed","Item (1) | Item (1)"
"2d24fb4d-4864-45db-8843-3b4ead5dff94","100267","2026-09-05T15:01:37.265Z","takeaway","Walk-in Guest","","","upi","339","17","0","356","completed","Item (1) | Item (1)"
"1de0f584-cd7c-4f17-97bb-0d42217458b2","100266","2026-09-05T14:51:40.807Z","dine-in","Walk-in Guest","","","upi","153.29000000000002","8","0","161","completed","Item (1) | Item (1)"
"7d3d8433-8ef9-4e75-9e47-14a3a20e5ccf","100265","2026-09-05T14:39:12.379Z","dine-in","Walk-in Guest","","","upi","195","10","0","205","completed","Item (5)"
"14a965a6-81ba-4112-ace5-db64bcc49037","100264","2026-09-05T14:33:10.561Z","dine-in","Walk-in Guest","","","upi","280","14","0","294","completed","Item (1)"
"bf0902d0-7ef2-46a3-835a-2d72951b5b7f","100263","2026-09-05T14:27:37.092Z","dine-in","Walk-in Guest","","","upi","398","20","0","418","completed","Item (1) | Item (1)"
"e87dd1cd-2265-415b-97fd-412646d2fbb0","100262","2026-09-05T14:20:40.271Z","dine-in","Walk-in Guest","","","upi","799","40","0","839","completed","Item (1)"
"a9d6ace1-a52a-4650-80e3-ab90b0949573","100261","2026-09-05T14:15:56.917Z","dine-in","Walk-in Guest","","","card","1413","71","0","1484","completed","Item (1) | Item (1) | Item (1) | Item (1) | Item (2) | Item (1) | Item (1)"
"5bc39e36-d6f1-4b9d-a50f-f6f21769ec10","100260","2026-09-05T14:01:03.703Z","dine-in","Walk-in Guest","","","upi","658","33","0","691","completed","Item (1) | Item (1) | Item (1)"
"97293691-9736-4caf-9525-d062b0895ea7","100259","2026-09-05T13:56:54.333Z","dine-in","Walk-in Guest","","","upi","637","32","0","669","completed","Item (1) | Item (1) | Item (2)"
"4f6b7842-efb4-4adc-b7b2-9a206363597d","100258","2026-09-05T13:51:09.381Z","dine-in","Walk-in Guest","","","upi","399","20","400","419","completed","Item (1)"
"5a7db524-1aa5-41b5-9914-7c48b0620f40","100257","2026-09-05T13:48:51.580Z","dine-in","Walk-in Guest","","","card","749","37","0","786","completed","Item (1) | Item (1) | Item (1) | Item (1)"
"22396ad5-60eb-4552-a9f7-9f3b7e085bb1","100256","2026-09-05T13:47:40.537Z","dine-in","Walk-in Guest","","","upi","379","19","0","398","completed","Item (1) | Item (1)"
"109713b6-b13f-4a33-aff6-65c079619a9c","100255","2026-09-05T13:40:57.735Z","dine-in","Walk-in Guest","","","upi","199","10","0","209","completed","Item (1)"
"79af672b-0fc1-49bd-a209-681543123522","100254","2026-09-05T13:33:37.885Z","dine-in","Walk-in Guest","","","upi","439","22","0","461","completed","Item (1) | Item (1) | Item (1) | Item (2) | Item (1)"
"85bf77ca-380a-4aad-9ffa-95fa7b29cc97","100253","2026-09-05T13:28:53.339Z","dine-in","Walk-in Guest","","","cash","199","10","0","209","completed","Item (1)"
"775b16d8-ea7d-4550-8043-ac902684d950","100252","2026-09-05T13:11:43.525Z","dine-in","Walk-in Guest","","","upi","418","21","0","439","completed","Item (1) | Item (1) | Item (1)"
"f7cde0e2-24ca-43b7-8617-09c7f2950e8a","100251","2026-09-05T12:46:07.084Z","dine-in","Walk-in Guest","","","card","658","33","0","691","completed","Item (1) | Item (1) | Item (1)"
"51e59b3d-76f3-433e-8c14-42fa952ec008","100250","2026-09-05T12:38:45.417Z","dine-in","Walk-in Guest","","","cash","39","2","0","41","completed","Item (1)"
"816491c9-fef1-4c8e-bc2d-a396a8a5bbb8","100249","2026-09-05T12:31:39.867Z","dine-in","Walk-in Guest","","","cash","90","5","0","95","completed","Item (1)"
"1825dd5b-1174-4b42-92a8-fa36fc7bb383","100248","2026-09-05T11:55:13.275Z","dine-in","Walk-in Guest","","","upi","149","7","0","156","completed","Item (1)"
"5e4b09a4-8708-4059-950a-f5859fd1f605","100247","2026-09-05T11:48:16.397Z","dine-in","Walk-in Guest","","","cash","946","47","0","993","completed","Item (1) | Item (2) | Item (2) | Item (1)"
"637fb781-dc22-44ca-8dae-82333407f444","100246","2026-09-05T11:36:59.768Z","dine-in","Walk-in Guest","","","upi","658","33","0","691","completed","Item (1) | Item (1) | Item (1) | Item (1)"
"95aac8fb-f931-4799-83c5-41b47fb24f1f","100245","2026-09-05T11:25:41.097Z","dine-in","Walk-in Guest","","","upi","636","32","0","668","completed","Item (1) | Item (1) | Item (1) | Item (1)"
"9e041ee0-cd9b-45cc-b8c7-f6a0be5ac740","100244","2026-09-05T11:05:22.257Z","dine-in","Walk-in Guest","","","upi","59","3","0","62","completed","Item (1)"
"53e2ec6f-c31e-4ce0-ac50-8156b58a912b","100243","2026-09-05T11:03:21.786Z","dine-in","Walk-in Guest","","","cash","538","27","0","565","completed","Item (1) | Item (1) | Item (1) | Item (1) | Item (1)"
"405b4701-46e7-4f12-af2a-a75aaa5d59ac","100242","2026-09-05T10:31:38.409Z","dine-in","Walk-in Guest","","","cash","78","4","0","82","completed","Item (2)"
"952c47b9-c849-4c40-b183-4d68c90cc4ae","100241","2026-09-05T09:31:18.949Z","dine-in","Walk-in Guest","","","cash","598","30","0","628","completed","Item (1) | Item (1)"
"1534d460-2516-4419-918b-9a4d3533feb9","100240","2026-09-05T08:34:00.436Z","dine-in","Walk-in Guest","","","upi","615","31","0","646","completed","Item (1) | Item (1) | Item (1) | Item (1) | Item (1)"
"96bbe9f7-65b5-497e-9bfd-43b00d0466ec","100239","2026-09-05T07:58:50.399Z","dine-in","Walk-in Guest","","","split","199","10","0","209","completed","Item (1)"
"170ff30f-6d63-4def-8aba-4e083c5187c8","100238","2026-09-05T07:38:59.344Z","takeaway","Walk-in Guest","","","upi","398","20","0","418","completed","Item (1) | Item (1)"
"2b35b60b-8a9e-45ec-b257-28f608dd79ca","100237","2026-09-05T07:12:55.044Z","dine-in","Walk-in Guest","","","split","433.29","22","0","455","completed","Item (1) | Item (1) | Item (1)"
"a3671682-99cd-4ca8-8743-bfc2b33acc1e","100236","2026-09-05T06:24:18.293Z","dine-in","Walk-in Guest","","","split","447","22","0","469","completed","Item (1) | Item (1) | Item (1)"
"373b1452-8ef1-45ff-8852-c11b9f69f1a0","100235","2026-09-04T17:01:06.880Z","takeaway","Walk-in Guest","","","card","289","14","0","303","completed","Item (1) | Item (1)"
"242912c7-cafc-4993-91aa-2dd4f2b0eaf5","100234","2026-09-04T16:39:14.527Z","dine-in","Walk-in Guest","","","complimentary","1241.29","62","0","1303","completed","Item (2) | Item (1) | Item (1) | Item (1) | Item (4) | Item (1)"
"181d92e2-0d34-439d-8685-7889861bfe41","100233","2026-09-04T16:16:53.798Z","dine-in","Walk-in Guest","","","upi","398","20","0","418","completed","Item (1) | Item (1) | Item (1) | Item (1)"
"75c5f235-398b-40d5-ad95-06ad484a8e0d","100232","2026-09-04T16:12:44.655Z","dine-in","Walk-in Guest","","","upi","39","2","0","41","completed","Item (1)"
"f47d8c2f-e18d-43da-b59d-9fc5f822e4f0","100231","2026-09-04T15:56:31.579Z","dine-in","Walk-in Guest","","","upi","114.29","6","0","120","completed","Item (1)"
"1f5e6d60-545e-4649-9310-a834c9bd7ff1","100230","2026-09-04T15:55:48.536Z","dine-in","Walk-in Guest","","","cash","39","2","0","41","completed","Item (1)"
"82969861-90ef-4be1-86b3-ed350f7f530e","100229","2026-09-04T15:52:49.844Z","dine-in","Walk-in Guest","","","upi","90","5","0","95","completed","Item (1)"
"cb0ed5cd-75da-4113-9819-5906d7a21b9f","100228","2026-09-04T15:48:43.796Z","dine-in","Walk-in Guest","","","upi","199","10","0","209","completed","Item (1)"
"6a501f54-9558-413b-83bf-91ffbc95a806","100227","2026-09-04T15:43:12.451Z","dine-in","Walk-in Guest","","","cash","269","13","0","282","completed","Item (1) | Item (1)"
"b8fed9fc-1ce5-42b4-89ec-e96061f8bec1","100226","2026-09-04T15:34:28.307Z","dine-in","Walk-in Guest","","","cash","90","5","0","95","completed","Item (1)"
"74c26947-1afa-4600-84ad-855adffbfa26","100225","2026-09-04T15:25:21.084Z","dine-in","Walk-in Guest","","","cash","189","9","0","198","completed","Item (1) | Item (1)"
"7bb1813b-50e9-449b-a4f1-e50c549e834b","100224","2026-09-04T15:14:03.069Z","dine-in","Walk-in Guest","","","upi","1824","91","0","1915","completed","Item (1) | Item (1) | Item (2) | Item (1) | Item (2) | Item (1)"
"f4663edb-923e-4d2c-a46b-0adaa5c6bee6","100223","2026-09-04T15:05:00.190Z","dine-in","Walk-in Guest","","","upi","734","37","184","771","completed","Item (2) | Item (1) | Item (1) | Item (1)"
"b255b030-1e6a-45cb-b9ac-95905a66a203","100222","2026-09-04T14:24:43.164Z","dine-in","Walk-in Guest","","","upi","799","40","0","839","completed","Item (1)"
"b6c882e4-f40c-4ee0-abcf-f446e864c778","100221","2026-09-04T14:18:26.938Z","dine-in","Walk-in Guest","","","upi","711.29","36","0","747","completed","Item (1) | Item (1) | Item (1) | Item (1)"
"cac025f6-d510-441a-9661-dd29b7e9de9f","100220","2026-09-04T14:16:41.475Z","dine-in","Walk-in Guest","","","upi","699","35","0","734","completed","Item (1)"
"aaa1b7b3-660a-47a2-b43c-cdd9f720422b","100219","2026-09-04T14:13:49.136Z","takeaway","Walk-in Guest","","","upi","719","36","0","755","completed","Item (1) | Item (1)"
"3739483a-6177-4db4-9cc9-ece3b430a16d","100218","2026-09-04T14:09:51.690Z","takeaway","Walk-in Guest","","","card","279","14","0","293","completed","Item (1)"
"f99abf4a-4493-455e-a352-2e9ce4555510","100217","2026-09-04T13:57:58.964Z","takeaway","Walk-in Guest","","","upi","449","22","0","471","completed","Item (1)"
"4f1301ae-c869-4e97-8b37-36a76878b263","100216","2026-09-04T13:49:09.450Z","takeaway","Walk-in Guest","","","upi","398","20","0","418","completed","Item (1) | Item (1)"
"ddca8a7b-1bc3-4d59-b769-19face29f9a7","100215","2026-09-04T13:30:53.832Z","dine-in","Walk-in Guest","","","upi","799","40","0","839","completed","Item (1)"
"5cfbb382-2406-443f-84a7-49dbf27e62b4","100214","2026-09-04T12:58:45.914Z","dine-in","Walk-in Guest","","","upi","240","12","0","252","completed","Item (1)"
"2141eb0f-ac31-4519-a405-a64851bd64f5","100213","2026-09-04T12:46:13.015Z","dine-in","Walk-in Guest","","","upi","568","28","0","596","completed","Item (1) | Item (1) | Item (1)"
"ccb76dde-bcaa-4c25-a0ac-9c57a92d51f0","100212","2026-09-04T12:38:02.204Z","dine-in","Walk-in Guest","","","upi","419","21","0","440","completed","Item (1) | Item (1) | Item (1)"
"77140c89-98db-4fc9-9dc5-a61692821ecf","100211","2026-09-04T11:44:49.864Z","dine-in","Walk-in Guest","","","upi","180","9","0","189","completed","Item (1)"
"f05c7ae9-d4b2-4081-a361-cef0d083a8fa","100210","2026-09-04T11:26:44.761Z","dine-in","Walk-in Guest","","","cash","548","27","0","575","completed","Item (1) | Item (1)"
"f1a3e951-6cb7-4215-bedd-ed956cab3d67","100209","2026-09-04T11:24:32.268Z","dine-in","Walk-in Guest","","","upi","408","20","0","428","completed","Item (1) | Item (1)"
"8a3f070a-8bcb-4680-ae47-3f9168d6c943","100208","2026-09-04T10:14:34.252Z","dine-in","Walk-in Guest","","","upi","339","17","0","356","completed","Item (1) | Item (1)"
"6a46ec3a-9ffa-4ed6-944b-6e01a6e81ac8","100207","2026-09-04T08:13:57.315Z","dine-in","Walk-in Guest","","","upi","479","24","0","503","completed","Item (1) | Item (1)"
"833166cd-c404-4fc9-baa6-557d5297e5bd","100206","2026-09-04T07:52:44.153Z","dine-in","Walk-in Guest","","","upi","348","17","0","365","completed","Item (1) | Item (1) | Item (1) | Item (1)"
"801206ca-0875-4ea4-a9de-8c1195416262","100205","2026-09-04T07:45:54.508Z","dine-in","Walk-in Guest","","","split","398","20","0","418","completed","Item (1) | Item (1)"
"40a12d71-9d5f-4c55-9932-92ec3bd876b0","100204","2026-09-04T07:25:47.624Z","dine-in","Walk-in Guest","","","cash","217","11","0","228","completed","Item (1) | Item (2)"
"129a58d7-c4b3-46a9-aedc-a799878d40d3","100203","2026-09-04T07:07:25.401Z","dine-in","Walk-in Guest","","","cash","638","32","0","670","completed","Item (1) | Item (1) | Item (1) | Item (1)"
"4a7b7c2c-a13b-4e87-8a0e-badc0dc26f7a","100202","2026-09-04T06:54:14.263Z","dine-in","Walk-in Guest","","","upi","240","12","0","252","completed","Item (1)"
"97e104fd-2a9b-4602-b591-b9d4c8dc896c","100201","2026-09-04T06:37:47.699Z","dine-in","Walk-in Guest","","","upi","138","7","0","145","completed","Item (1) | Item (1)"
"ce897a06-dbc6-4154-8bd6-8eed8b9feacc","100200","2026-09-04T06:23:09.312Z","dine-in","Walk-in Guest","","","card","506","25","0","531","completed","Item (1) | Item (1) | Item (1) | Item (1)"
"c4f1087c-ae16-4ee4-9601-622fc6278c60","100199","2026-09-03T16:47:34.385Z","dine-in","Walk-in Guest","","","card","379","19","0","398","completed","Item (1) | Item (1)"
"79513b39-e7d2-453f-9f46-19003065a0ae","100198","2026-09-03T16:30:42.417Z","dine-in","Walk-in Guest","","","cash","369","18","0","387","completed","Item (1) | Item (1)"
"c1fd0379-8d38-431e-a034-e1f792156b8c","100197","2026-09-03T16:27:23.167Z","dine-in","Walk-in Guest","","","cash","700","35","0","735","completed","Item (1) | Item (1) | Item (1)"
"0be936b7-fb43-4a8e-8272-4ff7e36464af","100196","2026-09-03T16:10:03.972Z","dine-in","Walk-in Guest","","","split","1069","53","0","1122","completed","Item (1) | Item (1)"
"cd3713d4-a4de-47b4-a07c-8b091f098a62","100195","2026-09-03T15:43:41.781Z","dine-in","Walk-in Guest","","","cash","59","3","0","62","completed","Item (1)"
"ee51f7fe-0512-4407-a663-ea6b7df5153c","100194","2026-09-03T15:41:35.102Z","dine-in","Walk-in Guest","","","card","928","46","0","974","completed","Item (1) | Item (1) | Item (1)"
"dd520d92-28a8-4522-a326-98c5d92d931f","100193","2026-09-03T15:22:40.478Z","dine-in","Walk-in Guest","","","card","419","21","0","440","completed","Item (1) | Item (1)"
"d4fe7f45-275c-45cf-bf73-8d2af5427152","100192","2026-09-03T15:02:15.060Z","dine-in","Walk-in Guest","","","card","114.29","6","0","120","completed","Item (1)"
"07ed757c-7478-428c-807f-fe67478ac50a","100191","2026-09-03T15:00:49.739Z","dine-in","Walk-in Guest","","","card","547","27","0","574","completed","Item (1) | Item (1) | Item (1)"
"a2af8eb5-8b01-42ab-92e0-97cfa6545ec4","100190","2026-09-03T14:32:53.950Z","dine-in","Walk-in Guest","","","cash","808","40","0","848","completed","Item (1) | Item (1) | Item (1)"
"8644d508-b2be-4e5f-bac4-58c14a7752bb","100189","2026-09-03T13:54:59.147Z","dine-in","Walk-in Guest","","","cash","114.29","6","0","120","completed","Item (1)"
"25d96b57-bcd3-4021-bc6d-a6143a64bccf","100188","2026-09-03T13:52:58.159Z","takeaway","Walk-in Guest","","","cash","826","41","0","867","completed","Item (2) | Item (1) | Item (1) | Item (1) | Item (1) | Item (1)"
"c8a46780-3f4c-41cf-9c8f-7aea1e8b6322","100187","2026-09-03T13:13:48.466Z","dine-in","Walk-in Guest","","","cash","160","8","0","168","completed","Item (1) | Item (1)"
"dd0f4ff4-784e-4169-9356-bf25abb72a48","100186","2026-09-03T12:58:56.727Z","dine-in","Walk-in Guest","","","upi","279","14","0","293","completed","Item (1) | Item (1)"
"e50c62b7-1c51-4859-8113-09b08d7a4e4f","100185","2026-09-03T11:31:53.048Z","dine-in","Walk-in Guest","","","upi","529","26","0","555","completed","Item (1) | Item (1)"
"0bda6364-2325-4b27-af08-79d9489189dc","100184","2026-09-03T09:35:55.377Z","dine-in","Walk-in Guest","","","cash","118","6","0","124","completed","Item (2)"
"0afdce4b-f0ec-40ca-b58a-29b50f01b4ac","100183","2026-09-03T09:01:44.197Z","dine-in","Walk-in Guest","","","cash","15","1","0","16","completed","Item (1)"
"dc0f3a10-eb42-4477-bbcd-87bb3f585329","100182","2026-09-03T09:00:50.962Z","dine-in","Walk-in Guest","","","card","656","33","0","689","completed","Item (2) | Item (1) | Item (2)"
"55034c4c-7970-44cf-91fa-625888183b8a","100181","2026-09-03T08:38:31.849Z","dine-in","Walk-in Guest","","","upi","159","8","40","167","completed","Item (1)"
"b8553353-3b05-430d-84b8-51689a64aaf7","100180","2026-09-03T08:14:37.012Z","dine-in","Walk-in Guest","","","upi","363.29","18","0","381","completed","Item (1) | Item (1)"
"b9420bac-7aba-47ce-b8a3-2d6046032cbc","100179","2026-09-02T16:57:00.798Z","dine-in","Walk-in Guest","","","upi","198","10","0","208","completed","Item (1) | Item (1)"
"663706e8-a8ea-40b3-957f-10827050870a","100178","2026-09-02T16:36:57.378Z","dine-in","Walk-in Guest","","","upi","357","18","0","375","completed","Rice Bowl (Signature) (Paneer) (1) | Hot Chocolate (1) | Coca Cola (Regular) (1)"
"f117738e-0bc4-4b54-b3cf-0942deecde66","100177","2026-09-02T16:28:35.670Z","dine-in","Walk-in Guest","","","split","318","16","80","334","completed","Item (2)"
"c6bf7e4a-2611-4400-b632-e5c2a05329b8","100176","2026-09-02T16:13:01.789Z","dine-in","Walk-in Guest","","","card","836","42","0","878","completed","Item (2) | Item (1) | Item (1) | Item (1)"
"34dcd3ed-9b82-488f-87c4-c7d867c8beb7","100175","2026-09-02T16:02:00.976Z","dine-in","Walk-in Guest","","","upi","280","14","0","294","completed","Item (1)"
"ce561c2e-8a66-444e-a7e3-6c8524ae9c39","100174","2026-09-02T16:00:13.100Z","dine-in","Walk-in Guest","","","upi","598","30","0","628","completed","Item (1) | Item (1)"
"d9c81654-226d-423d-a709-7447fab5d416","100173","2026-09-02T15:50:00.418Z","dine-in","Walk-in Guest","","","split","339","17","0","356","completed","Item (1) | Item (1)"
"70541113-ad03-49ff-816e-685774419cff","100172","2026-09-02T15:46:09.739Z","dine-in","Walk-in Guest","","","upi","114.29","6","0","120","completed","Item (1)"
"89739e5c-cb1b-4562-a86d-de476522cc30","100171","2026-09-02T15:41:58.148Z","dine-in","Walk-in Guest","","","upi","857","43","0","900","completed","Item (2) | Item (1)"
"dc4a65b6-0b53-4a81-b2bd-f9883f41a585","100170","2026-09-02T15:37:44.638Z","dine-in","Walk-in Guest","","","upi","648","32","0","680","completed","Item (1) | Item (1)"
"658b49de-5522-46f3-a3ec-e2af38f7b232","100169","2026-09-02T15:23:58.129Z","dine-in","Walk-in Guest","","","upi","739","37","0","776","completed","Item (1) | Item (1) | Item (1)"
"22889e51-8350-4f28-8bf7-3e546300c9fd","100168","2026-09-02T15:16:53.408Z","dine-in","Walk-in Guest","","","upi","257","13","0","270","completed","Item (1) | Item (2)"
"fc811818-64c6-4b40-b762-838b7eb408a8","100167","2026-09-02T15:14:05.594Z","dine-in","Walk-in Guest","","","cash","199","10","0","209","completed","Item (1)"
"77a0ba81-d246-4670-899a-3f4dfb571e19","100166","2026-09-02T15:04:05.683Z","dine-in","Walk-in Guest","","","split","198","10","0","208","completed","Item (2)"
"ad1f9df7-bd66-451d-b0a5-48eca8e24e0a","100165","2026-09-02T14:40:51.827Z","dine-in","Walk-in Guest","","","cash","459","23","0","482","completed","Item (1) | Item (1)"
"ce45c56a-e223-4abd-bd2f-9a1fa238dbcc","100164","2026-09-02T14:34:37.608Z","dine-in","Walk-in Guest","","","split","1156","58","0","1214","completed","Item (1) | Item (1) | Item (1) | Item (1) | Item (1) | Item (2)"
"f55ab69c-d701-4d57-af9d-db64edbc5ddb","100163","2026-09-02T14:25:36.410Z","dine-in","Walk-in Guest","","","upi","114.29","6","0","120","completed","Item (1)"
"af25d82d-d0fa-42fc-897c-2281b883768f","100162","2026-09-02T14:21:10.388Z","dine-in","Walk-in Guest","","","cash","59","3","0","62","completed","Item (1)"
"2cad18f6-b999-44f5-8d0d-c1ade1f02fc3","100161","2026-09-02T14:14:48.824Z","dine-in","Walk-in Guest","","","cash","199","10","0","209","completed","Item (1)"
"cd37b7f2-9b76-4410-8664-5d669d463772","100160","2026-09-02T14:11:53.166Z","dine-in","Walk-in Guest","","","card","548","27","0","575","completed","Item (1) | Item (1)"
"f37600fb-6073-4f3a-994c-f7d1a0c0e2c3","100159","2026-09-02T14:08:09.239Z","dine-in","Walk-in Guest","","","upi","394","20","0","414","completed","Item (1) | Item (3)"
"f095d816-0ca8-43bc-92e3-27c903d3c025","100158","2026-09-02T14:06:41.038Z","dine-in","Walk-in Guest","","","split","349","17","0","366","completed","Item (1)"
"83366b96-4edc-4763-a143-2d4020b36bfc","100157","2026-09-02T14:04:32.887Z","dine-in","Walk-in Guest","","","upi","349","17","0","366","completed","Item (1)"
"d99468d4-39e8-4fde-a74f-cff0edb423aa","100156","2026-09-02T13:56:31.222Z","dine-in","Walk-in Guest","","","split","796","40","0","836","completed","Item (1) | Item (1) | Item (1) | Item (1)"
"9d386050-d4bd-435f-9fc5-570ca0d18f4d","100155","2026-09-02T13:52:33.129Z","dine-in","Walk-in Guest","","","cash","269","13","0","282","completed","Item (1) | Item (1)"
"9f9d63ac-5765-486b-941e-6f3599eceeb5","100154","2026-09-02T13:51:00.679Z","dine-in","Walk-in Guest","","","upi","199","10","0","209","completed","Item (1)"
"34d22d73-df16-4cff-8eee-47ba643f8034","100153","2026-09-02T13:43:44.795Z","dine-in","Walk-in Guest","","","cash","379","19","0","398","completed","Item (1) | Item (2)"
"ba8460a6-9392-4dd7-a451-22cf78cc6189","100152","2026-09-02T13:41:49.623Z","dine-in","Walk-in Guest","","","upi","499","25","0","524","completed","Item (1) | Item (1)"
"e4289268-e0db-4fdb-b974-63fb58b04fdb","100151","2026-09-02T13:37:51.859Z","dine-in","Walk-in Guest","","","upi","349","17","0","366","completed","Item (1)"
"27efb74a-c0cb-44d9-8f5a-47bf6b0bdfb7","100150","2026-09-02T13:37:08.316Z","dine-in","Walk-in Guest","","","upi","30","2","0","32","completed","Item (2)"
"145f698c-b805-4ff1-b768-9014d01634c6","100149","2026-09-02T13:27:00.871Z","dine-in","Walk-in Guest","","","card","1256","63","0","1319","completed","Item (1) | Item (1) | Item (1) | Item (1) | Item (1) | Item (1)"
"a499141e-4acb-41ab-88ad-90c3676c175f","100148","2026-09-02T13:23:55.836Z","dine-in","Walk-in Guest","","","upi","379","19","0","398","completed","Item (1)"
"f5bb6a3b-0501-49e1-9e47-70a16cb58645","100147","2026-09-02T13:12:46.852Z","dine-in","Walk-in Guest","","","upi","194","10","0","204","completed","Item (1) | Item (3)"
"57cb31e3-a9ac-47b0-bd82-63d7a964a758","100146","2026-09-02T13:10:16.164Z","dine-in","Walk-in Guest","","","upi","379","19","0","398","completed","Item (1) | Item (2)"
"62148f9f-074e-49e1-ac69-119a25a673f6","100145","2026-09-02T13:09:29.220Z","dine-in","Walk-in Guest","","","upi","379","19","0","398","completed","Item (1) | Item (2)"
"64d6c823-4a91-4efc-8375-3053da55a33b","100144","2026-09-02T12:54:46.283Z","dine-in","Walk-in Guest","","","upi","548","27","0","575","completed","Item (1) | Item (1)"
"eb817741-3e48-46a8-9300-07d63b3c0a21","100143","2026-09-02T12:53:07.088Z","dine-in","Walk-in Guest","","","upi","563","28","0","591","completed","Item (1) | Item (1) | Item (1)"
"0b904a3f-b24c-414a-9eae-9770b78acc04","100142","2026-09-02T12:45:41.628Z","dine-in","Walk-in Guest","","","upi","1077","54","0","1131","completed","Item (2) | Item (1)"
"78f11465-2363-4210-a4fc-02696eab081c","100141","2026-09-02T12:44:12.547Z","dine-in","Walk-in Guest","","","split","249","12","0","261","completed","Item (1)"
"bde5e726-0214-4aba-b695-3deef9a7f3e2","100140","2026-09-02T12:41:15.119Z","dine-in","Walk-in Guest","","","split","1128","56","0","1184","completed","Item (2) | Item (1) | Item (1)"
"0e76cacb-d0db-43a9-b5d3-2a92b2fc6d56","100139","2026-09-02T12:34:47.709Z","dine-in","Walk-in Guest","","","cash","379","19","0","398","completed","Item (1) | Item (2)"
"52421f83-3f96-4cf3-8c7e-43b3e860f373","100138","2026-09-02T12:24:37.310Z","dine-in","Walk-in Guest","","","upi","15","1","0","16","completed","Item (1)"
"3e83c31f-579c-4519-be11-924d31cc8f52","100137","2026-09-02T12:13:32.385Z","dine-in","Walk-in Guest","","","split","199","10","0","209","completed","Item (1)"
"e3433edc-38e2-4add-8115-7d232de33c78","100136","2026-09-02T12:11:06.150Z","dine-in","Walk-in Guest","","","cash","463","23","0","486","completed","Item (1) | Item (1) | Item (1)"
"81f8ad9d-64ca-4c44-827c-61c634ede632","100135","2026-09-02T12:07:51.782Z","takeaway","Walk-in Guest","","","upi","199","10","0","209","completed","Item (1)"
"b2d5eb35-fc84-418d-965f-c671f7ea696c","100134","2026-09-02T11:57:36.657Z","dine-in","Walk-in Guest","","","upi","240","12","0","252","completed","Item (2)"
"d3989833-6d0e-4b8e-8542-2b2360f4862f","100133","2026-09-02T11:55:00.340Z","dine-in","Walk-in Guest","","","upi","379","19","0","398","completed","Item (1) | Item (2)"
"b447aa21-c75f-4e9c-94a6-2f3464e1df9b","100132","2026-09-02T11:47:56.641Z","dine-in","Walk-in Guest","","","upi","30","2","0","32","completed","Item (2)"
"1f2d7177-457c-4eed-8a9b-4805b9465096","100131","2026-09-02T11:46:55.692Z","dine-in","Walk-in Guest","","","split","349","17","0","366","completed","Item (1)"
"477623ac-0241-4ea0-b4f2-c1c4ddcf8ace","100130","2026-09-02T11:43:42.058Z","takeaway","Walk-in Guest","","","upi","364","18","0","382","completed","Item (1) | Item (1)"
"73a131bb-432d-451e-8c4f-5627b4d0b74c","100129","2026-09-02T11:42:07.801Z","dine-in","Walk-in Guest","","","upi","379","19","0","398","completed","Item (1) | Item (2)"
"d3c369e0-c67c-47a3-a405-ab93ddee164a","100128","2026-09-02T11:39:23.099Z","dine-in","Walk-in Guest","","","upi","140","7","0","147","completed","Item (1)"
"dc0c1de5-aa5a-4148-901b-f799b6c2f2bd","100127","2026-09-02T11:37:38.903Z","dine-in","Walk-in Guest","","","upi","1196","60","0","1256","completed","Item (1) | Item (1) | Item (2)"
"50bdc2d0-ff54-4a50-b95e-8942f57d03ea","100126","2026-09-02T11:25:01.856Z","takeaway","Walk-in Guest","","","upi","548","27","0","575","completed","Item (1) | Item (1)"
"b52d500a-5de4-461a-b86d-900c1e8130a2","100125","2026-09-02T11:01:41.163Z","dine-in","Walk-in Guest","","","upi","378","19","0","397","completed","Item (1) | Item (1) | Item (1) | Item (1)"
"6a0e619d-6549-45f0-a3c4-e1e0b044586f","100124","2026-09-02T10:56:18.573Z","dine-in","Walk-in Guest","","","upi","379","19","0","398","completed","Item (1) | Item (2)"
"e615c8ca-b264-48fb-8996-457871db23b1","100123","2026-09-02T10:40:29.929Z","dine-in","Walk-in Guest","","","upi","806","40","0","846","completed","Item (1) | Item (1) | Item (1) | Item (1) | Item (2)"
"82e6e0af-17d4-4d28-8187-94dae4aab82e","100122","2026-09-02T10:32:31.361Z","dine-in","Walk-in Guest","","","upi","39","2","0","41","completed","Item (1)"
"dcffb706-c624-42d2-b150-31365094f16b","100121","2026-09-02T10:28:22.620Z","dine-in","Walk-in Guest","","","split","1299","65","0","1364","completed","Item (1)"
"0db7170a-ddd9-43d4-b565-f96ab165870c","100120","2026-09-02T10:25:42.660Z","dine-in","Walk-in Guest","","","upi","140","7","0","147","completed","Item (1)"
"172014ed-0d26-4fa1-980d-25db61e7e488","100119","2026-09-02T10:22:36.155Z","dine-in","Walk-in Guest","","","upi","1356","68","0","1424","completed","Item (4) | Item (4) | Item (3) | Item (1)"
"8fb67c7d-7b8f-4995-8180-946d0176847c","100118","2026-09-02T09:47:13.872Z","dine-in","Walk-in Guest","","","split","1514","76","0","1590","completed","Item (4) | Item (2) | Item (2) | Item (2) | Item (2)"
"6e756d31-d00c-43a0-bfb3-12057f998aad","100117","2026-09-02T09:45:10.081Z","dine-in","Walk-in Guest","","","upi","597","30","0","627","completed","Item (2) | Item (1)"
"8b605f66-9dc8-4880-8e9d-fe6e2dcc2614","100116","2026-09-02T09:42:29.089Z","takeaway","Walk-in Guest","","","upi","394","20","0","414","completed","Item (1) | Item (3)"
"bc40a26e-6db1-4174-841e-0a3f77453a34","100115","2026-09-02T09:40:55.767Z","dine-in","Walk-in Guest","","","upi","2134","107","0","2241","completed","Item (1) | Item (6) | Item (4) | Item (1)"
"cc77d691-9801-48e8-9de8-d163b84403c1","100114","2026-09-02T09:31:35.653Z","dine-in","Walk-in Guest","","","cash","298","15","0","313","completed","Item (1) | Item (1)"
"5f768d5d-76b0-43a3-b431-1485e55147a9","100113","2026-09-02T09:30:28.268Z","dine-in","Walk-in Guest","","","cash","379","19","0","398","completed","Item (1)"
"1ec8a7ef-b437-4ebf-b518-94b500558f94","100112","2026-09-02T09:04:28.360Z","dine-in","Walk-in Guest","","","split","499","25","0","524","completed","Item (1) | Item (1)"
"696d0ca5-0824-40a0-a21d-29b84f935645","100111","2026-09-02T09:01:20.256Z","dine-in","Walk-in Guest","","","split","539","27","0","566","completed","Item (1) | Item (1)"
"73654d9e-4476-4042-8545-04eff63caeb9","100110","2026-09-02T08:41:34.979Z","dine-in","Walk-in Guest","","","upi","13170.93","659","0","13830","completed","Item (5) | Item (17) | Item (6) | Item (7) | Item (1) | Item (1) | Item (1) | Item (1) | Item (2) | Item (1) | Item (8) | Item (3) | Item (3) | Item (4) | Item (1) | Item (1) | Item (1) | Item (1) | Item (2) | Item (1) | Item (2) | Item (1) | Item (3) | Item (1) | Item (4) | Item (1)"
"e6d8aba1-5113-40be-8085-8ee37fa4224a","100109","2026-09-02T07:47:17.306Z","dine-in","Walk-in Guest","","","upi","358","18","0","376","completed","Item (1) | Item (1) | Item (1)"
"87430eaa-5b74-40e3-8117-38a23e8cbbca","100108","2026-09-02T07:36:55.853Z","dine-in","Walk-in Guest","","","cash","437","22","0","459","completed","Item (2) | Item (1) | Item (1)"
"da3e1f6c-ad20-4303-b94f-f3bfddd0e615","100107","2026-09-02T07:24:21.784Z","takeaway","Walk-in Guest","","","split","628","31","0","659","completed","Item (1) | Item (1) | Item (1)"
"280290d8-b664-4dbf-afe1-dba92c087104","100106","2026-09-02T07:05:45.321Z","dine-in","Walk-in Guest","","","upi","349","17","0","366","completed","Item (1)"
"48a3df1f-a247-4976-a0ef-ae4972aacb55","100105","2026-09-02T06:28:12.738Z","dine-in","Walk-in Guest","","","upi","846","42","0","888","completed","Item (1) | Item (1) | Item (1) | Item (1)"
"b745fab7-4c19-496b-8875-13693d43cad1","100104","2026-09-01T17:15:44.124Z","takeaway","Walk-in Guest","","","upi","650","33","0","683","completed","Item (1) | Item (1)"
"346e65e3-90de-4cc6-abc4-00d140ed205b","100103","2026-09-01T16:46:18.804Z","dine-in","Walk-in Guest","","","upi","39","2","0","41","completed","Item (1)"
"96c1fb43-c878-4bc6-863b-76b29837f77d","100102","2026-09-01T16:45:00.847Z","dine-in","Walk-in Guest","","","upi","689","34","0","723","completed","Item (1) | Item (1)"
"6f4f923f-e9e4-4718-9222-e3767ecacc03","100101","2026-09-01T16:23:16.595Z","dine-in","Walk-in Guest","","","card","120","6","0","126","completed","Item (1)"
"ac98e624-dc65-436d-a09a-bcea83c3c5bb","100100","2026-09-01T15:53:22.971Z","dine-in","Walk-in Guest","","","card","746","37","0","783","completed","Item (1) | Item (1) | Item (1) | Item (1)"
"5aabdfa6-4367-4dc0-a031-572ba38259a6","100099","2026-09-01T15:44:12.184Z","dine-in","Walk-in Guest","","","upi","488","24","0","512","completed","Item (1) | Item (1) | Item (1) | Item (1) | Item (1)"
"67d8c844-6a47-4ca1-bb63-9563455e6e5d","100098","2026-09-01T15:04:07.413Z","dine-in","Walk-in Guest","","","upi","814","41","0","855","completed","Item (1) | Item (1) | Item (1) | Item (2) | Item (1)"
"0211da88-fd4b-4228-b06f-bc05d23a18cd","100097","2026-09-01T14:57:24.225Z","dine-in","Walk-in Guest","","","upi","349","17","0","366","completed","Item (1)"
"4b73ae0c-b57b-4ca3-9427-59dad20bbce2","100096","2026-09-01T14:35:18.862Z","dine-in","Walk-in Guest","","","upi","298","15","0","313","completed","Item (1) | Item (1)"
"e15c985e-f9ee-47f8-a504-9e4c4e8553c7","100095","2026-09-01T13:20:09.257Z","dine-in","Walk-in Guest","","","complimentary","638","32","0","670","completed","Item (2) | Item (1)"
"cf1b2ae6-dd90-4ba3-a9c9-f5678eac765e","100094","2026-09-01T09:47:14.099Z","dine-in","Walk-in Guest","","","split","298","15","0","313","completed","Item (1) | Item (1)"
"20f434e5-76ae-4e33-ae04-483cd3639fca","100093","2026-09-01T08:44:37.377Z","dine-in","Walk-in Guest","","","cash","59","3","0","62","completed","Item (1)"
"525f72b9-42fd-4a79-88d0-437165df8263","100092","2026-09-01T08:21:58.874Z","dine-in","Walk-in Guest","","","cash","258","13","0","271","completed","Item (1) | Item (1)"
"d7fadc8e-1d55-4a56-ac8d-f8fbf4769a3c","100091","2026-09-01T06:21:10.603Z","dine-in","Walk-in Guest","","","upi","249","12","0","261","completed","Item (1)"
"fe594ecb-ef3d-4cb6-bffe-6c6f580db088","100090","2026-08-31T17:02:42.931Z","dine-in","Walk-in Guest","","","complimentary","114.29","6","0","120","completed","Item (1)"
"3bda4980-6ca1-4512-b664-b544ce93aaca","100089","2026-08-31T16:55:32.518Z","dine-in","Walk-in Guest","","","cash","342.87","17","0","360","completed","Item (2) | Item (1)"
"932279d6-3e42-466c-9578-7cfa7a1585c4","100088","2026-08-31T16:05:42.879Z","dine-in","Walk-in Guest","","","upi","598","30","0","628","completed","Item (1) | Item (1)"
"f97d08ab-444a-43c4-8e63-4c3b575adeb6","100087","2026-08-31T15:59:34.465Z","dine-in","Senthil","9345777578","","cash","1146","57","1146","1203","completed","Item (1) | Item (1) | Item (1) | Item (1) | Item (1) | Item (1) | Item (1) | Item (2)"
"7cab573e-ef8a-49cf-8439-44c482a07a10","100086","2026-08-31T15:48:16.360Z","dine-in","Walk-in Guest","","","upi","339","17","0","356","completed","Item (1) | Item (1)"
"b97f343b-8a9e-4709-904d-fd76d63ddce0","100085","2026-08-31T15:44:19.303Z","dine-in","Walk-in Guest","","","split","240","12","0","252","completed","Item (1) | Item (1)"
"36d1526f-0576-4de5-9d2c-d7903fec6fa3","100084","2026-08-31T15:23:01.701Z","dine-in","Riaz","9677459527","","upi","828","41","828","869","completed","Item (1) | Item (1) | Item (1) | Item (2) | Item (1) | Item (1) | Item (1)"
"45412b5c-7179-4185-9c8c-828e1e3d2aa8","100083","2026-08-31T15:05:30.263Z","dine-in","Walk-in Guest","","","upi","289","14","0","303","completed","Item (1) | Item (1)"
"1ed6d496-e151-4901-8eb0-adc7600d28bb","100082","2026-08-31T15:02:17.139Z","dine-in","Walk-in Guest","","","upi","814","41","0","855","completed","Item (2) | Item (1) | Item (1) | Item (1) | Item (1)"
"4b635e6a-010d-467a-bf40-ad903de9cdb7","100081","2026-08-31T14:59:15.997Z","dine-in","Walk-in Guest","","","upi","799","40","0","839","completed","Item (1)"
"e6171e96-3d87-4e87-9d6b-f4580d619d23","100080","2026-08-31T14:52:00.273Z","dine-in","Walk-in Guest","","","upi","199","10","0","209","completed","Item (1)"
"e2974307-0dac-43ba-9543-fde7fa0332d2","100079","2026-08-31T14:50:37.903Z","dine-in","Walk-in Guest","","","upi","99","5","0","104","completed","Item (1)"
"c18d59c1-b4ff-44f2-8ca2-9a3fb7936aa4","100078","2026-08-31T14:46:25.291Z","dine-in","Walk-in Guest","","","upi","240","12","0","252","completed","Item (1)"
"7196f3ea-293d-4282-99c8-fecdb1362501","100077","2026-08-31T14:21:46.958Z","dine-in","Walk-in Guest","","","upi","149","7","0","156","completed","Item (1)"
"1914d928-01cf-42d6-b6cc-6295a21b8871","100076","2026-08-31T14:10:01.315Z","dine-in","Walk-in Guest","","","card","1046","52","0","1098","completed","Item (1) | Item (1) | Item (1) | Item (1) | Item (1) | Item (1)"
"cf43cda6-a659-4edd-8a0c-c1a1717494e7","100075","2026-08-31T13:01:35.839Z","dine-in","Athiswari","9944967956","","upi","446.28999999999996","22","446","468","completed","Item (1) | Item (2) | Item (1) | Item (1)"
"77442278-7798-4b52-a642-61f181d9872f","100074","2026-08-31T12:02:58.655Z","dine-in","Alex","9715585436","","upi","654.29","33","654","687","completed","Item (2) | Item (2) | Item (2) | Item (1)"
"2487acfc-5aab-4e92-87c3-bdac7bf8aa22","100073","2026-08-31T11:43:22.522Z","dine-in","Rakesh","8667826322","","upi","194","10","194","204","completed","Item (1) | Item (1) | Item (1)"
"f924d25b-27c8-487d-8ec7-06b61c0f5fce","100072","2026-08-31T10:12:54.272Z","dine-in","Walk-in Guest","","","cash","199","10","0","209","completed","Item (1)"
"8624a110-0a31-4393-9656-7144b974e938","100071","2026-08-31T10:12:05.493Z","takeaway","Walk-in Guest","","","cash","516","26","0","542","completed","Item (1) | Item (1) | Item (2)"
"647c2c5b-131f-4bc9-9ee0-4cb8630542fc","100070","2026-08-31T09:19:56.753Z","dine-in","Walk-in Guest","","","card","877","44","0","921","completed","Item (1) | Item (1) | Item (1) | Item (1)"
"d809e14c-cd6b-49e3-9ec0-731541ef7ac3","100069","2026-08-31T08:51:07.827Z","dine-in","Walk-in Guest","","","cash","382.29","19","0","401","completed","Item (1) | Item (1) | Item (1) | Item (1)"
"f619dc47-9035-42ec-93db-95e6fcbab0ba","100068","2026-08-31T05:07:54.680Z","dine-in","Walk-in Guest","","","cash","1","0","0","1","cancelled","Item (1)"
"013a648e-7ca9-49d3-bd03-386a9a277f59","100067","2026-08-30T17:01:56.563Z","dine-in","Walk-in Guest","","","upi","687","34","0","721","completed","Item (1) | Item (1) | Item (1) | Item (1)"
"5dd3b110-e8e3-4d96-b255-bcb9cd31be8d","100066","2026-08-30T16:52:16.675Z","dine-in","Walk-in Guest","","","upi","369","18","0","387","completed","Item (1) | Item (1) | Item (1)"
"455b8856-aaee-47bc-bc18-a15efb12abe7","100065","2026-08-30T16:30:44.174Z","dine-in","Walk-in Guest","","","split","799","40","0","839","completed","Item (1)"
"e166d4a2-3b7c-4269-a157-c4256fcfab50","100064","2026-08-30T16:17:20.989Z","dine-in","Walk-in Guest","","","upi","140","7","0","147","completed","Item (1)"
"7cddcf62-143b-477a-a824-361bb50a9c03","100063","2026-08-30T16:12:35.637Z","dine-in","Walk-in Guest","","","upi","499","25","0","524","completed","Item (1) | Item (1) | Item (1)"
"821c879a-9f2e-4d19-ab5a-86394a512fa0","100062","2026-08-30T16:11:12.676Z","dine-in","Walk-in Guest","","","split","449","22","0","471","completed","Item (1)"
"25d65250-ac62-482a-b2e4-3ed51365170c","100061","2026-08-30T15:57:22.027Z","dine-in","Walk-in Guest","","","upi","159","8","0","167","completed","Item (1) | Item (1)"
"b2c05bfa-7561-4a74-9b95-1c3d1362e882","100060","2026-08-30T15:47:46.181Z","dine-in","Walk-in Guest","","","upi","39","2","0","41","completed","Item (1)"
"e733decf-e46c-4874-86a0-bb4d53995c83","100059","2026-08-30T15:44:12.647Z","dine-in","Walk-in Guest","","","upi","279","14","0","293","completed","Item (1) | Item (1)"
"dd58eb27-888e-4b82-ae43-ae1d0884c9f7","100058","2026-08-30T15:17:06.401Z","dine-in","Walk-in Guest","","","upi","673.29","34","0","707","completed","Item (1) | Item (1) | Item (1)"
"c7c989b4-0dfa-439f-a6d7-3d9ca42059b2","100057","2026-08-30T15:15:51.945Z","dine-in","Walk-in Guest","","","upi","738","37","0","775","completed","Item (1) | Item (1) | Item (1) | Item (1)"
"30d5ed9e-2b6b-48fb-8223-2e1c8cad21a0","100056","2026-08-30T15:03:37.877Z","dine-in","Walk-in Guest","","","upi","396","20","0","416","completed","Item (1) | Item (1) | Item (1) | Item (1)"
"76d537d8-56f0-439c-a45c-48028e6bfa37","100055","2026-08-30T14:48:51.773Z","dine-in","Mathi","9629137985","","upi","626","31","626","657","completed","Item (2) | Item (1) | Item (1) | Item (1) | Item (2) | Item (1) | Item (1)"
"eeeb22c7-a6ee-41e4-aa59-50e15b1d74df","100054","2026-08-30T14:24:55.936Z","dine-in","Walk-in Guest","","","upi","120","6","0","126","completed","Item (1)"
"641387e7-bb13-49de-9587-9cd5edce4848","100053","2026-08-30T14:14:28.795Z","dine-in","Walk-in Guest","","","cash","398","20","0","418","completed","Item (1) | Item (1)"
"028d846c-61c5-40de-b610-03b9ad6b5326","100052","2026-08-30T14:13:14.384Z","dine-in","Walk-in Guest","","","cash","449","22","0","471","completed","Item (1)"
"3409a79e-80ad-45fb-99b0-4394bf93cd03","100051","2026-08-30T14:04:35.904Z","dine-in","Walk-in Guest","","","upi","263.29","13","0","276","completed","Item (1) | Item (1)"
"535b043c-82cb-4427-9222-7fb7f1b7b643","100050","2026-08-30T14:01:43.358Z","dine-in","Walk-in Guest","","","cash","394.29","20","99","414","completed","Item (1) | Item (1) | Item (1)"
"30c2535b-5ff5-4903-989a-f705b3506b49","100049","2026-08-30T13:58:58.178Z","dine-in","Walk-in Guest","","","upi","59","3","0","62","completed","Item (1)"
"d4e7df71-d354-4c1e-bc13-efb57ab73014","100048","2026-08-30T13:57:27.067Z","dine-in","Walk-in Guest","","","upi","309","15","0","324","completed","Item (1) | Item (1) | Item (1)"
"872e79d7-2586-405d-92d6-591e50e64408","100047","2026-08-30T13:40:36.423Z","dine-in","Walk-in Guest","","","upi","467","23","0","490","completed","Item (1) | Item (1) | Item (1)"
"21975286-6660-4a86-a383-f87ac566fbc2","100046","2026-08-30T13:37:27.975Z","dine-in","Walk-in Guest","","","upi","369","18","0","387","completed","Item (1) | Item (1)"
"b52f8b3f-3738-4b15-b41d-951ea1ee3b62","100045","2026-08-30T13:32:29.513Z","dine-in","Walk-in Guest","","","cash","419","21","0","440","completed","Item (1) | Item (1)"
"276a9bd1-4bb6-4bef-a164-34ae1b29032c","100044","2026-08-30T13:22:37.266Z","dine-in","Walk-in Guest","","","upi","523","26","0","549","completed","Item (1) | Item (6) | Item (1)"
"fc78a33e-8b6e-48be-918a-50edcf7a09f3","100043","2026-08-30T12:39:11.770Z","dine-in","Walk-in Guest","","","upi","199","10","0","209","completed","Item (1)"
"e099c817-91ee-4bbb-b793-ca96ceefae3e","100042","2026-08-30T12:31:50.089Z","dine-in","Walk-in Guest","","","card","857","43","0","900","completed","Item (1) | Item (1) | Item (1) | Item (1) | Item (1)"
"1c857a59-3576-478f-a249-bc27fd399719","100041","2026-08-30T12:27:44.306Z","dine-in","Walk-in Guest","","","upi","497","25","0","522","completed","Item (1) | Item (1) | Item (1)"
"71e0a1c0-31ea-4498-94f4-b6627bd6d3e1","100040","2026-08-30T12:24:42.239Z","dine-in","Walk-in Guest","","","complimentary","414.29","21","0","435","completed","Item (1) | Item (1) | Item (1)"
"a8c83b12-f63a-434c-bb9e-fea4b7502181","100039","2026-08-30T11:22:43.099Z","dine-in","Walk-in Guest","","","cash","449","22","0","471","completed","Item (1)"
"c6b94e10-b9af-4957-bebc-3676c8b24a60","100038","2026-08-30T11:10:04.403Z","dine-in","Walk-in Guest","","","upi","960","48","0","1008","completed","Item (1) | Item (1)"
"42622666-625b-45cb-85c2-613097b31ee4","100037","2026-08-30T10:54:29.329Z","dine-in","Walk-in Guest","","","upi","39","2","0","41","completed","Item (1)"
"f91b2cc9-3ee4-44ea-b34a-cd2ab310989c","100036","2026-08-30T10:44:11.427Z","dine-in","Walk-in Guest","","","complimentary","354.29","18","0","372","completed","Item (1) | Item (1) | Item (1)"
"f4288e45-c820-4697-becb-ff90045bc18c","100035","2026-08-30T10:42:07.928Z","dine-in","Walk-in Guest","","","upi","289","14","0","303","completed","Item (1) | Item (1)"
"52134643-3cd1-4735-9cca-8abf565aa0e7","100034","2026-08-30T08:47:22.628Z","takeaway","Walk-in Guest","","","card","739","37","0","776","completed","Item (1) | Item (1) | Item (1)"
"b9d34202-fddb-41ce-bdd1-6024cdab588e","100033","2026-08-30T07:08:04.981Z","dine-in","Walk-in Guest","","","upi","279","14","0","293","completed","Item (1)"
"665c4cfb-28c0-48ae-863c-111899b0c898","100032","2026-08-30T06:20:11.081Z","dine-in","Walk-in Guest","","","cash","597","30","0","627","completed","Item (1) | Item (1) | Item (1)"
"20f3b23a-cb4f-4396-a0f4-41619e1cde1f","100031","2026-08-30T05:51:33.772Z","dine-in","Walk-in Guest","","","upi","78","4","0","82","completed","Item (2)"
"9bfc12bc-4e6e-4db5-a35e-2115fd4d809b","100030","2026-08-30T05:51:32.484Z","dine-in","Walk-in Guest","","","split","249","12","0","261","completed","Item (1)"
"ef196570-93b9-4acc-872a-73704970bdd3","100029","2026-08-30T05:51:31.166Z","dine-in","Walk-in Guest","","","cash","96","5","24","101","cancelled","Item (1)"
"9cb1cb0e-d97d-41b0-a5ab-e354630903a4","100028","2026-08-30T05:51:29.839Z","dine-in","Walk-in Guest","","","cash","96","5","24","101","cancelled","Item (1)"
"455ee148-30db-4c0e-9c14-d2efe5821bc4","100027","2026-08-29T16:25:43.309Z","dine-in","Walk-in Guest","","","upi","648","32","0","680","completed","Item (1) | Item (1)"
"31c54428-c1dc-4b41-9329-c5268ceaaead","100026","2026-08-29T16:17:57.643Z","dine-in","Walk-in Guest","","","split","114.29","6","0","120","completed","Item (1)"
"7d1a9610-94b3-4042-b91d-87cf9074a175","100025","2026-08-29T16:11:10.606Z","dine-in","Walk-in Guest","","","upi","289","14","0","303","completed","Item (1) | Item (1)"
"53fb3618-34de-4a5f-93e0-8e3e4e5790c9","100024","2026-08-29T16:06:15.921Z","dine-in","Walk-in Guest","","","upi","398","20","0","418","completed","Item (1) | Item (1)"
"c8615f2c-7751-4a33-8600-9a11ee21401d","100023","2026-08-29T15:52:11.541Z","dine-in","Walk-in Guest","","","upi","546","27","0","573","completed","Item (1) | Item (2) | Item (1)"
"f9cac007-c67f-4965-8eac-1fd0eb4c18e1","100022","2026-08-29T15:43:01.653Z","dine-in","Walk-in Guest","","","split","199","10","0","209","completed","Item (1)"
"e2c19f16-e70d-4d8e-9e6a-d2255a9ae23f","100021","2026-08-29T15:41:57.337Z","dine-in","Walk-in Guest","","","cash","719","36","0","755","completed","Item (1) | Item (1)"
"fb22af10-2bc2-482b-beb9-928dfc1b28e2","100020","2026-08-29T15:36:18.011Z","dine-in","Walk-in Guest","","","upi","803.29","40","0","843","completed","Item (1) | Item (1) | Item (1)"
"7e4e5625-5d84-466d-ba4e-9536d06338f4","100019","2026-08-29T15:26:49.516Z","dine-in","Walk-in Guest","","","upi","449","22","0","471","completed","Item (1)"
"ca1fbf9e-b2c2-4a91-8a95-95e75e29f316","100018","2026-08-29T15:14:11.770Z","dine-in","Walk-in Guest","","","upi","1140.29","57","0","1197","completed","Item (1) | Item (1) | Item (1) | Item (1) | Item (1) | Item (1) | Item (1) | Item (1)"
"368501de-6b19-4c98-8bfc-0c8f27fff80d","100017","2026-08-29T14:58:24.230Z","dine-in","Walk-in Guest","","","upi","255","13","64","268","completed","Item (1) | Item (1)"
"4cb0356b-b112-41e4-8b3b-7ad24ca8a059","100016","2026-08-29T14:57:57.874Z","dine-in","Anu","9500591245","","upi","478","24","479","502","completed","Item (1) | Item (1) | Item (1) | Item (1) | Item (1)"
"a9d8dbd8-d89d-4746-9fd4-c2eb89cf3ce6","100015","2026-08-29T14:48:45.153Z","dine-in","Walk-in Guest","","","upi","538","27","0","565","completed","Item (1) | Item (1) | Item (1)"
"4d65636e-0a97-43eb-9ff5-970207c95a59","100014","2026-08-29T14:44:02.475Z","dine-in","Walk-in Guest","","","cash","78","4","0","82","completed","Item (2)"
"e8550ff4-f93a-4e36-9322-394f09044e2c","100013","2026-08-29T14:42:15.277Z","dine-in","Walk-in Guest","","","cash","39","2","0","41","completed","Item (1)"
"59493dd8-1870-4306-b406-cfaf57e9670f","100012","2026-08-29T14:29:58.437Z","takeaway","Walk-in Guest","","","upi","559","28","0","587","completed","Item (1) | Item (1)"
"53d49316-489d-4304-bc67-fe053566cf0d","100011","2026-08-29T14:29:11.781Z","takeaway","Walk-in Guest","","","upi","648","32","0","680","completed","Item (1) | Item (1)"
"92d67b34-40ff-400e-bc39-7c6a99062ef3","100010","2026-08-29T14:13:02.855Z","dine-in","Walk-in Guest","","","split","617","31","0","648","completed","Item (1) | Item (1) | Item (1)"
"f75f5fb9-1bf4-4c5c-9d77-6ae244de621d","100009","2026-08-29T14:07:13.301Z","dine-in","Walk-in Guest","","","upi","759","38","0","797","completed","Item (1) | Item (1)"
"89bf6ab0-a9a3-4034-91db-e8ed75701163","100008","2026-08-29T14:03:08.407Z","dine-in","Walk-in Guest","","","upi","1144","57","0","1201","completed","Item (2) | Item (1) | Item (1) | Item (1) | Item (1) | Item (1)"
"06bfbbad-98a5-409f-85ef-836d68687c68","100007","2026-08-29T13:55:27.365Z","dine-in","Walk-in Guest","","","card","826.29","41","207","867","completed","Item (1) | Item (1) | Item (1)"
"a31fa76a-0aa8-44bf-9080-df1a8d9f86db","100006","2026-08-29T13:50:52.689Z","dine-in","Walk-in Guest","","","cash","397","20","0","417","completed","Item (1) | Item (1) | Item (1)"
"02a19089-54db-41e9-8fc2-deffc5783ddd","100005","2026-08-29T13:47:36.775Z","takeaway","Walk-in Guest","","","upi","398","20","0","418","completed","Item (1) | Item (1)"
"f894c16b-72ae-41f7-8081-a007c589e96c","100004","2026-08-29T13:28:38.110Z","dine-in","Walk-in Guest","","","split","528","26","0","554","completed","Item (1) | Item (1) | Item (1)"
"c15dfe82-7c02-4ab2-9b72-5588591598d8","100003","2026-08-29T12:56:26.881Z","dine-in","Walk-in Guest","","","upi","179","9","0","188","completed","Item (1) | Item (1)"
"15d987d6-ab05-4a49-997f-a98b1c93fdbd","100002","2026-08-29T12:41:22.006Z","dine-in","Walk-in Guest","","","complimentary","878","44","0","922","completed","Item (1) | Item (1) | Item (1) | Item (1)"
"77caa613-2807-411a-a21a-2d286ae7caa7","100001","2026-08-29T12:30:41.992Z","dine-in","Walk-in Guest","","","complimentary","597","30","0","627","completed","Item (3)"
"f8a16181-7712-4c4e-be9d-086f3910bb15","100000","2026-08-29T11:33:02.814Z","takeaway","Walk-in Guest","","","card","939","47","0","986","completed","Item (1) | Item (1)"
"debug-12345","99999","2026-08-29T09:21:54.315Z","dine-in","Walk-in Guest","","","cash","0","0","0","0","completed",""
"res_ddgw22v","1205","2026-08-28T17:45:00.000Z","dine-in","Guest","","","cash","976","49","0","1025","completed","Item (1) | Item (1) | Item (3)"
"03d7d124-7001-4e49-ac5b-60ff157490db","1204","2026-08-28T17:03:57.831Z","dine-in","Walk-in Guest","","","cash","0","0","0","209","completed",""
"ee7a38a0-91df-4bdf-a4c1-1db9833bd273","1203","2026-08-28T16:57:19.544Z","dine-in","Walk-in Guest","","","upi","0","0","0","147","completed",""
"cf37720b-d5ac-4a58-8922-cfce04ee6102","1202","2026-08-28T16:35:22.471Z","dine-in","Walk-in Guest","","","upi","0","0","0","460","completed",""
"res_ucp4a2y","1201","2026-08-28T15:30:39.854Z","takeaway","Walk-in Guest","","","split","995","50","0","1045","completed",""
"res_lhu7848","1201","2026-08-28T15:30:39.854Z","takeaway","Walk-in Guest","","","split","995","50","0","1045","completed","Item (1) | Item (1) | Item (1)"
"res_p3fgv9w","1200","2026-08-28T15:29:00.264Z","dine-in","Walk-in Guest","","","split","388","19","0","407","completed",""
"res_dhkhoz2","1200","2026-08-28T15:29:00.264Z","dine-in","Walk-in Guest","","","split","388","19","0","407","completed","Item (1) | Item (1)"
"res_5d2p7t2","1199","2026-08-28T15:20:38.583Z","dine-in","Walk-in Guest","","","upi","199","10","0","209","completed",""
"res_ttumw5y","1199","2026-08-28T15:20:38.583Z","dine-in","Walk-in Guest","","","upi","199","10","0","209","completed","Item (1)"
"res_x5gegl8","1198","2026-08-28T15:19:32.636Z","dine-in","Walk-in Guest","","","cash","1256","63","0","1319","completed",""
"res_b0ukn1p","1198","2026-08-28T15:19:32.636Z","dine-in","Walk-in Guest","","","cash","1256","63","0","1319","completed","Item (1) | Item (1) | Item (2) | Item (2)"
"res_86wuohn","1197","2026-08-28T15:07:26.948Z","dine-in","Walk-in Guest","","","split","398","20","0","418","completed",""
"res_28kop0s","1197","2026-08-28T15:07:26.948Z","dine-in","Walk-in Guest","","","split","398","20","0","418","completed","Item (1) | Item (1)"
"res_2kne8uu","1196","2026-08-28T15:01:00.729Z","dine-in","Walk-in Guest","","","upi","258","13","0","271","completed",""
"res_8r05r0w","1196","2026-08-28T15:01:00.729Z","dine-in","Walk-in Guest","","","upi","258","13","0","271","completed","Item (1) | Item (1)"
"res_u1xywwh","1195","2026-08-28T14:43:11.273Z","takeaway","Birto","7548881336","","upi","578","29","579","607","completed",""
"res_ox4vo3a","1195","2026-08-28T14:43:11.273Z","takeaway","Birto","7548881336","","upi","578","29","579","607","completed","Item (1) | Item (2) | Item (2)"
"res_tjy0oeb","1194","2026-08-28T14:40:44.224Z","takeaway","Walk-in Guest","","","upi","449","22","0","471","completed","Item (1)"
"res_fc3veol","1194","2026-08-28T14:40:44.224Z","takeaway","Walk-in Guest","","","upi","449","22","0","471","completed","Item (1)"
"res_270vipm","1193","2026-08-28T14:31:43.091Z","dine-in","Sugapathi","6369735727","","upi","1308","65","1309","1373","completed",""
"res_jvadtk3","1193","2026-08-28T14:31:43.091Z","dine-in","Sugapathi","6369735727","","upi","1308","65","1309","1373","completed","Item (1) | Item (1) | Item (1) | Item (1)"
"res_q00fcz1","1192","2026-08-28T14:18:07.663Z","dine-in","Walk-in Guest","","","upi","199","10","0","209","completed",""
"res_gc2zxmg","1192","2026-08-28T14:18:07.663Z","dine-in","Walk-in Guest","","","upi","199","10","0","209","completed","Item (1)"
"res_qtaw4vp","1191","2026-08-28T13:50:18.895Z","dine-in","Walk-in Guest","","","upi","412","21","0","433","completed",""
"res_nei8znr","1191","2026-08-28T13:50:18.895Z","dine-in","Walk-in Guest","","","upi","412","21","0","433","completed","Item (1) | Item (1) | Item (1) | Item (1)"
"res_u280vit","1190","2026-08-28T13:45:25.300Z","dine-in","Walk-in Guest","","","upi","319","16","0","335","completed","Item (1) | Item (1)"
"res_fmn5za0","1190","2026-08-28T13:45:25.300Z","dine-in","Walk-in Guest","","","upi","319","16","0","335","completed","Item (1) | Item (1)"
"res_socz5em","1189","2026-08-28T13:37:05.593Z","dine-in","Walk-in Guest","","","upi","140","7","0","147","completed","Item (1)"
"res_4g5enwj","1189","2026-08-28T13:37:05.593Z","dine-in","Walk-in Guest","","","upi","140","7","0","147","completed","Item (1)"
"res_tkfwkw9","1188","2026-08-28T13:31:34.737Z","takeaway","Walk-in Guest","","","card","360","18","0","378","completed","Item (1)"
"res_zd340kn","1188","2026-08-28T13:31:34.737Z","takeaway","Walk-in Guest","","","card","360","18","0","378","completed","Item (1)"
"res_i35zzgz","1187","2026-08-28T13:05:47.827Z","dine-in","Walk-in Guest","","","split","318","16","79","334","completed",""
"res_vu2gn96","1187","2026-08-28T13:05:47.827Z","dine-in","Walk-in Guest","","","split","318","16","79","334","completed","Item (1) | Item (1) | Item (1)"
"res_32k1750","1186","2026-08-28T12:45:19.662Z","dine-in","Walk-in Guest","","","cash","114","6","0","120","completed","Item (1)"
"res_xar21hh","1186","2026-08-28T12:45:19.662Z","dine-in","Walk-in Guest","","","cash","114","6","0","120","completed","Item (1)"
"res_d3ngj99","1185","2026-08-28T12:41:20.319Z","takeaway","Walk-in Guest","","","upi","219","11","0","230","completed","Item (1) | Item (1)"
"res_q17nw6p","1185","2026-08-28T12:41:20.319Z","takeaway","Walk-in Guest","","","upi","219","11","0","230","completed","Item (1) | Item (1)"
"res_ozou9nt","1184","2026-08-28T12:25:56.530Z","dine-in","Walk-in Guest","","","cash","240","12","0","252","completed","Item (1)"
"res_f5pfq1g","1184","2026-08-28T12:25:56.530Z","dine-in","Walk-in Guest","","","cash","240","12","0","252","completed","Item (1)"
"res_edej05r","1183","2026-08-28T11:50:49.071Z","dine-in","Walk-in Guest","","","upi","199","10","0","209","completed","Item (1)"
"res_9zee9dw","1183","2026-08-28T11:50:49.071Z","dine-in","Walk-in Guest","","","upi","199","10","0","209","completed","Item (1)"
"res_0jmvw3z","2009","2026-08-28T10:59:11.346Z","dine-in","Walk-in Guest","","","upi","199","10","0","209","completed","Item (1)"
"res_gf7p3v8","2009","2026-08-28T10:59:11.346Z","dine-in","Walk-in Guest","","","upi","199","10","0","209","completed","Item (1)"
"res_w578kx0","2008","2026-08-28T09:43:38.376Z","dine-in","Walk-in Guest","","","cash","478","24","0","502","completed",""
"res_7jx208w","2008","2026-08-28T09:43:38.376Z","dine-in","Walk-in Guest","","","cash","478","24","0","502","completed","Item (1) | Item (2)"
"res_2vqc4g6","2007","2026-08-28T08:52:36.763Z","dine-in","Gokul","8428079770","","upi","1400","70","1401","1470","completed",""
"res_tanuxtb","2007","2026-08-28T08:52:36.763Z","dine-in","Gokul","8428079770","","upi","1400","70","1401","1470","completed","Item (2) | Item (1) | Item (1) | Item (1)"
"res_ngl61pd","2006","2026-08-28T08:15:34.269Z","dine-in","Walk-in Guest","","","upi","2734","137","0","2872","completed",""
"res_amoaahj","2006","2026-08-28T08:15:34.269Z","dine-in","Walk-in Guest","","","upi","2734","137","0","2872","completed","Item (1) | Item (1) | Item (1) | Item (1) | Item (2)"
"res_scdzfxy","2005","2026-08-28T08:08:24.022Z","dine-in","Walk-in Guest","","","card","497","25","0","522","completed",""
"res_2e1rjo4","2005","2026-08-28T08:08:24.022Z","dine-in","Walk-in Guest","","","card","497","25","0","522","completed","Item (1) | Item (1) | Item (2)"
"res_44gq633","2004","2026-08-28T07:57:05.892Z","dine-in","Walk-in Guest","","","cash","118","6","0","124","completed","Item (1) | Item (1)"
"res_rn3nbmf","2004","2026-08-28T07:57:05.892Z","dine-in","Walk-in Guest","","","cash","118","6","0","124","completed","Item (1) | Item (1)"
"res_cvynd0n","2003","2026-08-28T07:44:29.560Z","dine-in","Walk-in Guest","","","upi","648","32","0","680","completed","Item (1) | Item (1)"
"res_04zm59g","2003","2026-08-28T07:44:29.560Z","dine-in","Walk-in Guest","","","upi","648","32","0","680","completed","Item (1) | Item (1)"
"res_ij74bjm","2002","2026-08-28T06:57:46.478Z","dine-in","Walk-in Guest","","","upi","199","10","0","209","completed",""
"res_0ady0qf","2002","2026-08-28T06:57:46.478Z","dine-in","Walk-in Guest","","","upi","199","10","0","209","completed","Item (1)"
"1994f867-e9e7-49c2-b9f6-fb1e7ea72860","2001","2026-08-27T17:03:50.512Z","dine-in","Walk-in Guest","","","cash","488","24","0","512","completed","Item (1) | Item (1) | Item (1)"
"9c6c254e-807e-49ed-860d-94c2b67acf2e","2000","2026-08-27T16:35:29.451Z","dine-in","Barath","8110051937","","upi","1018","51","1018","1069","completed","Item (1) | Item (1) | Item (1) | Item (1) | Item (1) | Item (1)"
"d3112c18-a2c0-42ba-a13d-4312076dbc77","1999","2026-08-27T15:50:54.704Z","takeaway","Walk-in Guest","","","split","398","20","0","418","completed","Item (2)"
"74c3eae8-e6f7-4c07-bba4-38cddab30b2f","1998","2026-08-27T15:28:26.508Z","dine-in","Walk-in Guest","","","card","349","17","0","366","completed","Item (1) | Item (1)"
"055beccc-0a5f-4ee6-bcab-154925cf1471","1997","2026-08-27T15:22:53.751Z","dine-in","Gopi","9361664258","","upi","398","20","398","418","completed","Item (1) | Item (1) | Item (1) | Item (1) | Item (1)"
"98daf29c-60d9-412a-b6d9-87e70776f654","1996","2026-08-27T15:14:18.935Z","dine-in","Sivaranjini","9791209402","","card","407","20","407","427","completed","Item (1) | Item (2) | Item (1) | Item (3)"
"9be4517f-eb36-4867-95bb-b7d57f3433af","1995","2026-08-27T15:01:25.091Z","dine-in","mohammad irfan khan","8883423283","","upi","610","31","610","641","completed","Item (2) | Item (1) | Item (3) | Item (1) | Item (1) | Item (1)"
"7125a9c9-4be1-4007-a5ad-42911dd5f5b5","1994","2026-08-27T14:45:48.549Z","takeaway","Saravanan","9994180183","","card","708","35","709","743","completed","Item (1) | Item (1) | Item (1) | Item (1) | Item (1) | Item (1) | Item (1)"
"559cb5e0-fa88-4534-a0e7-9a40d7479bf1","1993","2026-08-27T14:35:02.517Z","dine-in","Vignesh","7094404471","","split","749","37","749","786","completed","Item (4) | Item (3) | Item (3) | Item (1) | Item (1) | Item (1)"
"05cfc5d3-3c64-4316-be98-14ee75d10473","1992","2026-08-27T14:02:06.788Z","dine-in","Walk-in Guest","","","upi","72","4","18","76","completed","Item (1)"
"357a7560-0bb4-4200-aacc-4c95c72b4fe2","1991","2026-08-27T13:42:43.584Z","dine-in","Walk-in Guest","","","split","449","22","0","471","completed","Item (1)"
"02f7bc76-51d1-420b-95b9-f078963df306","1990","2026-08-27T12:36:39.731Z","dine-in","Walk-in Guest","","","upi","717","36","0","753","completed","Item (1) | Item (1) | Item (1) | Item (1)"
"4bdb40d3-dfbb-41a3-94aa-535bfb73f0f9","1989","2026-08-27T12:08:23.710Z","dine-in","Walk-in Guest","","","upi","298","15","0","313","completed","Item (1) | Item (1)"
"5c602c49-18b0-44a7-ae3d-7515982c5f2e","1988","2026-08-27T11:45:55.015Z","dine-in","Walk-in Guest","","","upi","348","17","0","365","completed","Item (1) | Item (1)"
"edbaa875-1db2-4b45-a02b-048b3855695c","1987","2026-08-27T11:25:23.359Z","dine-in","Walk-in Guest","","","upi","96","5","24","101","completed","Item (1)"
"ca86b31b-2d9b-423e-b81e-486d17bfc08c","1986","2026-08-27T09:11:34.688Z","dine-in","Walk-in Guest","","","upi","118","6","0","124","completed","Item (1) | Item (1)"
"940025a2-1583-444a-bb2f-8a0005d773ed","1985","2026-08-27T09:00:35.588Z","dine-in","Walk-in Guest","","","upi","240","12","0","252","completed","Item (1)"
"f387d20f-bb9d-4683-b3b7-a553022b0bdf","1984","2026-08-27T08:57:17.759Z","dine-in","Walk-in Guest","","","upi","78","4","0","82","completed","Item (2)"
"fc699a0e-fc6a-4920-a69e-237d8f3df24d","1983","2026-08-27T08:11:11.207Z","dine-in","Walk-in Guest","","","upi","449","22","0","471","completed","Item (1)"
"e27a7760-fabc-4afb-ab43-51ef53c93062","1982","2026-08-27T07:03:58.587Z","dine-in","Walk-in Guest","","","upi","617","31","0","648","completed","Item (1) | Item (1) | Item (2)"
"786dc9a9-3a5c-4eb0-82bb-97d991d92995","1981","2026-08-26T15:56:16.031Z","dine-in","Walk-in Guest","","","upi","192","10","48","202","completed","Item (1)"
"6f31ca68-1e61-4264-a9f6-c1082f0146c7","1980","2026-08-26T15:55:11.319Z","dine-in","Bala","8124624955","","upi","331.28999999999996","17","332","348","completed","Item (1) | Item (1) | Item (1) | Item (1) | Item (1)"
"d25f50a8-1cf1-474a-a83c-11d20a05018a","1979","2026-08-26T15:46:45.429Z","dine-in","Walk-in Guest","","","upi","120","6","0","126","completed","Item (1)"
"d9d4c58b-bc20-486e-9b0a-66155b6e1985","1978","2026-08-26T15:39:13.258Z","dine-in","Walk-in Guest","","","complimentary","228.58","11","0","240","completed","Item (2)"
"bd83dde3-d5fb-47fb-b976-ac91553c2c1e","1977","2026-08-26T15:25:28.113Z","dine-in","Walk-in Guest","","","upi","99","5","0","104","completed","Item (1)"
"8d791012-f185-4cbf-b792-f3dc62c3ab30","1976","2026-08-26T15:23:49.561Z","dine-in","Walk-in Guest","","","upi","351","18","88","369","completed","Item (1) | Item (1) | Item (1)"
"185a8d0c-d725-44e7-a175-90c9ebbdbbd4","1975","2026-08-26T14:49:28.833Z","dine-in","Walk-in Guest","","","upi","456","23","114","479","completed","Item (1) | Item (1) | Item (2) | Item (1)"
"ea573de4-062d-4fb1-89de-5c6bdfd98044","1974","2026-08-26T14:47:34.175Z","dine-in","Walk-in Guest","","","upi","734","37","183","771","completed","Item (1) | Item (1) | Item (1) | Item (1) | Item (1)"
"ffbc8ab7-f905-4587-867e-cdd2a420bc32","1973","2026-08-26T14:41:15.411Z","dine-in","Walk-in Guest","","","split","527","26","132","553","completed","Item (1) | Item (1) | Item (1)"
"46375d7d-75da-4039-ae95-9f4741c38283","1972","2026-08-26T14:21:35.964Z","dine-in","Walk-in Guest","","","upi","96","5","24","101","completed","Item (1)"
"9721ad49-2010-459a-a954-0a320edc2b10","1971","2026-08-26T14:20:42.276Z","dine-in","Walk-in Guest","","","upi","358","18","89","376","completed","Item (1) | Item (1) | Item (1)"
"350650ed-f04c-4a55-ae94-32ebad3685f6","1970","2026-08-26T13:54:14.524Z","dine-in","Walk-in Guest","","","upi","99","5","0","104","completed","Item (1)"
"039a6f38-2316-4605-9491-8666f5595fe2","1969","2026-08-26T13:39:07.622Z","dine-in","Walk-in Guest","","","upi","430","22","108","452","completed","Item (1) | Item (1) | Item (1) | Item (1)"
"8a48cb01-5a2a-4bbf-b6cb-6cd5a5178160","1968","2026-08-26T11:33:50.243Z","dine-in","Walk-in Guest","","","upi","239","12","0","251","completed","Item (1) | Item (1)"
"3f4783ee-5f7c-48b6-b4c3-4b2b336fb4c0","1967","2026-08-26T10:19:09.171Z","dine-in","Walk-in Guest","","","upi","199","10","0","209","completed","Item (1)"
"956d7146-15d0-47aa-8ec7-4b35c9741dbb","1966","2026-08-26T10:17:55.221Z","takeaway","Walk-in Guest","","","upi","717","36","0","753","completed","Item (1) | Item (3)"
"7a2ed02d-4c61-47ca-9994-9bfb884cc36b","1965","2026-08-26T07:39:32.868Z","dine-in","Walk-in Guest","","","cash","90","5","0","95","completed","Item (1)"
"58727ddc-d7b0-4061-92fb-923225a36dc7","1964","2026-08-26T07:01:34.475Z","dine-in","Walk-in Guest","","","upi","1098","55","0","1153","completed","Item (1) | Item (1) | Item (1) | Item (1) | Item (1)"
"fe0e99da-85ec-4498-aa6c-ac03a32ce889","1963","2026-08-26T06:19:07.789Z","dine-in","Walk-in Guest","","","cash","449","22","0","471","completed","Item (1)"
"e871dcbf-d3f6-4fb6-996d-102b8fdb9213","1962","2026-08-25T16:56:48.869Z","dine-in","Walk-in Guest","","","upi","298","15","0","313","completed","Item (1) | Item (1)"
"4d7fd8b7-4e6f-4986-8165-72d41da516ab","1961","2026-08-25T16:49:13.334Z","dine-in","Walk-in Guest","","","split","99","5","0","104","completed","Item (1)"
"eb55aa40-6aa8-4c11-b51f-8ce174e434d5","1960","2026-08-25T16:37:37.638Z","dine-in","Walk-in Guest","","","split","199","10","0","209","completed","Item (1)"
"601acc34-7be1-445c-87ee-0da0b50b287e","1959","2026-08-25T16:19:35.196Z","dine-in","Walk-in Guest","","","upi","398","20","0","418","completed","Item (1) | Item (1)"
"ee81a921-c524-4c86-afe1-cf440644fff6","1958","2026-08-25T15:48:47.076Z","dine-in","Walk-in Guest","","","cash","70","4","0","74","completed","Item (1)"
"9f2a4458-fd1d-4288-adcd-fd0fddcfd559","1957","2026-08-25T15:22:33.124Z","dine-in","Walk-in Guest","","","upi","90","5","0","95","completed","Item (1)"
"8d603400-6f95-4b54-913a-01affbeb591d","1956","2026-08-25T15:19:59.281Z","dine-in","Walk-in Guest","","","split","120","6","0","126","completed","Item (1)"
"d04adc5d-e039-4cec-a74c-e2cb44deede5","1955","2026-08-25T15:03:09.459Z","dine-in","Customer","8608578769","","upi","248","12","249","260","completed","Item (1) | Item (1) | Item (1)"
"529c544f-12d5-4f0e-b0ee-012615719ebd","1954","2026-08-25T14:48:52.313Z","dine-in","Walk-in Guest","","","cash","180","9","0","189","completed","Item (1)"
"22f5fea4-9dba-4c31-b855-936e5e33d6b1","1953","2026-08-25T14:28:03.001Z","dine-in","Walk-in Guest","","","upi","399","20","0","419","completed","Item (1) | Item (1)"
"92d7324c-beb1-4212-837d-de84f74a59c2","1952","2026-08-25T14:15:30.717Z","dine-in","Walk-in Guest","","","cash","249","12","0","261","completed","Item (1)"
"1656393a-b9ae-49bf-be75-5c3309f2d088","1951","2026-08-25T14:01:35.858Z","dine-in","Walk-in Guest","","","cash","379","19","0","398","completed","Item (1) | Item (1) | Item (1)"
"5a8123c0-a720-4727-bb68-43908fed3aff","1950","2026-08-25T13:58:17.048Z","dine-in","Walk-in Guest","","","cash","699","35","0","734","completed","Item (1)"
"9d7e37d5-4a61-4f47-999a-9b8d7e410532","1949","2026-08-25T13:42:51.744Z","dine-in","Walk-in Guest","","","upi","409","20","409","429","completed","Item (1) | Item (1) | Item (1) | Item (1) | Item (1)"
"58f1112a-c989-42ed-adfa-2d99f644ee14","1948","2026-08-25T13:34:25.545Z","dine-in","Walk-in Guest","","","upi","913.29","46","0","959","completed","Item (1) | Item (1)"
"a4e178f3-c59d-48a6-9756-3098c17ad6d8","1947","2026-08-25T13:30:28.580Z","dine-in","Walk-in Guest","","","upi","827","41","0","868","completed","Item (1) | Item (1) | Item (1) | Item (1) | Item (1)"
"bff24be6-5d82-4bcc-9e8e-5fb21a6dbd01","1946","2026-08-25T12:25:23.180Z","dine-in","Walk-in Guest","","","split","419","21","0","440","completed","Item (1) | Item (1)"
"4027b41b-6812-4f63-8138-b0d1c84b9f96","1945","2026-08-25T12:17:36.528Z","dine-in","Walk-in Guest","","","upi","238","12","60","250","completed","Item (1) | Item (1)"
"8463885b-c0e9-4378-9407-062390bc1345","1944","2026-08-25T11:48:42.393Z","dine-in","Walk-in Guest","","","cash","360","18","0","378","cancelled","Item (1) | Item (1)"
"0c1bc567-7c4a-4f4a-9cf5-fb450190fe04","1943","2026-08-25T11:47:40.964Z","dine-in","Walk-in Guest","","","cash","360","18","0","378","completed","Item (1) | Item (1)"
"f9e9c527-dcca-4692-8603-216689ad2ed9","1942","2026-08-25T11:29:02.047Z","dine-in","Walk-in Guest","","","cash","78","4","0","82","completed","Item (2)"
"294b6ea6-8beb-4b0d-b5e6-936d22c67c1c","1941","2026-08-25T11:17:38.436Z","dine-in","Walk-in Guest","","","upi","99","5","0","104","completed","Item (1)"
"acb4adfb-1e4f-4983-8775-3f5472cfc902","1940","2026-08-25T10:56:20.767Z","dine-in","Walk-in Guest","","","cash","239","12","0","251","completed","Item (1) | Item (1)"
"b7298da5-d5ca-4ae0-8e71-fe7331ded854","1939","2026-08-25T07:51:15.656Z","dine-in","Walk-in Guest","","","cash","208","10","0","218","completed","Item (1) | Item (1)"
"34daa1dd-431a-4eb8-bc1d-ee2919c6ac4c","1938","2026-08-25T06:47:50.144Z","dine-in","Walk-in Guest","","","upi","553.29","28","0","581","completed","Item (1) | Item (1) | Item (1)"
"47d01e8a-0c4b-4f8d-9eef-052976ddb231","1937","2026-08-24T16:49:45.825Z","dine-in","Walk-in Guest","","","card","369","18","0","387","completed","Item (1) | Item (1)"
"5a8e9aa1-fbb9-40b3-bbb9-f13349e2022d","1936","2026-08-24T16:43:05.534Z","dine-in","Walk-in Guest","","","upi","348","17","0","365","completed","Item (1) | Item (1)"
"582c8fd1-eaf8-46cb-ae08-60cea01792b4","1935","2026-08-24T16:31:35.371Z","takeaway","Walk-in Guest","","","upi","453.29","23","0","476","completed","Item (1) | Item (1) | Item (1)"
"e312f4b8-a332-44a0-864a-8a5cbd57cbaa","1934","2026-08-24T16:07:37.072Z","dine-in","Walk-in Guest","","","upi","796","40","0","836","completed","Item (1) | Item (1) | Item (1) | Item (1)"
"1abfb4b5-badb-4605-8105-77d93f3bfeb7","1933","2026-08-24T15:52:11.146Z","dine-in","Walk-in Guest","","","upi","149","7","0","156","completed","Item (1)"
"973a4da9-153c-413c-9874-b7974b12db4e","1932","2026-08-24T15:16:43.875Z","dine-in","Walk-in Guest","","","upi","819","41","0","860","completed","Item (1) | Item (1)"
"d413fb8b-e6a5-46ef-ab9d-821499a74e03","1931","2026-08-24T15:02:30.039Z","dine-in","Walk-in Guest","","","upi","400","20","400","420","completed","Item (1)"
"1f75f07d-1cb7-4530-9fbe-c12a5623cb5a","1930","2026-08-24T14:31:43.283Z","dine-in","Walk-in Guest","","","upi","509","25","0","534","completed","Item (1) | Item (1) | Item (1)"
"7137ec95-939a-4604-a26d-e68e87bb11e7","1929","2026-08-24T14:29:44.101Z","dine-in","Walk-in Guest","","","cash","403.29","20","0","423","completed","Item (1) | Item (1) | Item (1)"
"e468f139-98a0-4de5-b802-eae9b0861ce3","1928","2026-08-24T13:47:59.977Z","takeaway","Walk-in Guest","","","cash","420","21","0","441","completed","Item (1) | Item (1)"
"b346509b-651e-48b8-8a14-76d7f7973623","1927","2026-08-24T13:44:07.401Z","dine-in","Walk-in Guest","","","complimentary","198","10","0","208","completed","Item (1) | Item (1)"
"f21ff2d4-d51b-4917-b04a-25dda99aa322","1926","2026-08-24T13:33:47.596Z","dine-in","Walk-in Guest","","","upi","140","7","0","147","completed","Item (1)"
"cbf4e240-262d-41b6-bbf6-26f92fc3834d","1925","2026-08-24T13:12:29.380Z","dine-in","Walk-in Guest","","","upi","199","10","0","209","completed","Item (1)"
"963fecf7-5e81-42e2-afa3-5040070dd27f","1924","2026-08-24T12:56:48.909Z","dine-in","Walk-in Guest","","","upi","199","10","0","209","completed","Item (1)"
"25eb015c-eb62-472f-816a-ac81570f9a34","1923","2026-08-24T12:46:44.876Z","dine-in","Walk-in Guest","","","card","199","10","0","209","completed","Item (1)"
"0cd5e370-c731-4bed-9c6d-fb51b89855db","1922","2026-08-24T12:18:49.697Z","takeaway","Walk-in Guest","","","upi","240","12","0","252","completed","Item (1)"
"f7580f2c-8cdb-4dd7-b6a3-bd40931d5b7a","1921","2026-08-24T11:30:43.446Z","dine-in","Walk-in Guest","","","upi","199","10","0","209","completed","Item (1)"
"f1e0dd7a-4fd9-4737-b441-a81e4e3b347f","1920","2026-08-24T11:18:13.070Z","dine-in","Walk-in Guest","","","upi","556","28","0","584","completed","Item (2) | Item (1) | Item (1)"
"bb265917-da87-4116-9695-a4ef4b8995d1","1919","2026-08-24T09:48:21.373Z","dine-in","Walk-in Guest","","","split","319","16","0","335","completed","Item (1) | Item (1)"
"f5b9b42f-a2ce-4c36-92d5-4971c1a50a27","1918","2026-08-24T08:52:18.724Z","dine-in","Walk-in Guest","","","cash","239","12","0","251","completed","Item (1) | Item (1)"
"992824ab-c70b-41dc-9a33-9ce084aa74d7","1917","2026-08-24T08:50:06.976Z","dine-in","Walk-in Guest","","","upi","114.29","6","0","120","completed","Item (1)"
"3d121c4c-b147-418e-88f3-03ba6854c19c","1916","2026-08-24T08:49:20.060Z","dine-in","Walk-in Guest","","","upi","1203","60","0","1263","completed","Item (1) | Item (1) | Item (1) | Item (2) | Item (1) | Item (1) | Item (1)"
"29023dec-ee99-49c4-abe7-5613c5b22447","1915","2026-08-24T08:45:35.961Z","dine-in","Walk-in Guest","","","upi","433.29","22","0","455","completed","Item (1) | Item (1) | Item (1)"
"1307c510-c939-4ea2-9781-169e3aff29c3","1914","2026-08-24T08:41:55.243Z","dine-in","Walk-in Guest","","","upi","208","10","0","218","completed","Item (1) | Item (1)"
"19b496d8-f1b3-486e-b71f-fbf552b506f5","1913","2026-08-24T07:53:11.351Z","dine-in","Walk-in Guest","","","cash","179","9","0","188","completed","Item (1) | Item (1)"
"7dd14117-224b-48c0-9f51-dd988578d2a5","1912","2026-08-24T06:24:01.275Z","dine-in","Walk-in Guest","","","card","449","22","0","471","completed","Item (1)"
"9ec43955-fbfa-4dfa-8cc6-9c307e24c6f9","1911","2026-08-23T16:49:05.002Z","dine-in","Walk-in Guest","","","upi","118","6","0","124","completed","Item (1) | Item (1)"
"71ecd195-1069-43cd-92e2-a4406f6b3498","1910","2026-08-23T16:35:38.987Z","dine-in","Walk-in Guest","","","upi","288","14","72","302","completed","Item (1)"
"a767b855-7b99-4171-a20b-44545c0c7e13","1909","2026-08-23T16:29:25.738Z","dine-in","Walk-in Guest","","","upi","398","20","0","418","completed","Item (2)"
"be52cb66-e09b-47e0-a8e8-524de51425d0","1908","2026-08-23T16:17:03.441Z","dine-in","Walk-in Guest","","","upi","199","10","0","209","completed","Item (1)"
"e685cc14-4237-43d3-8e09-dbdff2df374a","1907","2026-08-23T15:55:57.546Z","dine-in","Walk-in Guest","","","upi","547","27","0","574","completed","Item (1) | Item (1) | Item (1)"
"0e1d7c6b-4429-413d-bf10-995147e03205","1906","2026-08-23T15:52:09.336Z","dine-in","Walk-in Guest","","","upi","1647","82","0","1729","completed","Item (1) | Item (1) | Item (1)"
"812c3ab0-a82d-42e4-8bfc-267033e24b26","1905","2026-08-23T15:46:10.859Z","dine-in","Walk-in Guest","","","cash","199","10","0","209","completed","Item (1)"
"d20fd2c6-c3dd-4581-856e-78a93347fdf2","1904","2026-08-23T15:44:34.199Z","dine-in","Walk-in Guest","","","upi","819","41","0","860","completed","Item (1) | Item (1)"
"d85856d1-aadd-453d-af57-e3fc0eccbc31","1903","2026-08-23T15:41:16.699Z","dine-in","Walk-in Guest","","","upi","1031","52","0","1083","completed","Item (2) | Item (2) | Item (1) | Item (5)"
"0d91b332-5589-41c1-8152-62e04ae113ae","1902","2026-08-23T15:28:19.085Z","dine-in","Walk-in Guest","","","upi","319","16","0","335","completed","Item (1) | Item (1)"
"f8b84ee1-e050-4c70-8c85-2f0e84642f73","1901","2026-08-23T15:16:32.577Z","takeaway","Walk-in Guest","","","upi","389","19","0","408","completed","Item (1) | Item (1) | Item (1)"
"09ac8042-3342-4369-b187-0038dcec9573","1900","2026-08-23T15:10:30.972Z","takeaway","Walk-in Guest","","","split","149","7","0","156","completed","Item (1)"
"ef4bd751-49f7-48c7-9263-55e3a0a0cbcb","1899","2026-08-23T15:04:31.671Z","dine-in","Walk-in Guest","","","cash","648","32","0","680","completed","Item (1) | Item (1)"
"325415b6-84b6-4159-b2fa-06a5141d353d","1898","2026-08-23T15:02:21.623Z","dine-in","Walk-in Guest","","","cash","2760","138","0","2898","completed","Item (2) | Item (8) | Item (1)"
"b2dd4a25-2de6-4606-a0b6-5e6ec5ecfbcf","1897","2026-08-23T14:46:40.857Z","dine-in","Walk-in Guest","","","upi","699","35","0","734","completed","Item (1)"
"09c097fc-1eb9-4c74-9f92-9975a65ac4d3","1896","2026-08-23T14:31:16.157Z","dine-in","Walk-in Guest","","","cash","947","47","0","994","completed","Item (1) | Item (1) | Item (1)"
"09a6e762-8d9a-420a-8d73-253bb6c1f100","1895","2026-08-23T14:26:40.678Z","dine-in","Walk-in Guest","","","upi","762.29","38","0","800","completed","Item (1) | Item (1) | Item (1)"
"086d35cf-d76a-4dd4-b2bd-5b692edf6c22","1894","2026-08-23T14:23:11.946Z","dine-in","Walk-in Guest","","","cash","398","20","0","418","completed","Item (1) | Item (1)"
"091f7218-3053-421c-841f-7ecf91531a86","1893","2026-08-23T14:21:12.943Z","dine-in","Walk-in Guest","","","upi","199","10","0","209","completed","Item (1)"
"06840a74-b0c4-410c-82d0-8e915f7fc4ce","1892","2026-08-23T14:18:45.254Z","dine-in","Walk-in Guest","","","cash","199","10","0","209","completed","Item (1)"
"e8023bda-f916-4e31-8623-94bb86354ef2","1891","2026-08-23T14:12:03.523Z","dine-in","Walk-in Guest","","","upi","957","48","0","1005","completed","Item (2) | Item (1) | Item (1)"
"343e958e-86ac-4f78-83d7-80f53740e559","1890","2026-08-23T14:10:41.681Z","dine-in","Walk-in Guest","","","cash","508","25","0","533","completed","Item (1) | Item (1)"
"d0fa97f1-2c60-472c-9a34-ac6204268373","1889","2026-08-23T14:03:50.816Z","takeaway","Walk-in Guest","","","cash","120","6","0","126","completed","Item (1)"
"fdbe5f8a-b75d-4d51-9bde-690b378758c1","1888","2026-08-23T14:02:29.999Z","dine-in","Walk-in Guest","","","cash","199","10","0","209","completed","Item (1)"
"4f2acbff-fa61-4aaa-b915-d9ec6c25c970","1887","2026-08-23T14:00:38.758Z","dine-in","Walk-in Guest","","","upi","398","20","0","418","completed","Item (1) | Item (1)"
"1b1a10e3-9287-439a-ae27-be22879b0d8b","1886","2026-08-23T13:43:10.623Z","dine-in","Walk-in Guest","","","upi","192","10","48","202","completed","Item (2)"
"b2f5e194-83b0-478c-bd05-ce0e93052d72","1885","2026-08-23T13:42:17.759Z","dine-in","Walk-in Guest","","","upi","349","17","0","366","completed","Item (1)"
"302089a3-4c7a-4a07-83b5-b008bd1b55de","1884","2026-08-23T13:23:06.292Z","takeaway","Walk-in Guest","","","upi","199","10","0","209","completed","Item (1)"
"f159e6b9-2135-46a5-ae00-46b20589f44b","1883","2026-08-23T12:55:33.020Z","dine-in","Walk-in Guest","","","upi","199","10","0","209","completed","Item (1)"
"68c459ff-21b0-448b-9e7a-656dd13b736c","1882","2026-08-23T12:44:48.055Z","dine-in","Walk-in Guest","","","upi","230","12","0","242","completed","Item (1) | Item (1)"
"bc14a763-4c00-438a-ade1-a7fd6ece6456","1881","2026-08-23T12:28:36.030Z","dine-in","Walk-in Guest","","","upi","59","3","0","62","completed","Item (1)"
"dd39d575-808c-48de-be3b-0ac836f1524f","1880","2026-08-23T12:26:46.058Z","dine-in","Walk-in Guest","","","upi","379","19","0","398","completed","Item (1) | Item (1)"
"568d7ce5-8f75-4e28-8303-046f0a7e51b8","1879","2026-08-23T12:09:07.312Z","dine-in","Walk-in Guest","","","cash","114.29","6","0","120","completed","Item (1)"
"cf4851fb-3716-46c1-b92d-13ffbb6ac440","1878","2026-08-23T11:59:39.837Z","dine-in","Walk-in Guest","","","upi","120","6","0","126","completed","Item (1)"
"7c9cf67c-4c7e-4004-b2b0-6ff68457603f","1877","2026-08-23T11:52:25.514Z","takeaway","Walk-in Guest","","","cash","294.29","15","0","309","completed","Item (1) | Item (1)"
"2b4ec674-5c39-45f4-8989-7378cdd4fa4c","1876","2026-08-23T11:12:51.353Z","dine-in","Walk-in Guest","","","cash","939","47","0","986","completed","Item (1) | Item (1)"
"93a0b081-0a1a-4b69-bdad-ed6c3430f9bd","1875","2026-08-23T10:13:38.733Z","dine-in","Walk-in Guest","","","upi","646","32","646","678","completed","Item (1) | Item (1) | Item (1) | Item (1) | Item (1) | Item (1) | Item (4) | Item (1) | Item (1)"
"5a84e9ea-468b-4901-a3a9-3cb2a7226d70","1874","2026-08-23T09:48:29.991Z","dine-in","Walk-in Guest","","","upi","428","21","0","449","completed","Item (1) | Item (1)"
"dd6b5c02-38d0-4d0b-a1bf-6cb4817ee5ec","1873","2026-08-23T08:30:52.297Z","dine-in","Walk-in Guest","","","upi","1197","60","0","1257","completed","Item (1) | Item (1) | Item (1) | Item (1)"
"8f2dc060-9a04-415c-b4bc-341507c72b18","1872","2026-08-23T06:42:15.612Z","dine-in","Walk-in Guest","","","card","517","26","0","543","completed","Item (2) | Item (1) | Item (1)"
"02298241-0296-4694-b2a1-59d75722a5e0","1871","2026-08-23T05:59:42.910Z","dine-in","Walk-in Guest","","","upi","114.29","6","0","120","completed","Item (1)"
"fbaa9d3d-0ca7-44aa-8299-f89278e07541","1870","2026-08-22T17:51:05.366Z","dine-in","Walk-in Guest","","","upi","114.29","6","0","120","completed","Item (1)"
"09ce4dd3-ba3e-4778-b6e7-4b7d694b3821","1869","2026-08-22T17:46:45.782Z","dine-in","Walk-in Guest","","","upi","366.16","18","91","384","completed","Item (2) | Item (2)"
"3e02bd92-756f-497f-be90-53e93c7d2baf","1868","2026-08-22T17:39:05.430Z","dine-in","Walk-in Guest","","","upi","607.58","30","0","638","completed","Item (1) | Item (1) | Item (1) | Item (1)"
"31c315e2-2675-4407-914f-8c743de0ea83","1867","2026-08-22T17:12:49.283Z","dine-in","Walk-in Guest","","","upi","692.29","35","0","727","completed","Item (1) | Item (1) | Item (1) | Item (1)"
"536331b9-f219-48c0-a246-2c6311f772c2","1866","2026-08-22T16:50:37.984Z","takeaway","Walk-in Guest","","","cash","469","23","0","492","completed","Item (1) | Item (1)"
"fa8ffafd-cfbd-4168-abbf-7350adb36d4e","1865","2026-08-22T16:41:42.461Z","dine-in","Walk-in Guest","","","complimentary","457.16","23","0","480","completed","Item (2) | Item (1) | Item (1)"
"64585d7c-20e9-45e3-af01-855008316457","1864","2026-08-22T16:33:19.632Z","takeaway","Walk-in Guest","","","cash","479","24","0","503","completed","Item (1) | Item (1)"
"af9c9df0-5f69-452b-8391-0ced84ff1bc0","1863","2026-08-22T16:23:09.682Z","dine-in","Walk-in Guest","","","card","449","22","0","471","completed","Item (1)"
"4036ee19-a33b-42ab-b06b-51cda0e8467c","1862","2026-08-22T16:20:43.817Z","dine-in","Walk-in Guest","","","complimentary","1393","70","0","1463","completed","Item (1) | Item (2) | Item (1) | Item (1) | Item (2)"
"d1c85897-cd7a-4076-a765-635fb1c2d3a6","1861","2026-08-22T15:37:13.236Z","takeaway","Walk-in Guest","","","upi","378","19","0","397","completed","Item (1) | Item (1) | Item (1)"
"230ae7a6-21e6-4f40-a83c-df9eb41fb99e","1860","2026-08-22T15:20:09.195Z","dine-in","Walk-in Guest","","","cash","59","3","0","62","completed","Item (1)"
"e35ea854-e784-4dd6-b907-dc16e83e2f44","1859","2026-08-22T15:18:53.036Z","dine-in","Walk-in Guest","","","cash","120","6","0","126","completed","Item (1)"
"73e13153-d0bb-4598-86e9-508cf69fa33a","1858","2026-08-22T15:12:41.920Z","dine-in","Walk-in Guest","","","upi","596","30","0","626","completed","Item (1) | Item (1) | Item (2)"
"e4f5f85d-343b-4dde-9bc8-b42abb26a3ea","1857","2026-08-22T15:07:29.457Z","takeaway","Walk-in Guest","","","upi","796","40","0","836","completed","Item (1) | Item (1) | Item (1) | Item (1)"
"c4f3427a-ba99-4591-a1d0-d23424c1be08","1856","2026-08-22T15:03:58.602Z","dine-in","Walk-in Guest","","","cash","117","6","0","123","completed","Item (3)"
"dc3501cc-b942-4585-b819-32ce7525728f","1855","2026-08-22T14:56:21.280Z","dine-in","Walk-in Guest","","","cash","199","10","0","209","completed","Item (1)"
"9226d05a-60e3-4bea-b03f-c69a207b1bec","1854","2026-08-22T14:55:23.839Z","dine-in","Walk-in Guest","","","cash","254.29000000000002","13","0","267","completed","Item (1) | Item (1)"
"5e90f9c8-6833-4cbb-a060-f5aa7b56dc51","1853","2026-08-22T14:51:29.858Z","dine-in","Walk-in Guest","","","upi","120","6","0","126","completed","Item (1)"
"264dba65-5c66-4ab9-9b4a-d041f27481f4","1852","2026-08-22T14:45:56.349Z","dine-in","Walk-in Guest","","","upi","847","42","0","889","completed","Item (1) | Item (1) | Item (1) | Item (1)"
"f8afd9c1-b576-4918-b608-1267a3f55ffe","1851","2026-08-22T14:40:25.648Z","dine-in","Walk-in Guest","","","upi","192.29000000000002","10","0","202","completed","Item (2) | Item (1)"
"8c33723e-f53a-47ae-8ca1-63a51d9a7bce","1850","2026-08-22T14:36:54.690Z","dine-in","Walk-in Guest","","","cash","279","14","0","293","completed","Item (1) | Item (1)"
"74f373f7-6962-4e81-b88b-8dbda58a43e6","1849","2026-08-22T14:34:48.304Z","dine-in","Walk-in Guest","","","upi","117","6","0","123","completed","Item (3)"
"52d91c82-76c8-4ce4-a7d2-1bc4856e0aa1","1848","2026-08-22T14:25:50.949Z","dine-in","Walk-in Guest","","","upi","59","3","0","62","completed","Item (1)"
"f1749af1-fdb4-4806-a779-48d08c562f4d","1847","2026-08-22T14:19:45.360Z","dine-in","Walk-in Guest","","","upi","398","20","0","418","completed","Item (1) | Item (1)"
"40ba8e69-5b6c-4f44-a244-27cad8f65399","1846","2026-08-22T14:11:50.456Z","dine-in","Walk-in Guest","","","upi","398","20","0","418","completed","Item (1) | Item (1)"
"89771a94-8412-4bc5-924b-608a011e393d","1845","2026-08-22T14:03:04.541Z","dine-in","Walk-in Guest","","","upi","120","6","0","126","completed","Item (1)"
"828285e8-231c-4814-9eba-206b4aa7b84e","1844","2026-08-22T13:58:47.605Z","dine-in","Walk-in Guest","","","split","727","36","0","763","completed","Item (1) | Item (1) | Item (1) | Item (1)"
"ec405e9b-2627-4e5c-b72d-94727be6af16","1843","2026-08-22T13:55:42.086Z","dine-in","Walk-in Guest","","","upi","449","22","0","471","completed","Item (1)"
"5c3e4fcf-6952-4e72-8d30-dbdb9643bf5f","1842","2026-08-22T13:51:41.397Z","dine-in","Walk-in Guest","","","cash","995","50","0","1045","completed","Item (2) | Item (1) | Item (2)"
"6c28f5b0-856c-420d-8da3-8e15bcb21325","1841","2026-08-22T12:46:13.806Z","dine-in","Walk-in Guest","","","upi","240","12","0","252","completed","Item (2)"
"86bc36a1-57ce-4d1b-adec-477269606230","1840","2026-08-22T12:40:01.795Z","dine-in","Walk-in Guest","","","card","349","17","0","366","completed","Item (1)"
"c0fdfd23-766a-4c78-95ef-fe376396bc0d","1839","2026-08-22T12:33:39.555Z","dine-in","Walk-in Guest","","","upi","15","1","0","16","completed","Item (1)"
"8d96c972-dbc0-40b4-aa26-bdab6c493456","1838","2026-08-22T12:20:59.312Z","dine-in","Walk-in Guest","","","upi","219","11","0","230","completed","Item (1) | Item (1)"
"7854403c-c9a6-46b1-9273-da3d12033d78","1837","2026-08-22T12:15:56.758Z","dine-in","Walk-in Guest","","","upi","70","4","0","74","cancelled","Item (1)"
"b1eae4ed-02f2-425c-8654-bd91f5a00061","1836","2026-08-22T12:15:11.496Z","dine-in","Walk-in Guest","","","upi","289","14","0","303","completed","Item (1) | Item (1)"
"ceb12b34-49f3-4778-a52f-9478f423ae0d","1835","2026-08-22T11:58:27.482Z","dine-in","Walk-in Guest","","","upi","447","22","112","469","completed","Item (1) | Item (1)"
"d2fbc986-c750-4ef9-8269-46cf7e597b2c","1834","2026-08-22T11:57:12.026Z","takeaway","Walk-in Guest","","","split","398","20","0","418","completed","Item (1) | Item (1)"
"b11c96cf-ed04-4785-827d-cacc5a427c54","1833","2026-08-22T11:38:03.410Z","dine-in","Walk-in Guest","","","upi","228.58","11","0","240","completed","Item (2)"
"90a0421a-970a-47b1-bbb4-be6a9854d32f","1832","2026-08-22T11:15:35.535Z","dine-in","Walk-in Guest","","","upi","569","28","0","597","completed","Item (1) | Item (1)"
"4b580b01-3a1b-4cc9-9d86-b98ba5a2df47","1831","2026-08-22T10:59:06.913Z","dine-in","Walk-in Guest","","","upi","39","2","0","41","completed","Item (1)"
"cad12347-f86b-408a-a1b2-da9025088e13","1830","2026-08-22T10:58:10.434Z","dine-in","Walk-in Guest","","","upi","559","28","0","587","completed","Item (1) | Item (1) | Item (1)"
"0c980147-78a6-4dd7-bad1-1286b7ab47a0","1829","2026-08-22T10:54:00.126Z","dine-in","Walk-in Guest","","","card","838","42","0","880","completed","Item (1) | Item (2)"
"8300650e-3c29-49e3-b063-c919d1650990","1828","2026-08-22T10:01:26.866Z","dine-in","Walk-in Guest","","","upi","699","35","0","734","completed","Item (1)"
"f2b9f62b-5df4-4e18-99b7-289b74560aa0","1827","2026-08-22T09:38:26.937Z","dine-in","Walk-in Guest","","","upi","379","19","0","398","completed","Item (1) | Item (1)"
"b439a246-935f-476e-931b-c482a503c054","1826","2026-08-22T08:56:54.726Z","dine-in","Walk-in Guest","","","split","478","24","0","502","completed","Item (1) | Item (1)"
"147e23b3-7b4a-46e2-834e-986bbe0c6a92","1825","2026-08-22T07:03:00.446Z","dine-in","Walk-in Guest","","","upi","324.29","16","0","340","completed","Item (1) | Item (1) | Item (1)"
"25560e33-69b9-495f-82ef-e1adbd42c638","1824","2026-08-22T06:31:46.395Z","dine-in","Walk-in Guest","","","upi","208","10","0","218","completed","Item (1) | Item (1)"
"0e43a05c-d1fa-4a35-a64a-d0872fd75958","1823","2026-08-21T17:41:56.853Z","dine-in","Walk-in Guest","","","upi","114.29","6","0","120","completed","Item (1)"
"c0276b06-89c1-4d6e-b1c1-fa23deb9479a","1822","2026-08-21T17:03:55.008Z","dine-in","Walk-in Guest","","","upi","70","4","0","74","completed","Item (1)"
"7a4f6002-5703-45c6-bfab-613de8130132","1821","2026-08-21T17:02:42.913Z","dine-in","Walk-in Guest","","","upi","779","39","0","818","completed","Item (1) | Item (1) | Item (1)"
"eb098902-5f7d-4bfc-8003-14ae350992dd","1820","2026-08-21T16:37:24.033Z","dine-in","Walk-in Guest","","","upi","288","14","0","302","completed","Item (2) | Item (1)"
"34bc1f58-ad15-4f1e-87bc-7c2c0d6e2efe","1819","2026-08-21T16:32:34.859Z","dine-in","Walk-in Guest","","","cash","114.29","6","0","120","completed","Item (1)"
"f4bc7241-a5ae-4d3f-867e-62b2ccabc166","1818","2026-08-21T16:31:18.065Z","takeaway","Walk-in Guest","","","cash","460","23","0","483","completed","Item (1) | Item (1)"
"1fc0b158-94ab-4194-aca9-cff4eeabe19b","1817","2026-08-21T16:03:01.914Z","dine-in","Walk-in Guest","","","upi","78","4","0","82","completed","Item (2)"
"14b2aa81-1451-4c05-9fd2-1eb747044650","1816","2026-08-21T15:43:13.930Z","dine-in","Walk-in Guest","","","upi","114.29","6","0","120","completed","Item (1)"
"b21d5656-530e-4baa-9b14-583010056691","1815","2026-08-21T15:42:46.423Z","dine-in","Walk-in Guest","","","cash","418","21","0","439","completed","Item (2) | Item (1)"
"96378a8d-04dc-4c9d-ae21-d83bbbf866c6","1814","2026-08-21T15:39:05.212Z","dine-in","Fayeez","9944577261","","upi","575.29","29","575","604","completed","Item (2) | Item (2) | Item (2) | Item (1)"
"dcb83311-be18-4e85-9038-42b26a6ec67a","1813","2026-08-21T15:21:25.933Z","dine-in","Walk-in Guest","","","cash","99","5","0","104","completed","Item (1)"
"806e9f5e-2b32-4702-ac32-8c34cb0dd978","1812","2026-08-21T15:13:02.421Z","dine-in","Walk-in Guest","","","upi","180","9","0","189","completed","Item (1)"
"dba28dec-c45c-499f-a0e4-78eb89d45b7c","1811","2026-08-21T15:07:30.567Z","dine-in","Walk-in Guest","","","upi","796","40","0","836","completed","Item (1) | Item (1) | Item (1) | Item (1)"
"be22a39c-24e2-46ba-8d87-e75b25beb7f0","1810","2026-08-21T15:05:43.972Z","dine-in","Walk-in Guest","","","upi","1597","80","0","1677","completed","Item (2) | Item (1)"
"327fe27d-3052-421f-9727-deaf21990c85","1809","2026-08-21T14:59:43.202Z","dine-in","Walk-in Guest","","","upi","1498","75","0","1573","completed","Item (1) | Item (1)"
"b61f6d16-2e81-43a0-96ad-e3a8424cd9e8","1808","2026-08-21T14:55:07.412Z","dine-in","Walk-in Guest","","","upi","99","5","0","104","completed","Item (1)"
"96fe5403-8ba4-457b-9296-58697dbdfa2b","1807","2026-08-21T14:48:31.538Z","dine-in","Walk-in Guest","","","cash","817","41","0","858","completed","Item (1) | Item (1) | Item (1) | Item (1)"
"494af249-2082-4045-bc4b-b6c00a348413","1806","2026-08-21T14:28:49.160Z","dine-in","Walk-in Guest","","","upi","180","9","0","189","completed","Item (1)"
"3a3dbd5c-68a1-4f75-ae77-a2f9133d6e94","1805","2026-08-21T14:19:29.981Z","dine-in","Walk-in Guest","","","upi","527","26","0","553","completed","Item (1) | Item (1) | Item (1) | Item (1)"
"74c941e7-f912-451d-9d12-0c7b38cc6c13","1804","2026-08-21T14:13:17.056Z","dine-in","Walk-in Guest","","","upi","996","50","0","1046","completed","Item (1) | Item (1) | Item (1) | Item (1) | Item (1)"
"b41ed08f-19ee-4c03-aca9-e52fe7d77715","1803","2026-08-21T14:02:36.527Z","dine-in","Walk-in Guest","","","upi","656","33","0","689","completed","Item (1) | Item (1) | Item (1) | Item (1) | Item (1) | Item (1)"
"0dcff930-31a1-4cfe-9df2-98246c98b09c","1802","2026-08-21T13:58:03.969Z","takeaway","Walk-in Guest","","","upi","348","17","0","365","completed","Item (1) | Item (1)"
"49110f38-8e8e-47a2-bd44-b8c903944819","1801","2026-08-21T13:56:16.705Z","dine-in","Walk-in Guest","","","upi","199","10","0","209","completed","Item (1)"
"f0a8bb6d-d16d-4499-a3f2-8b7daaf4b090","1800","2026-08-21T13:29:53.897Z","dine-in","Walk-in Guest","","","upi","548","27","0","575","completed","Item (1) | Item (1)"
"e60fef18-f448-4ebe-a62a-4b8c8901781e","1799","2026-08-21T13:17:56.859Z","dine-in","Walk-in Guest","","","upi","199","10","0","209","completed","Item (1)"
"c76afa04-853f-41c7-a717-dd2c3220eea7","1798","2026-08-21T10:40:33.003Z","takeaway","Walk-in Guest","","","upi","199","10","0","209","completed","Item (1)"
"e55f64f2-2f46-4f5d-a57b-f76f674d883a","1797","2026-08-21T08:59:24.990Z","dine-in","Walk-in Guest","","","cash","359","18","0","377","completed","Item (1) | Item (1) | Item (1)"
"5aa3ca67-12bb-47b3-8c02-7e389ca04d05","1796","2026-08-21T08:36:58.743Z","dine-in","Walk-in Guest","","","upi","120","6","0","126","completed","Item (1)"
"78204b86-e050-45f4-87c4-4c5add23ea59","1795","2026-08-21T07:02:56.849Z","dine-in","Walk-in Guest","","","upi","342.87","17","0","360","completed","Item (1) | Item (2)"
"1d5eaab9-aa1c-40a4-91b1-08669847f4ad","1794","2026-08-21T06:07:45.431Z","dine-in","Walk-in Guest","","","upi","182.58","9","46","192","completed","Item (1) | Item (1)"
"f8c36c7c-9116-484d-9347-43f665bf6e31","1793","2026-08-20T17:26:53.617Z","dine-in","Walk-in Guest","","","upi","626.58","31","0","658","completed","Item (2) | Item (1) | Item (1)"
"8d997544-4482-4437-9d99-80928bf62c0e","1792","2026-08-20T16:33:55.409Z","dine-in","Walk-in Guest","","","upi","279","14","0","293","completed","Item (1) | Item (1)"
"fed32002-3543-4722-8b19-2b0d43b76560","1791","2026-08-20T16:18:18.768Z","dine-in","Walk-in Guest","","","split","249","12","0","261","completed","Item (1)"
"a9d4b97d-1cf8-40e2-ae69-baca10d8fd03","1790","2026-08-20T16:10:19.943Z","dine-in","Tharun","6383321562","","upi","497","25","498","522","completed","Item (1) | Item (1) | Item (1) | Item (1) | Item (1)"
"b21009ff-f94d-483c-8a29-d3e4525c42de","1789","2026-08-20T16:03:00.566Z","dine-in","Walk-in Guest","","","cash","1163.29","58","0","1221","completed","Item (1) | Item (1)"
"2336911d-ffbf-4fa8-8651-32d1cb4ab1d4","1788","2026-08-20T15:22:45.742Z","takeaway","Walk-in Guest","","","upi","70","4","0","74","completed","Item (1)"
"33525f94-54ab-4539-8c38-c23ce2b084da","1787","2026-08-20T15:16:40.588Z","dine-in","Walk-in Guest","","","upi","199","10","0","209","completed","Item (1)"
"bc350876-610e-4563-bbb0-7cab4b176351","1786","2026-08-20T15:15:05.021Z","dine-in","Walk-in Guest","","","cash","258","13","0","271","completed","Item (1) | Item (1)"
"226ab9b6-77c5-42bd-a817-27ce7203e2fe","1785","2026-08-20T15:09:56.509Z","dine-in","Walk-in Guest","","","cash","498","25","0","523","completed","Item (1) | Item (1)"
"1a08da54-4599-45d3-a126-7bca74327522","1784","2026-08-20T14:49:22.551Z","dine-in","Walk-in Guest","","","cash","998","50","0","1048","completed","Item (1) | Item (1)"
"829a6aee-a22c-4d6d-b414-2cb5d1250076","1783","2026-08-20T14:46:16.373Z","dine-in","Walk-in Guest","","","upi","449","22","0","471","completed","Item (1)"
"cc413c6c-c628-4a22-9af4-4bc66b28790e","1782","2026-08-20T14:38:15.693Z","dine-in","Walk-in Guest","","","upi","328","16","0","344","completed","Item (1) | Item (1) | Item (1)"
"6a82a356-821f-48e9-8825-332d759920bd","1781","2026-08-20T14:17:38.143Z","dine-in","Walk-in Guest","","","upi","409","20","0","429","completed","Item (1) | Item (1) | Item (1)"
"a2d40423-692b-4cb9-88e7-fae50287773b","1780","2026-08-20T13:58:18.353Z","takeaway","Walk-in Guest","","","upi","319","16","0","335","completed","Item (1) | Item (1)"
"636fe7bf-32d4-460a-8b4f-fc99f6c8fdd4","1779","2026-08-20T13:46:17.231Z","dine-in","Walk-in Guest","","","upi","463.29","23","0","486","completed","Item (1) | Item (1)"
"2a1efda5-6e69-4afd-b041-0bf9a6a0d104","1778","2026-08-20T13:44:08.971Z","dine-in","Walk-in Guest","","","upi","377","19","0","396","completed","Item (1) | Item (1) | Item (2)"
"25e3f195-42e5-4c63-be97-b1a25e549ee9","1777","2026-08-20T13:42:10.309Z","dine-in","Walk-in Guest","","","cash","210","11","0","221","completed","Item (1) | Item (1)"
"ee3e62cd-aba7-4186-a5c0-cee9044b4e72","1776","2026-08-20T13:00:38.756Z","dine-in","Walk-in Guest","","","upi","319","16","0","335","completed","Item (1) | Item (1)"
"1a1f2343-bd7e-47c9-8a31-0758de9f125b","1775","2026-08-20T12:44:22.958Z","dine-in","Walk-in Guest","","","upi","349","17","0","366","completed","Item (1)"
"04eabcf7-6a48-4497-8c08-ef5c5af34c19","1774","2026-08-20T11:54:49.069Z","dine-in","Walk-in Guest","","","cash","99","5","0","104","completed","Item (1)"
"577ec603-d6e3-453e-8af7-a4343c060f3e","1773","2026-08-20T11:53:10.405Z","dine-in","Walk-in Guest","","","upi","864","43","0","907","completed","Item (1) | Item (1) | Item (2) | Item (1) | Item (1)"
"0d8e8bb3-1ef5-4dc7-8d57-b1d7eec9dc5d","1772","2026-08-20T11:50:22.282Z","dine-in","Walk-in Guest","","","upi","1347","67","0","1414","completed","Item (1) | Item (2) | Item (1)"
"836991de-dd61-4a34-9bc9-2a05c0ef79ea","1771","2026-08-20T11:48:20.880Z","dine-in","Walk-in Guest","","","card","958","48","0","1006","completed","Item (1) | Item (1) | Item (1)"
"ec7e647a-673c-45e5-a3f1-a441218e1f1c","1770","2026-08-20T11:38:09.254Z","dine-in","Walk-in Guest","","","upi","478","24","0","502","completed","Item (1) | Item (1)"
"a90a64f2-579f-4949-9301-4f9c1756506c","1769","2026-08-20T11:16:32.124Z","dine-in","Walk-in Guest","","","cash","398","20","0","418","completed","Item (1) | Item (1)"
"dbe3279a-d19a-4b52-a58e-eb2b07b3856b","1768","2026-08-20T11:07:43.356Z","dine-in","Walk-in Guest","","","cash","358","18","0","376","completed","Item (1) | Item (1) | Item (1)"
"ea87c60e-ebd3-4abd-b019-7cdc3b061766","1767","2026-08-20T10:54:45.474Z","dine-in","Walk-in Guest","","","cash","864","43","0","907","completed","Item (1) | Item (2) | Item (2) | Item (1)"
"2f641f11-7498-4a72-a0c5-12a6b376e87e","1766","2026-08-20T10:40:43.823Z","dine-in","Walk-in Guest","","","upi","457","23","0","480","completed","Item (1) | Item (1) | Item (1)"
"9dd1d299-13da-4cfb-a126-27d10b4f68df","1765","2026-08-20T10:26:24.217Z","dine-in","Walk-in Guest","","","cash","838","42","0","880","completed","Item (1) | Item (1)"
"d3817fc1-a0a3-4b88-9680-c9562a5f6171","1764","2026-08-20T09:59:19.791Z","dine-in","Walk-in Guest","","","cash","208","10","0","218","completed","Item (1) | Item (1)"
"b13776fd-87be-4e24-b216-12c53a4405bb","1763","2026-08-20T09:17:32.805Z","dine-in","Walk-in Guest","","","upi","1417","71","0","1488","completed","Item (1) | Item (1) | Item (1) | Item (1) | Item (1) | Item (1) | Item (1) | Item (1) | Item (1)"
"bb07e994-4c75-4b87-bfb0-0dde1a9eae12","1762","2026-08-20T08:55:31.924Z","dine-in","Suresh","9500970030","","upi","144","7","145","151","completed","Item (1) | Item (1)"
"50b7dd73-0aba-47b6-b550-eb4f746d34a3","1761","2026-08-20T08:24:03.823Z","dine-in","Walk-in Guest","","","split","2387","119","0","2506","completed","Item (7) | Item (2) | Item (2) | Item (2)"
"183e9fcc-b7ef-40cd-baca-2fadbe87d6df","1760","2026-08-20T08:06:56.529Z","dine-in","Vignesh","6385585796","","cash","489","24","489","513","completed","Item (1) | Item (1) | Item (1) | Item (1)"
"ce5d06ee-ce97-487d-baed-d0aa5a9a6454","1759","2026-08-19T16:58:35.673Z","dine-in","Walk-in Guest","","","upi","199","10","0","209","completed","Item (1)"
"4418f042-98af-4c73-9149-e94a77220122","1758","2026-08-19T16:56:48.851Z","dine-in","Walk-in Guest","","","upi","190","10","0","200","completed","Item (1) | Item (1)"
"bc511691-0bbb-4838-b253-44c33da211c7","1757","2026-08-19T16:23:22.842Z","dine-in","Walk-in Guest","","","upi","114.29","6","0","120","completed","Item (1)"
"566db15d-f9f0-4136-b64e-52c1fa17c405","1756","2026-08-19T16:21:02.667Z","takeaway","Walk-in Guest","","","upi","398","20","0","418","completed","Item (1) | Item (1)"
"d4f6ea96-ec9e-4b58-bcc4-88e29891dd88","1755","2026-08-19T16:17:28.851Z","takeaway","Walk-in Guest","","","cash","479","24","0","503","completed","Item (1) | Item (1)"
"4e8672b1-2395-44a0-b8b1-9e1e5363e35c","1754","2026-08-19T16:11:18.429Z","dine-in","Walk-in Guest","","","upi","479","24","0","503","completed","Item (1) | Item (1)"
"32eff1b1-3681-47cf-aa7e-09401d2cbc42","1753","2026-08-19T15:55:26.319Z","dine-in","Walk-in Guest","","","card","1083","54","0","1137","completed","Item (1) | Item (3) | Item (1) | Item (1) | Item (1) | Item (1) | Item (1)"
"c75c7532-ef68-4b4d-92db-707b9b7f5609","1752","2026-08-19T15:46:24.683Z","dine-in","Walk-in Guest","","","upi","114.29","6","0","120","completed","Item (1)"
"b4b97ffa-8823-4f25-9a52-aef420a4abe2","1751","2026-08-19T15:43:06.764Z","takeaway","Walk-in Guest","","","split","199","10","0","209","completed","Item (1)"
"412d43b9-aa21-47bb-a604-49a97f7f025e","1750","2026-08-19T15:36:14.512Z","dine-in","Walk-in Guest","","","upi","1229.29","61","0","1290","completed","Item (1) | Item (1) | Item (1) | Item (1) | Item (1) | Item (1) | Item (1)"
"acd98f79-d87e-4ec0-850d-375bc4953b12","1749","2026-08-19T15:11:30.702Z","takeaway","Walk-in Guest","","","complimentary","180","9","0","189","completed","Item (1)"
"4548b69a-d04d-4641-bf1b-ff1b662f925f","1748","2026-08-19T15:03:57.185Z","takeaway","Walk-in Guest","","","upi","114.29","6","0","120","completed","Item (1)"
"79450218-f0ae-4d75-b9ab-86ec4e01ab15","1747","2026-08-19T14:43:26.469Z","dine-in","Walk-in Guest","","","split","199","10","0","209","completed","Item (1)"
"6859e6b8-e742-4f2e-adbb-89618279e930","1746","2026-08-19T14:40:19.976Z","dine-in","Walk-in Guest","","","complimentary","700.87","35","0","736","completed","Item (3) | Item (1) | Item (1)"
"0376f966-6ab4-4769-a30b-f27f0e4af135","1745","2026-08-19T14:35:42.886Z","dine-in","Walk-in Guest","","","upi","387","19","0","406","completed","Item (1) | Item (1) | Item (1) | Item (1)"
"cd268597-36f2-400d-b814-98514a387852","1744","2026-08-19T14:23:47.221Z","dine-in","Gokul","9361766932","","upi","379","19","380","398","completed","Item (1) | Item (1) | Item (1) | Item (1)"
"42502a8f-b434-49b9-bb81-37a320d99e9c","1743","2026-08-19T14:14:22.062Z","dine-in","Walk-in Guest","","","upi","793.29","40","0","833","completed","Item (1) | Item (1) | Item (1) | Item (1)"
"da329868-c236-4e4d-bcdf-ebc8b788b0e3","1742","2026-08-19T14:02:57.315Z","dine-in","Kovarthan","8825477528","","upi","605.29","30","605","635","completed","Item (1) | Item (1) | Item (1) | Item (1) | Item (1) | Item (1) | Item (1)"
"29eb745c-e6ab-44e3-9588-ce0382873f4b","1741","2026-08-19T13:43:38.088Z","takeaway","Walk-in Guest","","","upi","120","6","0","126","completed","Item (1)"
"eec125b9-b86e-41f1-a51b-37386ea95676","1740","2026-08-19T13:37:28.769Z","dine-in","Walk-in Guest","","","upi","39","2","0","41","completed","Item (1)"
"9741b429-a0eb-4dac-ad96-55a7ca7d4ea6","1739","2026-08-19T13:26:36.633Z","dine-in","Walk-in Guest","","","upi","240","12","0","252","completed","Item (1)"
"88028ff2-8497-416e-9415-62dd57c42aeb","1738","2026-08-19T13:07:58.649Z","dine-in","Walk-in Guest","","","upi","469","23","0","492","completed","Item (1) | Item (1)"
"2f67f58d-73e1-4ecf-8388-bb5bd7033e41","1737","2026-08-19T12:39:17.854Z","dine-in","Walk-in Guest","","","card","689","34","0","723","completed","Item (1) | Item (1) | Item (1)"
"8df8f98f-31c3-490e-b0f6-7ee54372a6b7","1736","2026-08-19T12:28:59.912Z","dine-in","Walk-in Guest","","","cash","114.29","6","0","120","completed","Item (1)"
"9120262b-838e-43a4-98f3-76c68357735d","1735","2026-08-19T11:45:27.452Z","dine-in","Saranya","8189887357","","card","408","20","409","428","completed","Item (1) | Item (1) | Item (1) | Item (1) | Item (1)"
"c646d7d0-fbf2-4b61-a914-c21df8584d8c","1734","2026-08-19T10:31:58.535Z","dine-in","Walk-in Guest","","","complimentary","210","11","0","221","completed","Item (1) | Item (1)"
"88c7d2a7-5199-4e04-a732-1c05c2315b9b","1733","2026-08-19T09:27:11.280Z","dine-in","Walk-in Guest","","","cash","238","12","0","250","completed","Item (1) | Item (1)"
"c4eb21f4-203a-44af-8e4b-ff912338a7a4","1732","2026-08-19T09:23:15.312Z","dine-in","Walk-in Guest","","","upi","120","6","0","126","completed","Item (1)"
"ORD-20260818-1730","1730","2026-08-18T22:06:00.000Z","dine-in","Walk-in Customer","","T5","upi","199","10","0","209","completed","Item (1)"
"ORD-20260818-1729","1729","2026-08-18T22:00:00.000Z","dine-in","Walk-in Customer","","T4","cash","569","28","569","597","completed","Item (1)"
"ORD-20260818-1728","1728","2026-08-18T21:45:00.000Z","dine-in","Walk-in Customer","","T3","upi","180","10","0","189","completed","Item (1)"
"ORD-20260818-1727","1727","2026-08-18T21:37:00.000Z","dine-in","Walk-in Customer","","T2","upi","776","40","0","815","completed","Item (1)"
"ORD-20260818-1726","1726","2026-08-18T21:30:00.000Z","dine-in","Walk-in Customer","","T1","upi","199","10","0","209","completed","Item (1)"
"ORD-20260818-1725","1725","2026-08-18T21:29:00.000Z","dine-in","Walk-in Customer","","T10","upi","114","6","0","120","completed","Item (1)"
"ORD-20260818-1724","1724","2026-08-18T21:22:00.000Z","dine-in","Walk-in Customer","","T9","upi","711","36","0","747","completed","Item (1)"
"ORD-20260818-1723","1723","2026-08-18T21:01:00.000Z","dine-in","Walk-in Customer","","T8","upi","743","38","0","780","completed","Item (1)"
"ORD-20260818-1722","1722","2026-08-18T20:53:00.000Z","dine-in","Walk-in Customer","","T7","upi","298","16","0","313","completed","Item (1)"
"ORD-20260818-1721","1721","2026-08-18T20:51:00.000Z","dine-in","Walk-in Customer","","T6","upi","948","48","0","995","completed","Item (1)"
"ORD-20260818-1720","1720","2026-08-18T20:41:00.000Z","dine-in","Walk-in Customer","","T5","upi","357","18","0","375","completed","Item (1)"
"ORD-20260818-1719","1719","2026-08-18T20:34:00.000Z","dine-in","Walk-in Customer","","T4","upi","199","10","0","209","completed","Item (1)"
"ORD-20260818-1718","1718","2026-08-18T20:22:00.000Z","dine-in","Walk-in Customer","","T3","upi","149","8","0","156","completed","Item (1)"
"ORD-20260818-1717","1717","2026-08-18T20:18:00.000Z","dine-in","Walk-in Customer","","T2","upi","393","20","0","413","completed","Item (1)"
"ORD-20260818-1716","1716","2026-08-18T20:16:00.000Z","dine-in","Walk-in Customer","","T1","upi","799","40","0","839","completed","Item (1)"
"ORD-20260818-1715","1715","2026-08-18T20:06:00.000Z","dine-in","Walk-in Customer","","T10","cash","346","18","347","363","completed","Item (1)"
"ORD-20260818-1714","1714","2026-08-18T19:31:00.000Z","dine-in","Walk-in Customer","","T9","upi","199","10","0","209","completed","Item (1)"
"ORD-20260818-1713","1713","2026-08-18T19:23:00.000Z","dine-in","Walk-in Customer","","T8","upi","99","6","0","104","completed","Item (1)"
"ORD-20260818-1711","1711","2026-08-18T19:22:00.000Z","dine-in","Walk-in Customer","","T6","upi","99","6","0","104","completed","Item (1)"
"ORD-20260818-1712","1712","2026-08-18T19:22:00.000Z","dine-in","Walk-in Customer","","T7","card","99","6","0","104","completed","Item (1)"
"ORD-20260818-1710","1710","2026-08-18T18:58:00.000Z","dine-in","Walk-in Customer","","T5","upi","497","26","0","522","completed","Item (1)"
"ORD-20260818-1709","1709","2026-08-18T18:51:00.000Z","dine-in","Walk-in Customer","","T4","upi","349","18","0","366","completed","Item (1)"
"ORD-20260818-1708","1708","2026-08-18T18:14:00.000Z","dine-in","Walk-in Customer","","T3","cash","180","10","0","189","completed","Item (1)"
"ORD-20260818-1707","1707","2026-08-18T17:08:00.000Z","dine-in","Walk-in Customer","","T2","upi","339","18","0","356","completed","Item (1)"
"ORD-20260818-1706","1706","2026-08-18T16:35:00.000Z","takeaway","Walk-in Customer","","Walk-in","upi","398","20","0","418","completed","Item (1)"
"ORD-20260818-1705","1705","2026-08-18T16:17:00.000Z","dine-in","Walk-in Customer","","T10","cash","319","16","0","335","completed","Item (1)"
"ORD-20260818-1704","1704","2026-08-18T16:13:00.000Z","dine-in","Walk-in Customer","","T9","upi","149","8","0","156","completed","Item (1)"
"ORD-20260818-1703","1703","2026-08-18T16:02:00.000Z","dine-in","Walk-in Customer","","T8","upi","114","6","0","120","completed","Item (1)"
"ORD-20260818-1702","1702","2026-08-18T15:44:00.000Z","dine-in","Walk-in Customer","","T7","cash","450","24","0","473","completed","Item (1)"
"ORD-20260818-1701","1701","2026-08-18T15:27:00.000Z","dine-in","Walk-in Customer","","T6","upi","878","44","0","922","completed","Item (1)"
"ORD-20260818-1700","1700","2026-08-18T15:11:00.000Z","dine-in","Walk-in Customer","","T5","cash","518","26","0","544","completed","Item (1)"
"ORD-20260818-1731","1731","2026-08-18T14:30:00.000Z","dine-in","Walk-in Customer","","T6","upi","258","14","0","271","completed","Item (1)"
"ORD-20260818-1699","1699","2026-08-18T13:49:00.000Z","dine-in","Walk-in Customer","","T4","upi","596","30","149","626","completed","Item (1)"
"ORD-20260818-1698","1698","2026-08-18T13:14:00.000Z","dine-in","Walk-in Customer","","T3","cash","438","22","0","460","completed","Item (1)"
"ORD-20260818-1697","1697","2026-08-18T13:12:00.000Z","dine-in","Walk-in Customer","","T2","upi","350","18","351","368","completed","Item (1)"
"ORD-20260818-1696","1696","2026-08-18T12:34:00.000Z","dine-in","Walk-in Customer","","T1","upi","258","14","0","271","completed","Item (1)"
"f629ce48-4df7-4ad8-bc68-87b4da771e0b","1731","2026-08-18T09:00:00.000Z","dine-in","Walk-in Customer","","Walk-in","upi","258","14","0","271","completed","Item (1) | Item (1)"
"38756e8c-1ca4-4316-b102-c75c9ef03567","1695","2026-08-17T16:24:46.955Z","dine-in","Walk-in Guest","","","split","479","24","0","503","completed","Item (1) | Item (1)"
"e2d0bdbd-0158-49db-82b4-fea3c18a3732","1694","2026-08-17T15:51:16.539Z","dine-in","Walk-in Guest","","","split","199","10","0","209","completed","Item (1)"
"73762475-ebab-47c1-b35b-20b24e38f40f","1693","2026-08-17T15:23:37.719Z","dine-in","Walk-in Guest","","","upi","398","20","0","418","completed","Item (1) | Item (1)"
"b0ce3a9f-c80f-4d02-a6b4-377ccd35454a","1692","2026-08-17T15:14:37.812Z","dine-in","Walk-in Guest","","","cash","360","18","0","378","completed","Item (1)"
"969ee96e-2865-47ac-aaee-fddd81e94eff","1691","2026-08-17T15:06:39.704Z","dine-in","Walk-in Guest","","","cash","460","23","0","483","completed","Item (1) | Item (1)"
"f8740db9-b034-48a6-b926-257a74aa84fb","1690","2026-08-17T14:57:23.004Z","dine-in","Walk-in Guest","","","upi","214","11","0","225","completed","Item (1) | Item (1)"
"4fed8ac1-8abe-42db-9ebb-8ad7f7515b41","1689","2026-08-17T14:55:52.382Z","dine-in","Sham","9342783270","","split","1509.58","75","1509","1585","completed","Item (3) | Item (3) | Item (3) | Item (1) | Item (1) | Item (1) | Item (1) | Item (1)"
"b68ddde5-08c2-410f-b0d4-57992ddd8181","1688","2026-08-17T14:41:54.322Z","dine-in","Walk-in Guest","","","upi","557","28","139","585","completed","Item (1) | Item (1) | Item (1) | Item (1)"
"8e9220b4-e9d5-43d5-9f2d-10762ad98bef","1687","2026-08-17T14:32:16.966Z","dine-in","Walk-in Guest","","","upi","398","20","0","418","completed","Item (1) | Item (1)"
"6b91e6e2-c302-4bab-a639-6545b84d6592","1686","2026-08-17T14:20:36.473Z","dine-in","Santhosh","9884326866","","upi","259","13","259","272","completed","Item (1) | Item (1) | Item (1)"
"7648cdd6-420e-470b-9c36-dd76efe0d3f9","1685","2026-08-17T14:10:06.465Z","dine-in","Walk-in Guest","","","upi","439","22","0","461","completed","Item (1) | Item (1)"
"ef190e7f-cce2-496a-9c8a-742fd0d16e89","1684","2026-08-17T13:51:12.086Z","dine-in","Walk-in Guest","","","upi","589","29","0","618","completed","Item (1) | Item (1)"
"12d79486-d31c-4bec-8bc2-158c7e4ccc9f","1683","2026-08-17T12:47:59.004Z","dine-in","Walk-in Guest","","","upi","199","10","0","209","completed","Item (1)"
"4d634d2d-79c4-484b-80df-4933a17b11ff","1682","2026-08-17T12:03:17.397Z","dine-in","Walk-in Guest","","","upi","199","10","0","209","completed","Item (1)"
"14a65d15-56d7-4975-8a9c-035437502e2b","1681","2026-08-17T12:01:48.832Z","dine-in","Walk-in Guest","","","upi","298","15","0","313","completed","Item (1) | Item (1)"
"cf8a86b5-383e-410c-947c-1d9a33fe5c24","1680","2026-08-17T11:39:41.458Z","dine-in","Walk-in Guest","","","cash","188","9","0","197","completed","Item (1) | Item (1)"
"5d28ded4-e718-4e7b-820a-d6c6e6e4709c","1679","2026-08-17T11:30:41.566Z","dine-in","Walk-in Guest","","","upi","348","17","0","365","completed","Item (1) | Item (1)"
"2b5a9fb9-6608-4fa7-b340-0eb6e4cf18e9","1678","2026-08-17T10:56:07.136Z","dine-in","Walk-in Guest","","","upi","578","29","0","607","completed","Item (1) | Item (1) | Item (1)"
"2438e464-3b29-48f0-ae01-939f6dd87e79","1677","2026-08-17T10:29:56.153Z","dine-in","Walk-in Guest","","","split","140","7","0","147","completed","Item (1)"
"9c30c083-e1e3-429c-bb0f-ab3fcb0d68cd","1676","2026-08-17T10:26:21.636Z","dine-in","Walk-in Guest","","","upi","269","13","0","282","completed","Item (1) | Item (1)"
"69562816-f69f-47f2-a24f-a789cc69f4f8","1675","2026-08-17T09:51:05.276Z","takeaway","Walk-in Guest","","","card","313.29","16","0","329","completed","Item (1) | Item (1)"
"f30abc2e-0f2b-4a0f-9f6a-a5bda38137fb","1674","2026-08-17T08:54:52.200Z","dine-in","Walk-in Guest","","","upi","114.29","6","0","120","completed","Item (1)"
"4818a9d6-2b36-4f7b-8052-e571fcd6ad4a","1673","2026-08-17T08:38:57.338Z","takeaway","Walk-in Guest","","","upi","847","42","0","889","completed","Item (1) | Item (1) | Item (1)"
"f7c7a773-aee4-40ba-af71-964ef072cfe3","1672","2026-08-17T08:30:03.592Z","dine-in","Walk-in Guest","","","upi","348","17","0","365","completed","Item (1) | Item (1)"
"05ab4992-9d9a-4345-9c65-bba38f60e136","1671","2026-08-17T07:28:16.729Z","dine-in","Walk-in Guest","","","cash","439","22","0","461","completed","Item (1) | Item (1) | Item (1)"
"2acb8664-9a62-4071-b883-2e5962c48543","1670","2026-08-17T07:26:22.391Z","dine-in","Walk-in Guest","","","cash","359","18","0","377","cancelled","Item (1) | Item (1) | Item (1)"
"7b87f047-c781-42a2-b02c-70a8c2f2b96b","1669","2026-08-16T16:37:44.668Z","dine-in","Walk-in Guest","","","upi","1497","75","0","1572","completed","Item (1) | Item (1) | Item (1)"
"92cfd0c5-1075-4573-9c6c-f782bda5d6bb","1668","2026-08-16T16:23:25.113Z","dine-in","Walk-in Guest","","","cash","699","35","0","734","completed","Item (1)"
"9e95f043-d7eb-48ae-adf9-37cc9849c22d","1667","2026-08-16T16:11:18.670Z","dine-in","Walk-in Guest","","","upi","190","10","0","200","completed","Item (1) | Item (1)"
"49f2a373-d8b6-4fb1-b784-732de3c492b8","1666","2026-08-16T16:07:28.636Z","dine-in","Walk-in Guest","","","upi","1589.29","79","0","1668","completed","Item (1) | Item (1) | Item (1) | Item (1) | Item (1) | Item (1) | Item (1) | Item (1) | Item (1)"
"4cf028eb-6cd2-4fb5-a7d2-136fdca19f56","1665","2026-08-16T15:38:59.196Z","dine-in","Walk-in Guest","","","upi","439","22","0","461","completed","Item (1) | Item (1)"
"db75a62c-b727-4fd5-979d-f9b049fc9cd5","1664","2026-08-16T15:33:18.088Z","takeaway","Walk-in Guest","","","card","424.29","21","0","445","completed","Item (1) | Item (1) | Item (1) | Item (1)"
"d2ce1c72-bf81-4344-87a4-83117ce8c0d5","1663","2026-08-16T15:27:48.583Z","dine-in","Walk-in Guest","","","upi","258","13","0","271","completed","Item (1) | Item (1)"
"453853ee-29ee-4b01-8aa8-c713c83a602d","1662","2026-08-16T15:25:22.715Z","dine-in","Walk-in Guest","","","card","299","15","0","314","completed","Item (1)"
"25f53009-8f7c-44ed-8976-989ba0def275","1661","2026-08-16T15:22:42.907Z","dine-in","Walk-in Guest","","","cash","378","19","0","397","completed","Item (1) | Item (1) | Item (1)"
"5b37a811-9ac1-4507-9d53-402402bd6ccb","1660","2026-08-16T15:13:36.310Z","dine-in","Walk-in Guest","","","upi","199","10","0","209","completed","Item (1)"
"905294b8-94ac-453a-abe9-7b6c4524a2b4","1659","2026-08-16T14:57:30.887Z","dine-in","Walk-in Guest","","","card","279","14","0","293","completed","Item (1)"
"bda26b76-e34f-47f5-86c7-5e4e16683102","1658","2026-08-16T14:47:15.074Z","takeaway","Walk-in Guest","","","upi","199","10","0","209","completed","Item (1)"
"0e37e460-230d-4d99-974d-7b5151defab1","1657","2026-08-16T14:43:58.853Z","dine-in","Walk-in Guest","","","upi","448","22","0","470","completed","Item (1) | Item (1) | Item (1) | Item (1)"
"152f7dbe-5144-4ef7-984d-069fe138a57c","1656","2026-08-16T14:31:48.171Z","dine-in","Walk-in Guest","","","upi","398","20","0","418","completed","Item (1) | Item (1)"
"fd9aa00d-be31-4803-ad50-adf1e5217fea","1655","2026-08-16T14:26:19.535Z","dine-in","Walk-in Guest","","","card","597","30","0","627","completed","Item (1) | Item (1) | Item (1)"
"3043b6d6-f5eb-4571-8ee1-3a922dad4663","1654","2026-08-16T14:22:43.977Z","dine-in","Walk-in Guest","","","cash","249","12","0","261","completed","Item (1)"
"82c7dca9-e363-4dab-853d-91bbbc8e35e5","1653","2026-08-16T14:21:00.683Z","takeaway","Sulaiman","9585646262","","upi","596","30","597","626","completed","Item (4) | Item (1) | Item (1) | Item (1) | Item (1)"
"5bd95864-2440-47d1-8d55-c907daa94a2b","1652","2026-08-16T14:16:48.449Z","dine-in","Walk-in Guest","","","cash","919","46","0","965","completed","Item (1) | Item (1)"
"99b01d2d-6274-47f5-bc9d-5537cdf179bf","1651","2026-08-16T14:12:27.328Z","dine-in","Walk-in Guest","","","upi","438","22","0","460","completed","Item (1) | Item (1) | Item (1)"
"8f56111f-bcd3-43a3-95fe-973b09e8d10d","1650","2026-08-16T14:09:16.611Z","dine-in","Walk-in Guest","","","cash","279","14","0","293","completed","Item (1)"
"fddc339e-1bec-43de-b452-474745e91468","1649","2026-08-16T14:07:03.362Z","dine-in","Walk-in Guest","","","upi","349","17","0","366","completed","Item (1)"
"8ef77ce9-3f6e-416e-adcf-6733669fd562","1648","2026-08-16T13:43:49.633Z","dine-in","Walk-in Guest","","","upi","796","40","0","836","completed","Item (1) | Item (1) | Item (1) | Item (1)"
"c217ba75-4e69-42bc-961c-91c92a470ce9","1647","2026-08-16T13:29:06.378Z","takeaway","Walk-in Guest","","","upi","512.29","26","0","538","completed","Item (1) | Item (1) | Item (1)"
"8431c75b-6dd8-4264-92cf-8cf55b0c702a","1646","2026-08-16T13:27:42.687Z","dine-in","Walk-in Guest","","","upi","538","27","0","565","completed","Item (1) | Item (1) | Item (1)"
"3b89a13e-eb64-45ad-aafe-e1f54000e48f","1645","2026-08-16T13:15:28.635Z","dine-in","Walk-in Guest","","","split","1016","51","0","1067","completed","Item (1) | Item (1) | Item (1) | Item (1) | Item (1)"
"35af76d8-860d-411f-b263-acb206a27ce8","1644","2026-08-16T13:01:09.117Z","dine-in","Walk-in Guest","","","upi","279","14","0","293","completed","Item (1)"
"de22d4d5-3943-41bc-8fb9-8cc9c0421113","1643","2026-08-16T12:53:47.957Z","dine-in","Walk-in Guest","","","upi","298","15","0","313","completed","Item (1) | Item (1)"
"9a600c80-b55d-496f-b0e9-531908eaefd2","1642","2026-08-16T12:18:21.133Z","dine-in","Walk-in Guest","","","upi","78","4","0","82","completed","Item (2)"
"4b02a704-e155-4da6-bd6e-17bb4f7a9945","1641","2026-08-16T12:10:23.184Z","dine-in","Walk-in Guest","","","card","280","14","0","294","completed","Item (1)"
"0cbde093-77e2-4ff4-9b09-2ad5b9cd1463","1640","2026-08-16T11:47:10.713Z","dine-in","Walk-in Guest","","","upi","255","13","64","268","completed","Item (1) | Item (1)"
"9bc77e27-b0b0-472b-8673-1b8bace49ca3","1639","2026-08-16T11:31:23.996Z","dine-in","Walk-in Guest","","","cash","939","47","0","986","completed","Item (1) | Item (1)"
"67bf12d9-cc35-4e38-91e1-fefcba4103a3","1638","2026-08-16T10:14:46.549Z","takeaway","Walk-in Guest","","","upi","580","29","0","609","completed","Item (1) | Item (1) | Item (1)"
"b477c914-9c13-4292-aa71-44c7004d0222","1637","2026-08-16T09:55:02.209Z","dine-in","Walk-in Guest","","","upi","120","6","0","126","completed","Item (1)"
"279da049-1efb-4852-9a36-065fe11640f9","1636","2026-08-16T09:31:15.806Z","dine-in","Walk-in Guest","","","card","606","30","0","636","completed","Item (1) | Item (1) | Item (1) | Item (2)"
"930e88cc-7624-493b-a2ab-d2f660050e1e","1635","2026-08-16T09:24:07.953Z","dine-in","Walk-in Guest","","","upi","457","23","0","480","completed","Item (1) | Item (1) | Item (1)"
"dd24b53a-fb9b-473a-9025-69e5eccf6d79","1634","2026-08-16T08:41:08.385Z","dine-in","Walk-in Guest","","","upi","589","29","0","618","completed","Item (1) | Item (1)"
"44f8f253-ea6c-49d9-b9cd-1f90a6c075bf","1633","2026-08-16T08:29:08.853Z","dine-in","Walk-in Guest","","","upi","39","2","0","41","completed","Item (1)"
"7770a5e4-ee87-4d87-b7c8-e208f29582e5","1632","2026-08-16T08:28:42.138Z","dine-in","Walk-in Guest","","","upi","799","40","0","839","completed","Item (1)"
"c9231211-127d-401a-b0a6-12f1b334cc27","1631","2026-08-16T08:21:24.330Z","takeaway","Walk-in Guest","","","card","577","29","0","606","completed","Item (1) | Item (1) | Item (1) | Item (1)"
"74a8730d-4bb6-4acf-9e08-9c56f70d2236","1630","2026-08-16T08:04:07.665Z","dine-in","Walk-in Guest","","","upi","240","12","0","252","completed","Item (1) | Item (1)"
"5dbb2b0c-3597-4780-8ced-9772201b4401","1629","2026-08-16T07:46:35.495Z","takeaway","Walk-in Guest","","","upi","140","7","0","147","completed","Item (1)"
"80737062-c5d7-4a04-8351-e282400c4092","1628","2026-08-16T07:45:15.154Z","takeaway","Walk-in Guest","","","upi","199","10","0","209","completed","Item (1)"
"9de34072-65c7-4626-a126-fd78f1c4f9eb","1627","2026-08-15T17:14:11.382Z","dine-in","Walk-in Guest","","","upi","114.29","6","0","120","completed","Item (1)"
"9ed5556d-2a02-4013-8fd4-867e93cced36","1626","2026-08-15T17:13:14.771Z","dine-in","Walk-in Guest","","","upi","230","12","0","242","completed","Item (1) | Item (1)"
"fdf877fd-d2a7-4fc2-8db9-548e89d1e0cd","1625","2026-08-15T17:06:12.001Z","dine-in","Walk-in Guest","","","split","114.29","6","0","120","completed","Item (1)"
"ee08628e-0a0a-4f4d-94cf-f28ee18c9a49","1624","2026-08-15T16:56:19.998Z","dine-in","Walk-in Guest","","","complimentary","638","32","0","670","completed","Item (1) | Item (1) | Item (1) | Item (1)"
"0a277406-ec35-4374-b0f7-1ebed3616999","1623","2026-08-15T16:51:17.751Z","dine-in","Walk-in Guest","","","upi","329","16","0","345","completed","Item (1) | Item (1)"
"9041f186-d558-49d8-bcfd-548c4d7658cb","1622","2026-08-15T16:43:14.922Z","dine-in","Walk-in Guest","","","upi","917","46","0","963","completed","Item (1) | Item (1) | Item (1) | Item (1) | Item (1)"
"c7df2f84-3be8-41a5-817c-f17460f88123","1621","2026-08-15T16:38:39.638Z","dine-in","Walk-in Guest","","","cash","120","6","0","126","completed","Item (1)"
"9c9756e3-d624-4ef7-926c-30b4b9d1322f","1620","2026-08-15T16:37:08.921Z","dine-in","Walk-in Guest","","","upi","114.29","6","0","120","completed","Item (1)"
"6cb62cb2-f224-40e2-b3d5-9846fa25dead","1619","2026-08-15T16:34:07.748Z","dine-in","Walk-in Guest","","","upi","668","33","0","701","completed","Item (1) | Item (1) | Item (1)"
"263c3447-f478-4ade-bda9-ff946fde5c68","1618","2026-08-15T16:17:18.410Z","dine-in","Walk-in Guest","","","cash","199","10","0","209","completed","Item (1)"
"f7ccd290-f223-494e-84af-d2fafe1dcc4d","1617","2026-08-15T16:15:53.444Z","dine-in","Walk-in Guest","","","card","611.29","31","0","642","completed","Item (1) | Item (1) | Item (1) | Item (1)"
"149c4049-6376-43d2-a3c6-dcc7e2f0d0eb","1616","2026-08-15T16:12:07.073Z","dine-in","Walk-in Guest","","","upi","39","2","0","41","completed","Item (1)"
"d479f8f2-f51c-4c8d-9856-b0e8b89a6186","1615","2026-08-15T16:10:51.731Z","dine-in","Walk-in Guest","","","upi","705","35","0","740","completed","Item (1) | Item (1) | Item (1) | Item (1) | Item (1)"
"c6261524-ff82-4751-9ca5-5f9517f0e8f5","1614","2026-08-15T16:00:38.397Z","dine-in","Walk-in Guest","","","upi","240","12","0","252","completed","Item (1)"
"c75f9a78-4e4e-4c56-9fa7-07c81e93b431","1613","2026-08-15T15:43:31.903Z","dine-in","Walk-in Guest","","","card","114.29","6","0","120","completed","Item (1)"
"9b3f365b-287a-492a-b242-8d9d212f0925","1612","2026-08-15T15:43:23.868Z","dine-in","Walk-in Guest","","","upi","114.29","6","0","120","cancelled","Item (1)"
"3cb06fd5-f031-45fe-a8c4-2af472f03497","1611","2026-08-15T15:42:08.949Z","dine-in","Walk-in Guest","","","card","648","32","0","680","completed","Item (1) | Item (1)"
"9faaba05-4064-4b90-af2c-a009bdbe5ebd","1610","2026-08-15T15:32:12.346Z","dine-in","Walk-in Guest","","","upi","1144","57","0","1201","completed","Item (3) | Item (1) | Item (1) | Item (1)"
"3b227cf5-bffa-4778-9917-f8e0dadcc387","1609","2026-08-15T15:30:55.936Z","dine-in","Walk-in Guest","","","upi","149","7","0","156","completed","Item (1)"
"86ee6717-52c5-4455-bcf1-eaadbb294f5b","1608","2026-08-15T15:29:54.775Z","dine-in","Walk-in Guest","","","upi","400","20","0","420","completed","Item (1) | Item (1)"
"8a4ca433-a080-4946-98fd-47b44c32768d","1607","2026-08-15T15:21:15.876Z","dine-in","Walk-in Guest","","","upi","479","24","0","503","completed","Item (1) | Item (1)"
"7b9cc869-a4e8-4aca-aaa3-2d3893e99731","1606","2026-08-15T15:16:31.265Z","dine-in","Walk-in Guest","","","upi","443.29","22","0","465","completed","Item (1) | Item (1) | Item (1)"
"e91f8183-d944-4d19-b6a8-eb1a77278a4a","1605","2026-08-15T14:58:49.004Z","dine-in","Walk-in Guest","","","upi","298","15","0","313","completed","Item (1) | Item (1)"
"15bb8bc1-0a73-479f-b6be-73749084d983","1604","2026-08-15T14:56:58.569Z","dine-in","Walk-in Guest","","","upi","114.29","6","0","120","completed","Item (1)"
"18a6f635-1596-48ec-a990-cf49b2c4e2b0","1603","2026-08-15T14:54:33.078Z","dine-in","Walk-in Guest","","","cash","114.29","6","0","120","completed","Item (1)"
"58973d88-cfe8-461e-b08d-7736130a80ce","1602","2026-08-15T14:40:13.828Z","dine-in","Walk-in Guest","","","card","592.29","30","0","622","completed","Item (1) | Item (1) | Item (1)"
"47f37fb9-5d64-4799-a40e-8e69d2fc5c26","1601","2026-08-15T14:38:15.392Z","dine-in","Walk-in Guest","","","upi","398","20","0","418","completed","Item (1) | Item (1)"
"3149a942-d57b-40f7-8159-d6663bdcf431","1600","2026-08-15T14:36:39.739Z","dine-in","Walk-in Guest","","","cash","419","21","0","440","completed","Item (1) | Item (1)"
"75b94d1a-e451-450e-97cd-a6ddca45dbd9","1599","2026-08-15T14:35:19.968Z","takeaway","Walk-in Guest","","","split","339","17","0","356","completed","Item (1) | Item (1)"
"d0afc721-c307-4ded-acc6-fef964f1f3c3","1598","2026-08-15T14:21:00.872Z","dine-in","Walk-in Guest","","","cash","199","10","0","209","completed","Item (1)"
"2db250c1-90a0-4b23-99d7-3dca632fc561","1597","2026-08-15T14:19:21.339Z","dine-in","Walk-in Guest","","","cash","648","32","0","680","completed","Item (1) | Item (1)"
"fd068459-888e-4578-96f5-2c8f0be8c387","1596","2026-08-15T14:02:21.181Z","dine-in","Walk-in Guest","","","upi","2638.58","132","0","2771","completed","Item (1) | Item (2) | Item (1) | Item (2) | Item (1) | Item (1) | Item (1) | Item (1) | Item (2) | Item (1)"
"c570d668-b588-4c34-b91a-0511ae06172c","1595","2026-08-15T13:52:07.265Z","dine-in","Walk-in Guest","","","upi","818","41","0","859","completed","Item (1) | Item (1) | Item (1) | Item (1)"
"e7a99dc3-424b-4333-9c0b-8f9ef73798b0","1594","2026-08-15T13:32:44.502Z","dine-in","Walk-in Guest","","","cash","180","9","0","189","completed","Item (1)"
"03d70f87-3323-4c0a-9422-c2e90b966ecb","1593","2026-08-15T13:32:34.901Z","dine-in","Walk-in Guest","","","upi","180","9","0","189","cancelled","Item (1)"
"ab077c96-b94b-4fbf-8c41-ed8b40689ee5","1592","2026-08-15T13:23:21.580Z","dine-in","Walk-in Guest","","","upi","537","27","0","564","completed","Item (1) | Item (1) | Item (1) | Item (1)"
"c1e34af6-7250-4a87-80d4-5c191c09fbda","1591","2026-08-15T13:19:55.766Z","dine-in","Walk-in Guest","","","upi","114.29","6","0","120","completed","Item (1)"
"f2e46a16-eb22-4f32-a148-d328ae13cd43","1590","2026-08-15T13:16:12.378Z","dine-in","Walk-in Guest","","","upi","319","16","0","335","completed","Item (1) | Item (1)"
"c0fe0613-d381-4c75-9431-8654f69f86e4","1589","2026-08-15T12:57:52.569Z","dine-in","Walk-in Guest","","","upi","99","5","0","104","completed","Item (1)"
"8f2dd2f3-95d6-4aaf-819f-408ab01cd229","1588","2026-08-15T12:49:36.977Z","dine-in","Walk-in Guest","","","upi","1221.29","61","0","1282","completed","Item (1) | Item (1) | Item (1) | Item (1) | Item (1) | Item (1) | Item (1)"
"b9756958-d9af-4b81-9acf-267eacea88ae","1587","2026-08-15T12:48:11.770Z","dine-in","Walk-in Guest","","","upi","1107","55","0","1162","cancelled","Item (1) | Item (1) | Item (1) | Item (1) | Item (1) | Item (1)"
"e49f2d7a-639a-44cf-8f9c-b24bd2d4e74f","1586","2026-08-15T12:18:52.457Z","dine-in","Walk-in Guest","","","upi","747","37","0","784","completed","Item (1) | Item (2) | Item (1) | Item (1) | Item (1)"
"87a43600-812d-4962-a03c-4955600c2db4","1585","2026-08-15T10:34:01.982Z","dine-in","Walk-in Guest","","","upi","567","28","0","595","completed","Item (1) | Item (1) | Item (1) | Item (1) | Item (1)"
"a1efc417-8c63-4cc1-8399-8e2acc7744b8","1584","2026-08-15T10:10:47.290Z","dine-in","Walk-in Guest","","","cash","120","6","0","126","completed","Item (1)"
"63cb8eb5-cb36-4ea2-a187-65f423c283b8","1583","2026-08-15T10:07:39.425Z","dine-in","Walk-in Guest","","","upi","1693","85","0","1778","completed","Item (1) | Item (1) | Item (1) | Item (1) | Item (1) | Item (2)"
"df315b8e-2490-4b82-a16a-f8f5d2212ae3","1582","2026-08-15T09:25:28.633Z","dine-in","Walk-in Guest","","","cash","1077","54","0","1131","completed","Item (2) | Item (1) | Item (2)"
"94ec2512-826c-47dd-891b-0b604e27ef51","1581","2026-08-15T09:15:07.962Z","dine-in","Walk-in Guest","","","cash","838","42","0","880","completed","Item (1) | Item (1) | Item (1) | Item (1) | Item (1)"
"6109d650-77b8-4ee0-aef9-20a5a64503e0","1580","2026-08-15T08:48:06.045Z","dine-in","Walk-in Guest","","","cash","39","2","0","41","completed","Item (1)"
"90bb7cf7-4993-4eb8-af40-74d498c360fd","1579","2026-08-15T08:47:01.130Z","takeaway","Walk-in Guest","","","cash","549","27","0","576","completed","Item (1) | Item (1) | Item (1) | Item (1)"
"9f8aaaf7-ff0b-46e4-aa4f-12f054e0e3b7","1578","2026-08-15T07:42:31.959Z","dine-in","Walk-in Guest","","","upi","339","17","0","356","completed","Item (1) | Item (1)"
"f8610e08-e567-40af-ab15-800fbc9256e3","1577","2026-08-15T06:46:25.600Z","dine-in","Walk-in Guest","","","cash","6293","315","0","6608","completed","Item (1) | Item (1) | Item (1) | Item (1) | Item (4) | Item (4) | Item (2) | Item (11) | Item (3) | Item (1)"
"f6a493e6-cba0-49b4-830a-5830683b77ed","1576","2026-08-14T16:40:46.306Z","dine-in","Walk-in Guest","","","upi","228.58","11","0","240","completed","Item (2)"
"54dd9bc6-e6c0-44be-b6c6-df2616ff2c41","1575","2026-08-14T16:23:31.426Z","dine-in","Walk-in Guest","","","upi","749","37","0","786","completed","Item (1) | Item (1)"
"1f32ce1b-fe3f-434d-9cef-4d20edaa17d9","1574","2026-08-14T16:08:21.239Z","dine-in","Walk-in Guest","","","upi","90","5","0","95","completed","Item (1)"
"7d868375-80c7-49f8-b2d3-5b07fdbd8f5a","1573","2026-08-14T15:57:55.221Z","dine-in","Walk-in Guest","","","cash","70","4","0","74","completed","Item (1)"
"3e6f9b2a-1cd4-4851-b2c2-2b29a7a16f86","1572","2026-08-14T15:54:10.603Z","takeaway","Walk-in Guest","","","upi","329","16","0","345","completed","Item (1) | Item (1)"
"032090ee-9f8d-49e0-a87e-1b3d054790ad","1571","2026-08-14T15:53:25.787Z","dine-in","Walk-in Guest","","","upi","810.29","41","0","851","completed","Item (1) | Item (1) | Item (1) | Item (1) | Item (1) | Item (1)"
"d163247a-550b-4676-8d9a-fd064de10a5c","1570","2026-08-14T15:39:57.220Z","takeaway","Walk-in Guest","","","upi","448","22","0","470","completed","Item (1) | Item (1)"
"a2294ed3-5bf5-4e38-a56a-61f03dd60fed","1569","2026-08-14T15:29:42.034Z","dine-in","Walk-in Guest","","","upi","547","27","0","574","completed","Item (1) | Item (1) | Item (1)"
"c728683b-519c-45db-9336-ace4f9e80ca2","1568","2026-08-14T15:25:26.881Z","dine-in","Walk-in Guest","","","upi","397","20","0","417","completed","Item (2) | Item (1)"
"9d61efd1-689b-471b-9cb7-b04585343103","1567","2026-08-14T14:55:44.013Z","takeaway","Walk-in Guest","","","upi","542","27","135","569","completed","Item (2) | Item (1) | Item (1)"
"599dd5ad-f6d4-4286-943e-2373b2d3f853","1566","2026-08-14T14:48:07.242Z","dine-in","Walk-in Guest","","","upi","191","10","48","201","completed","Item (1) | Item (1)"
"74801076-bb51-4b8c-bb38-e9386651be5b","1565","2026-08-14T14:37:39.552Z","dine-in","Walk-in Guest","","","upi","559","28","0","587","completed","Item (1) | Item (1) | Item (1)"
"b162f511-730b-482e-a011-924ee96a91d7","1564","2026-08-14T14:25:59.306Z","dine-in","Walk-in Guest","","","upi","159","8","0","167","completed","Item (1) | Item (1)"
"6c19bb37-7737-468b-8a93-ec72b7f5146d","1563","2026-08-14T14:06:58.846Z","dine-in","Walk-in Guest","","","upi","248","12","0","260","completed","Item (1) | Item (1) | Item (1)"
"bd75623f-c2f7-4968-a51d-daefd31d3831","1562","2026-08-14T13:56:30.260Z","dine-in","Walk-in Guest","","","upi","347","17","0","364","completed","Item (1) | Item (1) | Item (1)"
"5f32fa25-0e42-4edd-a6e3-e4fe5d9a5fe4","1561","2026-08-14T13:43:47.381Z","dine-in","Walk-in Guest","","","upi","672.29","34","0","706","completed","Item (1) | Item (1) | Item (1) | Item (1)"
"4a7c9c16-4689-4227-9c9b-0576c08e49c0","1560","2026-08-14T13:42:05.676Z","dine-in","Walk-in Guest","","","upi","456","23","0","479","completed","Item (1) | Item (1) | Item (1) | Item (1)"
"fdfbef0c-9d42-4f48-b28f-ae12edaad31a","1559","2026-08-14T13:38:50.865Z","dine-in","Walk-in Guest","","","upi","772.29","39","0","811","completed","Item (1) | Item (1) | Item (1) | Item (1) | Item (1)"
"4dc4edc7-0474-46ca-958d-7f6e01fd4610","1558","2026-08-14T13:30:04.623Z","dine-in","Walk-in Guest","","","card","219","11","0","230","completed","Item (1) | Item (1)"
"52c40a98-1578-4a76-8e9d-2544fd80e6b1","1557","2026-08-14T12:23:27.189Z","dine-in","Walk-in Guest","","","upi","99","5","0","104","completed","Item (1)"
"691f1d4f-48e5-4652-96b4-a43bcb448d97","1556","2026-08-14T12:21:23.389Z","dine-in","Walk-in Guest","","","cash","240","12","0","252","completed","Item (1) | Item (1)"
"8b3d66fe-3622-4b4a-ac7a-a31e3df7bd66","1555","2026-08-14T10:36:32.830Z","takeaway","Walk-in Guest","","","upi","396","20","0","416","completed","Item (3) | Item (1)"
"aa8b73ab-5592-4d8c-ae7c-f0d2c925d546","1554","2026-08-14T10:15:10.905Z","dine-in","Walk-in Guest","","","upi","234.29000000000002","12","0","246","completed","Item (1) | Item (1)"
"9d0745b4-c512-466d-99a4-538fc3d80dc9","1553","2026-08-14T10:10:52.469Z","dine-in","Walk-in Guest","","","split","199","10","0","209","completed","Item (1)"
"daac3325-9db7-4e03-895b-cc8357a59bc7","1552","2026-08-14T09:53:26.525Z","dine-in","Walk-in Guest","","","upi","419","21","0","440","completed","Item (1) | Item (1)"
"7a6c458b-ca35-4e70-bce4-6d3cbc4a70f5","1551","2026-08-14T08:33:33.593Z","dine-in","Walk-in Guest","","","upi","369","18","0","387","completed","Item (1) | Item (1)"
"b53a881c-2332-42db-95b3-912a4165c62d","1550","2026-08-14T08:24:07.934Z","dine-in","Walk-in Guest","","","cash","278","14","0","292","completed","Item (1) | Item (1) | Item (1)"
"d7990698-92f9-4d38-8668-92d12f6eb433","1519","2026-08-13T18:21:23.756Z","delivery","Demo User","9999999999","","Cashfree Gateway","60","0","0","54","cancelled","Item (1)"
"5184fa79-7678-49d7-87cb-9c8e7967ccba","1549","2026-08-13T17:12:18.910Z","dine-in","Walk-in Guest","","","upi","158","8","0","166","completed","Item (1) | Item (1)"
"cbd14757-6d95-44ee-8846-84ebe7493b66","1548","2026-08-13T17:09:54.725Z","dine-in","Walk-in Guest","","","upi","198","10","0","208","completed","Item (1) | Item (1)"
"986d836d-ba26-4b9d-aeb9-d936259ba9ca","1547","2026-08-13T17:09:08.389Z","dine-in","Walk-in Guest","","","card","158","8","0","166","completed","Item (1) | Item (1)"
"9784321d-1a74-4e97-9770-54e06f9b1db2","1546","2026-08-13T17:07:01.565Z","dine-in","Walk-in Guest","","","card","598","30","0","628","completed","Item (1) | Item (1)"
"9d6916e9-62d6-42b2-802e-685f128f38c1","1545","2026-08-13T17:04:11.323Z","dine-in","Walk-in Guest","","","upi","180","9","0","189","completed","Item (1)"
"7ed441ea-c84a-4512-836d-c4f7355aab0b","1544","2026-08-13T16:50:30.122Z","dine-in","Walk-in Guest","","","cash","39","2","0","41","completed","Item (1)"
"3a67035b-d3f0-4b1f-8208-1d2933151129","1543","2026-08-13T16:36:12.389Z","dine-in","Walk-in Guest","","","upi","230","12","0","242","completed","Item (1) | Item (1)"
"17f60bf7-fb93-4e4d-92e9-5ee6a3ebb42a","1542","2026-08-13T16:22:11.676Z","dine-in","Walk-in Guest","","","upi","99","5","0","104","completed","Item (1)"
"dc471df2-c3e3-4462-b995-e7c7ee1b315a","1541","2026-08-13T15:54:35.017Z","dine-in","Walk-in Guest","","","upi","788","39","0","827","completed","Item (1) | Item (1) | Item (1)"
"5946f169-8d89-4e31-ba6f-8ba46018ec6b","1540","2026-08-13T15:48:46.742Z","dine-in","Walk-in Guest","","","card","117","6","0","123","completed","Item (3)"
"7a1cef3b-1299-4761-9410-de9a50ea9099","1539","2026-08-13T15:37:51.625Z","dine-in","Walk-in Guest","","","cash","114.29","6","0","120.29","completed","Item (1)"
"d2e5e138-9a04-422a-883c-fa32f8462c62","1538","2026-08-13T15:37:00.183Z","dine-in","Walk-in Guest","","","cash","249","12","0","261","completed","Item (1)"
"a4a65294-bcb0-42fa-a2df-99ea358d41ce","1537","2026-08-13T15:34:19.889Z","dine-in","Walk-in Guest","","","card","278","14","69","292","completed","Item (1) | Item (1) | Item (1)"
"21a75e92-dc10-4253-b47b-fb8118ca227a","1536","2026-08-13T15:30:58.638Z","dine-in","Kamalkannan","9787223007","","upi","876","44","877","920","completed","Item (1) | Item (2) | Item (1) | Item (1) | Item (1) | Item (1) | Item (1)"
"e0c36797-6f63-4f5c-ad47-d2944ca60766","1535","2026-08-13T15:24:55.470Z","dine-in","Walk-in Guest","","","card","529","26","0","555","completed","Item (1) | Item (1) | Item (1)"
"49fad96e-5ffc-44b2-b77d-4835de17181d","1534","2026-08-13T15:06:42.166Z","dine-in","Walk-in Guest","","","upi","99","5","100","104","completed","Item (1)"
"417b2dab-73f2-40bd-a7aa-a083bb8e0f9e","1533","2026-08-13T15:06:10.546Z","dine-in","Walk-in Guest","","","upi","60","3","60","63","completed","Item (1)"
"21ed5b81-e09d-4bb3-b90e-723b8e1e1763","1532","2026-08-13T15:03:35.850Z","dine-in","Walk-in Guest","","","upi","149","7","0","156","completed","Item (1)"
"2833af2e-31f7-4271-b60e-a44e83b1ef7a","1531","2026-08-13T14:56:45.004Z","dine-in","Thiyagrajan","9600903367","","card","478","24","479","502","completed","Item (1) | Item (1) | Item (1) | Item (1) | Item (1) | Item (1) | Item (1)"
"943ef9ac-9ea1-4954-9d71-4895c0d273f7","1530","2026-08-13T14:52:47.451Z","dine-in","Walk-in Guest","","","upi","249","12","0","261","completed","Item (1)"
"1dccbc8f-a710-414f-ba6a-613f59b6c3a7","1529","2026-08-13T14:51:52.396Z","dine-in","Walk-in Guest","","","upi","249","12","0","261","completed","Item (1)"
"5d286b2a-9819-4e97-95f7-51914cee8f85","1528","2026-08-13T14:50:42.566Z","dine-in","Agilan","8190043364","","upi","429","21","429","450","completed","Item (1) | Item (1) | Item (1)"
"0fc0b572-455b-4cf7-a264-9c5fde94687e","1527","2026-08-13T14:03:36.933Z","dine-in","Walk-in Guest","","","upi","748","37","0","785","completed","Item (1) | Item (1) | Item (1) | Item (1)"
"1020a763-cc89-4ac7-9fd9-7afcf245da9d","1526","2026-08-13T14:02:06.566Z","dine-in","Lokesh","8754193368","","upi","322","16","323","338","completed","Item (1) | Item (1) | Item (1) | Item (1) | Item (1)"
"ac31ae95-508a-4b35-810a-5a40a7295de7","1525","2026-08-13T13:56:50.662Z","takeaway","Walk-in Guest","","","split","297","15","0","312","completed","Item (2) | Item (1)"
"e0f25476-8543-4505-b80f-b3eac8e7164b","1524","2026-08-13T12:30:26.685Z","takeaway","Walk-in Guest","","","upi","717","36","0","753","completed","Item (1) | Item (1) | Item (1) | Item (1) | Item (1)"
"1d2c497c-00c2-43d7-a49a-13f9ba669421","1523","2026-08-13T12:25:50.365Z","dine-in","Walk-in Guest","","","upi","587","29","0","616","completed","Item (2) | Item (1) | Item (1) | Item (1)"
"56d3c809-4b2e-41d8-9da5-048edf74e1b8","1522","2026-08-13T09:37:50.813Z","dine-in","Walk-in Guest","","","upi","39","2","0","41","completed","Item (1)"
"11aa8a15-95fe-4b68-a151-1b010c5417c2","1521","2026-08-13T09:37:07.543Z","dine-in","Walk-in Guest","","","upi","648","32","0","680","completed","Item (1) | Item (1)"
"809c673e-7475-417c-935d-2697568c87c0","1520","2026-08-13T08:27:04.889Z","dine-in","Walk-in Guest","","","upi","228","11","0","239","completed","Item (1) | Item (1) | Item (1)"
"58e350b4-9e79-4b28-9b79-46c4db8f07c6","1518","2026-08-13T06:50:31.905Z","dine-in","Walk-in Guest","","","cash","198","10","0","208","completed","Item (1) | Item (1)"
"7850e0cd-abc3-44e6-9b8f-f476f5a81bbf","1517","2026-08-13T06:30:58.929Z","dine-in","Walk-in Guest","","","upi","198","10","0","208","completed","Item (1) | Item (1)"
"d9924d72-8afd-4635-8cc9-6842cf8d33df","1516","2026-08-13T06:29:36.130Z","dine-in","Walk-in Guest","","","upi","299","15","0","314","completed","Item (1)"
"a8849b05-954e-40b2-b1af-30bc5caf9e74","1515","2026-08-12T17:05:53.838Z","dine-in","Walk-in Guest","","","cash","347","17","0","364","completed","Item (1) | Item (1) | Item (1)"
"8d48b7a1-7f40-4c66-a708-b1bc1afaf196","1514","2026-08-12T16:42:02.655Z","dine-in","Walk-in Guest","","","upi","613.29","31","0","644.29","completed","Item (1) | Item (1) | Item (1) | Item (1)"
"76b9712f-82c8-446a-8cf0-a6d2413ad953","1513","2026-08-12T16:25:03.029Z","takeaway","Walk-in Guest","","","upi","560","28","0","588","completed","Item (1)"
"7b9c8f91-7c33-4b59-b253-d92f3f82968d","1512","2026-08-12T16:23:08.259Z","dine-in","Walk-in Guest","","","upi","114.29","6","0","120.29","completed","Item (1)"
"f716a1c3-0370-4d4a-bfc0-66ab135f359d","1511","2026-08-12T16:22:44.209Z","dine-in","Walk-in Guest","","","upi","918","46","0","964","completed","Item (1) | Item (1) | Item (1)"
"c92cfe1d-1a07-4d34-b36b-86611ea11295","1510","2026-08-12T16:03:12.642Z","dine-in","Walk-in Guest","","","upi","538","27","0","565","completed","Item (1) | Item (1) | Item (1)"
"fd7aa669-b6cf-4b5b-a10e-1407543a74b7","1509","2026-08-12T15:59:32.910Z","takeaway","Walk-in Guest","","","upi","899","45","0","944","completed","Item (1)"
"753a9877-5af3-4d96-b3c8-d256af5f0a8a","1508","2026-08-12T15:57:12.948Z","dine-in","Walk-in Guest","","","upi","347","17","0","364","completed","Item (1) | Item (1) | Item (1)"
"ce4049eb-4f88-44fd-a0df-736f74dd9db9","1507","2026-08-12T15:52:44.329Z","dine-in","Santhosh","9994560077","","cash","493","25","494","518","completed","Item (1) | Item (1) | Item (1) | Item (1) | Item (1)"
"a7f587e9-58a7-4c48-8286-319eadc4ffc3","1506","2026-08-12T15:48:03.403Z","dine-in","Walk-in Guest","","","upi","487","24","0","511","completed","Item (1) | Item (1) | Item (1) | Item (1) | Item (1)"
"b8967a07-9321-432f-af4e-042ab9d1b356","1505","2026-08-12T15:44:29.024Z","dine-in","Walk-in Guest","","","upi","249","12","0","261","completed","Item (1)"
"be4466ef-cd47-4828-ad97-18ed01d8b1c1","1504","2026-08-12T14:59:20.850Z","dine-in","Walk-in Guest","","","cash","99","5","0","104","completed","Item (1)"
"d06ef371-c326-48b1-abb5-463811fbc19e","1503","2026-08-12T14:57:15.601Z","dine-in","Walk-in Guest","","","cash","360","18","0","378","completed","Item (1)"
"00684d87-e79d-42bc-bc66-483d13c3355f","1502","2026-08-12T14:50:22.224Z","takeaway","Walk-in Guest","","","upi","547","27","0","574","completed","Item (1) | Item (1) | Item (1)"
"c8adb178-31e8-44f2-aeae-c7d793d6f772","1501","2026-08-12T14:35:49.446Z","dine-in","Afzal","7845486213","","cash","528.29","26","528","554.29","completed","Item (2) | Item (2) | Item (2) | Item (1) | Item (1) | Item (1)"
"ba83bb80-3ce1-48b7-a307-a143b80aa41c","1500","2026-08-12T14:32:57.908Z","dine-in","Walk-in Guest","","","upi","378","19","0","397","completed","Item (1) | Item (1) | Item (1)"
"ab1ac539-8a37-496a-9f8b-0fb5baaebc41","1499","2026-08-12T14:29:58.933Z","dine-in","Walk-in Guest","","","upi","448","22","0","470","completed","Item (1) | Item (1)"
"600ccb5a-0cbc-4554-83f8-c29ca4a9ff2f","1498","2026-08-12T14:10:22.100Z","dine-in","Aravind","8144938032","","card","991.5799999999999","50","992","1041.58","completed","Item (1) | Item (1) | Item (1) | Item (1) | Item (1) | Item (1) | Item (1) | Item (1)"
"decff4be-3f42-49e7-833f-f54e400d2ef8","1497","2026-08-12T11:46:05.586Z","takeaway","Walk-in Guest","","","upi","198","10","0","208","completed","Item (1) | Item (1)"
"643cb06f-e7ae-4d39-bbe3-545ec3419a38","1496","2026-08-12T11:43:59.457Z","takeaway","Walk-in Guest","","","upi","499","25","0","524","completed","Item (1) | Item (1) | Item (1)"
"c8182b98-cbaa-4f66-8698-941580ec0411","1495","2026-08-12T10:48:26.562Z","dine-in","Walk-in Guest","","","split","438","22","0","460","completed","Item (1) | Item (1) | Item (1) | Item (1)"
"9657dd55-2068-4940-b6bd-abf59df50977","1494","2026-08-12T10:46:47.277Z","dine-in","Walk-in Guest","","","cash","448","22","0","470","completed","Item (1) | Item (1)"
"4f47e6b1-897c-45da-a186-99a556b90304","1493","2026-08-12T09:02:51.894Z","dine-in","Walk-in Guest","","","upi","649","32","0","681","completed","Item (1)"
"f1eda31c-7ce6-4c44-9737-e43081310006","1492","2026-08-12T08:47:32.698Z","dine-in","Walk-in Guest","","","split","1289.29","64","0","1353.29","completed","Item (1) | Item (1) | Item (1) | Item (1) | Item (1) | Item (1) | Item (1) | Item (1)"
"daad9e0c-144e-4afc-9f84-54f51c9844b2","1491","2026-08-12T08:41:41.611Z","dine-in","thiru","9943906232","","upi","99","5","99","104","completed","Item (1) | Item (1)"
"1fb42923-7d20-4eca-9adb-d0ded263d311","1490","2026-08-12T08:36:59.049Z","dine-in","Asan","7845870685","","upi","1384","69","1385","1453","completed","Item (1) | Item (1) | Item (1) | Item (1) | Item (1) | Item (1) | Item (1) | Item (1) | Item (1) | Item (1) | Item (1) | Item (1) | Item (1) | Item (1) | Item (2) | Item (1) | Item (1) | Item (1)"
"e4a8b6db-eaad-4222-be2a-7d4941c762c8","1489","2026-08-12T08:17:12.713Z","dine-in","Walk-in Guest","","","upi","768","38","0","806","completed","Item (1) | Item (1) | Item (1)"
"6ddff164-90e1-402f-9896-786438e78970","1488","2026-08-11T17:35:31.136Z","dine-in","Walk-in Guest","","","upi","99","5","0","104","completed","Item (1)"
"ee7847ed-42c2-4ee7-9435-2cf0278c05ac","1487","2026-08-11T17:06:43.959Z","dine-in","Walk-in Guest","","","upi","408","20","0","428","completed","Item (1) | Item (1) | Item (1) | Item (1)"
"3311e653-cd92-45f5-bff5-f9abd10a7788","1486","2026-08-11T17:04:43.888Z","dine-in","Walk-in Guest","","","upi","377","19","0","396","completed","Item (1) | Item (1) | Item (1) | Item (1)"
"e15a1b28-3d43-4f58-a611-3fc7bcf948e2","1485","2026-08-11T16:57:55.159Z","dine-in","Walk-in Guest","","","card","1064","53","0","1117","completed","Item (2) | Item (1) | Item (1) | Item (2) | Item (1) | Item (1)"
"81efaa9b-896b-4c98-9f05-32f8b38a8d5a","1484","2026-08-11T16:37:26.922Z","dine-in","Walk-in Guest","","","card","339","17","0","356","completed","Item (1) | Item (1)"
"f4fe3da8-cd86-47a6-972a-2b59bf3f4a38","1483","2026-08-11T16:35:59.270Z","dine-in","Walk-in Guest","","","upi","29","1","30","30","completed","Item (1)"
"f55be23a-8f52-4681-8f66-5dcbf55aaffc","1482","2026-08-11T16:34:18.421Z","dine-in","Arni","8945054946","","upi","622","31","623","653","completed","Item (1) | Item (1) | Item (2) | Item (1) | Item (1)"
"ec9c2f98-be5a-4e81-ba73-61d7937c395f","1481","2026-08-11T16:04:46.208Z","dine-in","Walk-in Guest","","","upi","360","18","0","378","completed","Item (1)"
"13eb9ee1-2a51-4d02-88e1-a8682a07388a","1480","2026-08-11T15:58:27.932Z","dine-in","Walk-in Guest","","","cash","560","28","0","588","completed","Item (1)"
"59261239-7d51-4bb6-b9bf-76a2526008bc","1479","2026-08-11T15:21:25.346Z","dine-in","Walk-in Guest","","","upi","359","18","0","377","completed","Item (1) | Item (1) | Item (1)"
"a1944c57-e1d7-4131-adf0-a2e9bb235e0d","1478","2026-08-11T15:14:10.778Z","dine-in","Walk-in Guest","","","cash","303.29","15","0","318.29","completed","Item (1) | Item (1) | Item (1)"
"8abf8112-ae8c-4ba8-8973-b6c78e388f85","1477","2026-08-11T15:10:15.447Z","takeaway","Vignesh","7548803405","","upi","626.5799999999999","31","626","657.5799999999999","completed","Item (1) | Item (2) | Item (1) | Item (1) | Item (1) | Item (1) | Item (1) | Item (1)"
"e3b7e80d-2c4e-4ece-9850-c241a6c50552","1476","2026-08-11T15:06:22.037Z","takeaway","Walk-in Guest","","","upi","249","12","0","261","completed","Item (1)"
"4d023837-7103-47e4-a410-b8ece08c6376","1475","2026-08-11T15:02:08.105Z","dine-in","Walk-in Guest","","","upi","249","12","0","261","completed","Item (1)"
"314eb50c-cdf4-46f0-be57-1fe4280d963a","1474","2026-08-11T14:46:02.075Z","dine-in","Walk-in Guest","","","upi","114.29","6","0","120.29","completed","Item (1)"
"1073bbb0-2237-419c-91a3-39355ff7aa44","1473","2026-08-11T14:34:11.899Z","dine-in","Walk-in Guest","","","cash","479","24","0","503","completed","Item (1) | Item (1)"
"8bc98a5b-6a35-47d9-b032-350fc20dc782","1472","2026-08-11T14:32:44.546Z","dine-in","Walk-in Guest","","","upi","198","10","0","208","completed","Item (1) | Item (1)"
"ec3fc089-9034-4e22-a859-466bf3024a74","1471","2026-08-11T14:30:06.402Z","dine-in","Walk-in Guest","","","upi","649","32","0","681","completed","Item (1)"
"49868d8d-089b-4a2b-8b20-295e652f6f95","1470","2026-08-11T14:27:26.765Z","dine-in","Walk-in Guest","","","upi","199","10","0","209","completed","Item (1)"
"c630e868-1bb5-442b-b15a-8a4782702dc2","1469","2026-08-11T14:25:42.760Z","dine-in","Walk-in Guest","","","upi","718","36","0","754","completed","Item (1) | Item (1) | Item (1)"
"3e4091a5-67e0-4cfd-8096-0485a9cfa3d1","1468","2026-08-11T14:16:13.102Z","dine-in","Walk-in Guest","","","upi","249","12","0","261","completed","Item (1)"
"68b0ab36-3e1c-427c-86c7-3c1dddc2acb6","1467","2026-08-11T14:14:28.595Z","dine-in","Walk-in Guest","","","upi","449","22","0","471","completed","Item (1) | Item (1) | Item (1) | Item (1)"
"7619838f-852e-4c45-a0ac-d6eee176b9ca","1466","2026-08-11T14:11:54.308Z","dine-in","Anbu","7502240708","","cash","657","33","657","690","completed","Item (2) | Item (2) | Item (1) | Item (1) | Item (1) | Item (1)"
"3f67b565-7083-4ed6-9950-a55757951a9a","1465","2026-08-11T13:44:43.195Z","dine-in","Walk-in Guest","","","upi","249","12","0","261","completed","Item (1)"
"8b5a3a2c-6edc-4ece-a90f-632b1467a81c","1464","2026-08-11T13:42:55.402Z","takeaway","Walk-in Guest","","","upi","709","35","0","744","completed","Item (1) | Item (1) | Item (1)"
"45fca305-e546-4b11-ba6d-310c5a8efad5","1463","2026-08-11T13:34:50.353Z","dine-in","Walk-in Guest","","","upi","298","15","0","313","completed","Item (1) | Item (1)"
"ec34195e-53e8-44ef-9345-9c6d3779f381","1462","2026-08-11T13:19:44.855Z","dine-in","Walk-in Guest","","","upi","518","26","0","544","completed","Item (1) | Item (1) | Item (1)"
"4d18c135-e3d8-49ea-b90f-5dc94cc159ae","1461","2026-08-11T13:13:26.110Z","dine-in","Walk-in Guest","","","cash","597","30","0","627","completed","Item (1) | Item (1) | Item (1)"
"a76a120a-5eb6-427a-b3cc-e7d0f4744131","1460","2026-08-11T13:08:59.150Z","dine-in","Walk-in Guest","","","upi","418","21","0","439","completed","Item (1) | Item (1) | Item (1)"
"b42aa102-567d-4847-89fa-cdcca9cce895","1459","2026-08-11T13:05:54.047Z","dine-in","Walk-in Guest","","","upi","349","17","0","366","completed","Item (1)"
"effc07bf-0329-489c-89e0-c539f3c211fc","1458","2026-08-11T13:03:32.261Z","dine-in","Walk-in Guest","","","upi","149","7","0","156","completed","Item (1)"
"8b7f4488-60c7-448e-af30-5579fadfc907","1457","2026-08-11T12:59:57.112Z","dine-in","Walk-in Guest","","","cash","397","20","0","417","completed","Item (2) | Item (1)"
"fb18826e-a077-40ee-9370-a37ab8414cff","1456","2026-08-11T12:51:24.244Z","dine-in","Ravi","8870590019","","upi","513","26","514","539","completed","Item (2) | Item (1) | Item (1) | Item (1)"
"1091b15a-52c5-4585-b054-b58c81bdfcbe","1455","2026-08-11T12:45:50.737Z","dine-in","Walk-in Guest","","","upi","297","15","0","312","completed","Item (1) | Item (2)"
"b251ea5a-9155-455b-9606-58cd0036a427","1454","2026-08-11T12:43:21.655Z","dine-in","Walk-in Guest","","","upi","59","3","0","62","completed","Item (1)"
"8c6ab7b0-ade2-4874-a8a5-b4ecc49c18bd","1453","2026-08-11T12:42:22.942Z","dine-in","Walk-in Guest","","","cash","120","6","0","126","completed","Item (1)"
"0493f963-d373-45cf-bf06-59ff5fabe892","1452","2026-08-11T12:18:34.039Z","dine-in","Walk-in Guest","","","upi","438","22","0","460","completed","Item (1) | Item (1) | Item (1)"
"ee2cb23f-8ba3-4e68-9d1f-8f83bdb83b07","1451","2026-08-11T11:59:31.401Z","dine-in","Walk-in Guest","","","upi","667","33","167","700","completed","Item (3) | Item (1) | Item (1) | Item (1) | Item (2)"
"615fe601-7378-4388-ad0b-a8f32ada0917","1450","2026-08-11T11:34:08.876Z","dine-in","Walk-in Guest","","","upi","280","14","0","294","completed","Item (1)"
"edc706d6-b901-4765-8a0f-0ddbfc81c75f","1449","2026-08-11T11:14:13.669Z","dine-in","Walk-in Guest","","","upi","90","5","0","95","completed","Item (1)"
"0f398a07-69a4-4d19-93d2-ee3fe665bf6a","1448","2026-08-11T11:12:30.859Z","dine-in","Walk-in Guest","","","upi","149","7","0","156","completed","Item (1)"
"2b43a8b8-097a-4feb-b294-b548d38e32f9","1447","2026-08-11T11:07:44.870Z","dine-in","Walk-in Guest","","","cash","248","12","0","260","completed","Item (1) | Item (1) | Item (1)"
"de5cb61f-d55a-4dfc-be4e-06260b13bfe7","1446","2026-08-11T09:52:23.816Z","dine-in","Walk-in Guest","","","upi","992","50","0","1042","completed","Item (4) | Item (2) | Item (2)"
"e28be03a-0306-45d0-9b14-0a5f338d1ace","1445","2026-08-11T09:07:45.331Z","dine-in","Walk-in Guest","","","upi","99","5","0","104","completed","Item (1)"
"93bf4102-872c-47ef-96b7-87c48d27a0a6","1444","2026-08-11T08:57:47.247Z","dine-in","Walk-in Guest","","","upi","180","9","0","189","completed","Item (1)"
"072d6e0f-b355-44b7-941e-cbc6f4e839fb","1443","2026-08-11T06:54:40.386Z","dine-in","Walk-in Guest","","","upi","527","26","0","553","completed","Item (2) | Item (1) | Item (1)"
"9027547d-fbd8-4820-8a81-7323dc6685a9","1442","2026-08-10T16:14:08.019Z","dine-in","Walk-in Guest","","","upi","99","5","0","104","completed","Item (1)"
"e068af7f-9dcc-4811-8831-a3904141bd4b","1441","2026-08-10T16:08:41.184Z","dine-in","Walk-in Guest","","","cash","489","24","0","513","completed","Item (1) | Item (1)"
"520c0ae6-4189-4fbc-88de-d61a13ea06bc","1440","2026-08-10T15:51:39.650Z","dine-in","Walk-in Guest","","","upi","219","11","0","230","completed","Item (1) | Item (1)"
"da8d52d5-54df-44d6-b165-dba20fea9a2e","1439","2026-08-10T15:49:39.244Z","dine-in","Walk-in Guest","","","cash","198","10","0","208","completed","Item (2)"
"af9e67df-6c1f-4a27-aff5-e0f6b156e7d5","1438","2026-08-10T15:41:50.966Z","dine-in","Walk-in Guest","","","upi","99","5","0","104","completed","Item (1)"
"34105fc5-e74f-4156-8112-16fc3abba4ba","1437","2026-08-10T15:31:53.325Z","dine-in","Walk-in Guest","","","upi","30","2","0","32","completed","Item (1) | Item (1)"
"a03d9723-9580-4077-bada-d01d2f5c937d","1436","2026-08-10T15:30:30.955Z","dine-in","Walk-in Guest","","","upi","114.29","6","0","120.29","completed","Item (1)"
"27e7fd94-7d76-4595-aa49-7ca34562033f","1435","2026-08-10T15:25:23.623Z","dine-in","Walk-in Guest","","","upi","249","12","0","261","completed","Item (1)"
"823eb338-971a-4222-945d-e5409aeb96ce","1434","2026-08-10T15:21:43.217Z","dine-in","Walk-in Guest","","","upi","408","20","0","428","completed","Item (1) | Item (1) | Item (1) | Item (1)"
"53222a5d-39b3-4404-9da1-86e3bcca4903","1433","2026-08-10T15:12:56.896Z","dine-in","Walk-in Guest","","","upi","30","2","0","32","completed","Item (1) | Item (1)"
"2ab69734-fd16-4b44-8190-e95170d40f6b","1432","2026-08-10T15:12:27.938Z","dine-in","Walk-in Guest","","","cash","99","5","0","104","completed","Item (1)"
"8787379f-b9fc-4c2b-abc0-25f12c7ee090","1431","2026-08-10T15:03:57.454Z","dine-in","Walk-in Guest","","","upi","363.29","18","0","381.29","completed","Item (1) | Item (1)"
"edfd4c5d-3aba-4408-92b6-0ebf9c92eaae","1430","2026-08-10T14:48:06.171Z","dine-in","Praveen","9360942850","","split","458","23","459","481","completed","Item (1) | Item (1) | Item (1) | Item (1) | Item (1)"
"5d2cec62-9185-45f6-8e64-7a91a0a3a0aa","1429","2026-08-10T14:41:32.331Z","dine-in","Walk-in Guest","","","cash","697","35","0","732","completed","Item (1) | Item (1) | Item (1)"
"342457aa-997d-43de-8597-9b1879a21640","1428","2026-08-10T14:37:40.719Z","dine-in","Gugan","6381741213","","upi","437","22","438","459","completed","Item (1) | Item (1) | Item (1) | Item (1) | Item (1) | Item (1)"
"0a6f117a-ac9e-4160-8930-b5d2167b6038","1427","2026-08-10T14:34:13.333Z","dine-in","Marish","9994549653","","upi","223","11","223","234","completed","Item (1) | Item (2) | Item (1)"
"5e0c4f26-976c-4306-b388-cba6264e3d15","1426","2026-08-10T14:24:51.060Z","dine-in","Mahi","8098194037","","upi","181.29000000000002","9","182","190.29000000000002","completed","Item (1) | Item (1)"
"222ec2ec-8316-49f3-bb52-e344ff71ec54","1425","2026-08-10T14:12:05.322Z","dine-in","Walk-in Guest","","","upi","350","18","88","368","completed","Item (1) | Item (1) | Item (1) | Item (1)"
"df93020a-1088-4e16-9c59-230ace016d0e","1424","2026-08-10T14:07:49.209Z","dine-in","Walk-in Guest","","","upi","397","20","0","417","completed","Item (1) | Item (1) | Item (1)"
"a86c3a97-4fc1-45da-ac44-4d21852f213f","1423","2026-08-10T14:04:19.553Z","dine-in","Walk-in Guest","","","upi","639","32","0","671","completed","Item (1) | Item (1)"
"a3e4556f-62f3-4961-afd7-b6ea8203d0ce","1422","2026-08-10T14:01:21.050Z","dine-in","Niviha","8124188702","","upi","388","19","388","407","completed","Item (1) | Item (1) | Item (1) | Item (1) | Item (1) | Item (1) | Item (1)"
"d8566f3e-4616-453a-a007-03ce935705d7","1421","2026-08-10T13:47:59.543Z","dine-in","Walk-in Guest","","","upi","816","41","0","857","completed","Item (1) | Item (1) | Item (1) | Item (1) | Item (1)"
"1e441475-f878-46d6-b5e8-e42b90b406ec","1420","2026-08-10T13:47:16.120Z","dine-in","Walk-in Guest","","","upi","816","41","0","857","completed","Item (1) | Item (1) | Item (1) | Item (1) | Item (1)"
"924737d7-6d36-47a1-b3f4-6450656d27a1","1419","2026-08-10T13:27:56.543Z","dine-in","Walk-in Guest","","","upi","99","5","0","104","completed","Item (1)"
"bc4def4d-81b4-460a-8cb6-407bac68f3b2","1418","2026-08-10T13:07:06.266Z","dine-in","Walk-in Guest","","","upi","358","18","0","376","completed","Item (1) | Item (1) | Item (1)"
"0ff83152-2af9-4584-bc85-b34a2fb46f5a","1417","2026-08-10T12:58:36.732Z","dine-in","Walk-in Guest","","","complimentary","651.29","33","0","684.29","completed","Item (1) | Item (1) | Item (1) | Item (1) | Item (1)"
"b91a2104-6039-4a82-ad2d-2f728b984209","1416","2026-08-10T11:59:44.081Z","dine-in","Walk-in Guest","","","cash","198","10","0","208","completed","Item (2)"
"ac3fad47-0a4b-4d73-b521-01d01f666db7","1415","2026-08-10T11:51:11.896Z","dine-in","Walk-in Guest","","","upi","478","24","0","502","completed","Item (1) | Item (1) | Item (1) | Item (1)"
"a138c92c-f649-4559-95ca-53a358fec56d","1414","2026-08-10T11:47:50.112Z","takeaway","Walk-in Guest","","","cash","1278","64","0","1342","completed","Item (1) | Item (1) | Item (1)"
"7aa278fd-ddde-4c84-b675-b57430b45f10","1413","2026-08-10T10:21:12.778Z","dine-in","Walk-in Guest","","","upi","298","15","0","313","completed","Item (1) | Item (1)"
"51165d3f-6ea9-4bbe-8de2-5200c1b70b6b","1412","2026-08-10T09:59:35.206Z","dine-in","Walk-in Guest","","","cash","199","10","0","209","completed","Item (1)"
"061af29e-4711-4f89-9099-a2388a9d0284","1411","2026-08-10T09:49:57.649Z","takeaway","Walk-in Guest","","","upi","99","5","0","104","completed","Item (1)"
"6b3d77ab-f57d-454f-9540-3d29a9f18fc4","1410","2026-08-10T09:45:21.600Z","dine-in","Walk-in Guest","","","upi","228.58","11","0","239.58","completed","Item (2)"
"532cd2ef-722b-41db-a3cb-6073a63da079","1409","2026-08-10T09:31:16.125Z","dine-in","Walk-in Guest","","","upi","149","7","0","156","completed","Item (1)"
"b07cfd96-55d1-43ea-b534-27e832a4d2e4","1408","2026-08-10T09:15:09.311Z","dine-in","Walk-in Guest","","","card","708","35","0","743","completed","Item (1) | Item (1) | Item (1)"
"f63e8782-3a61-4e15-b350-129d83358f36","1407","2026-08-10T08:33:25.644Z","dine-in","Prasanth","8308310901","","cash","269","13","269","282","completed","Item (1) | Item (1) | Item (1)"
"df3d14d5-089e-4cfc-9e2f-f682489bc721","1406","2026-08-10T08:08:32.644Z","dine-in","Saravanan","8531090888","","upi","1156","58","1156","1214","completed","Item (1) | Item (1) | Item (1) | Item (3) | Item (1) | Item (1) | Item (2)"
"b0eafca4-e019-4acf-9889-1320f0d6a7b0","1405","2026-08-10T07:50:49.425Z","dine-in","Walk-in Guest","","","upi","189","9","0","198","completed","Item (1) | Item (1)"
"499fe7c2-ae68-4fc4-b466-ab6228388aaa","1404","2026-08-10T07:32:48.613Z","dine-in","Walk-in Guest","","","upi","499","25","0","524","completed","Item (1)"
"4a731482-c27b-4b04-aee5-3a5ee5da47de","1403","2026-08-09T17:52:50.048Z","dine-in","Walk-in Guest","","","cash","59","3","0","62","completed","Item (1)"
"a31015e7-2f1f-4d75-80c2-19414a8b9200","1402","2026-08-09T17:37:35.806Z","dine-in","Walk-in Guest","","","card","339","17","0","356","completed","Item (1) | Item (1)"
"457b7dd4-7761-4943-8ccc-5886b724be98","1401","2026-08-09T17:14:16.623Z","dine-in","Lokesh","9629113073","","upi","90","5","90","95","completed","Item (1)"
"db269e56-e899-4774-9986-3ae55cd3b947","1400","2026-08-09T17:12:23.484Z","dine-in","Lokesh","9629113073","","upi","239","12","240","251","completed","Item (1) | Item (1)"
"a30354cc-9cb2-47a2-956d-c6bd69cae0f6","1399","2026-08-09T17:02:22.681Z","dine-in","Walk-in Guest","","","upi","359","18","0","377","completed","Item (1) | Item (1) | Item (1)"
"7efb7744-42db-482c-b449-f24dfd716ade","1398","2026-08-09T16:44:28.994Z","dine-in","Walk-in Guest","","","upi","210","11","0","221","completed","Item (1) | Item (1)"
"16ba9085-3c9c-4ec0-b731-b64eb996e4b8","1397","2026-08-09T16:43:19.424Z","dine-in","Walk-in Guest","","","upi","583.29","29","0","612.29","completed","Item (1) | Item (1) | Item (1)"
"82b41b67-3882-48a5-9bdb-8a9918cfaf05","1396","2026-08-09T16:22:23.825Z","dine-in","Walk-in Guest","","","cash","359","18","0","377","completed","Item (1) | Item (1) | Item (1)"
"3bb90b0a-e0f1-42bd-a0a4-57ffecdb7ef5","1395","2026-08-09T16:17:29.717Z","dine-in","Walk-in Guest","","","upi","114.29","6","0","120.29","completed","Item (1)"
"1622aea7-727f-4a08-8614-8924ca1dea5c","1394","2026-08-09T16:15:06.480Z","dine-in","Walk-in Guest","","","cash","558","28","0","586","completed","Item (1) | Item (1) | Item (1) | Item (1)"
"4000cce1-5748-46e0-aeb7-e057c4bbe51a","1393","2026-08-09T16:11:10.575Z","dine-in","Walk-in Guest","","","cash","477","24","0","501","completed","Item (1) | Item (1) | Item (1) | Item (1)"
"d3eab259-d9a9-4196-a2b1-22e80a870d96","1392","2026-08-09T16:05:13.348Z","dine-in","Walk-in Guest","","","upi","362.29","18","0","380.29","completed","Item (1) | Item (1) | Item (1)"
"4ff343b2-998f-4c56-a73b-fc00b964cb81","1391","2026-08-09T16:01:53.876Z","dine-in","Walk-in Guest","","","upi","138","7","0","145","completed","Item (1) | Item (1)"
"7286a4a6-c11e-4674-a880-568e95dadfdd","1390","2026-08-09T15:52:13.519Z","dine-in","Walk-in Guest","","","upi","99","5","0","104","completed","Item (1)"
"dbad60f8-926a-4d15-b842-a898fc97f39d","1389","2026-08-09T15:50:15.759Z","dine-in","Walk-in Guest","","","upi","278","14","0","292","completed","Item (1) | Item (1) | Item (1)"
"31ebe2b9-c296-4fe8-ab3f-bd7cbb738dd1","1388","2026-08-09T15:45:27.696Z","takeaway","Walk-in Guest","","","cash","120","6","0","126","completed","Item (1)"
"c7deec6f-d3ba-4312-b9da-403830637b73","1387","2026-08-09T15:38:55.947Z","takeaway","Deva","9791737061","","upi","306.28999999999996","15","307","321.28999999999996","completed","Item (1) | Item (1)"
"826ea0af-100f-4aee-ab3a-2f2567ca467a","1386","2026-08-09T15:22:58.515Z","dine-in","Walk-in Guest","","","upi","722.29","36","0","758.29","completed","Item (1) | Item (1) | Item (1) | Item (1) | Item (1)"
"39fcf68d-c4fe-49a6-a76f-39ca11fbf360","1385","2026-08-09T15:16:10.355Z","dine-in","Walk-in Guest","","","upi","238","12","59","250","completed","Item (3)"
"eb3fb440-26a3-45d3-a58e-0b6ff8209be7","1384","2026-08-09T14:56:09.330Z","dine-in","Walk-in Guest","","","upi","598","30","149","628","completed","Item (3)"
"5fcbd584-7a6f-426c-91a1-0223a642f49e","1383","2026-08-09T14:54:48.246Z","dine-in","Walk-in Guest","","","upi","90","5","0","95","completed","Item (1)"
"306a6eac-6df4-47fa-b6ac-2b46379305d8","1382","2026-08-09T14:40:07.223Z","dine-in","Walk-in Guest","","","upi","15","1","0","16","completed","Item (1)"
"5fa1b07a-39ca-464c-b069-9aea78dc3a80","1381","2026-08-09T14:39:07.655Z","dine-in","Walk-in Guest","","","upi","99","5","0","104","completed","Item (1)"
"9d72ca61-9a97-4ae5-b466-a7cca807a8a5","1380","2026-08-09T14:38:19.283Z","dine-in","Walk-in Guest","","","upi","1147","57","0","1204","completed","Item (2) | Item (1)"
"b5603dcb-71e7-4435-a746-be8fa7c6bd6c","1379","2026-08-09T14:34:15.460Z","dine-in","Walk-in Guest","","","card","349","17","0","366","completed","Item (1)"
"7f038f56-03cf-4ca4-85f2-33b57a012fc3","1378","2026-08-09T14:28:52.646Z","takeaway","Walk-in Guest","","","upi","378","19","0","397","completed","Item (1) | Item (1) | Item (1)"
"52745058-21f2-494e-a619-af97907d5959","1377","2026-08-09T14:28:03.261Z","dine-in","Walk-in Guest","","","upi","99","5","0","104","completed","Item (1)"
"fdd15685-c186-4efd-94b0-517a99138485","1376","2026-08-09T14:25:44.340Z","dine-in","Walk-in Guest","","","upi","462","23","115","485","completed","Item (1) | Item (1) | Item (1) | Item (1)"
"9973ce01-2a9b-4acd-9bb6-55a913e5486d","1375","2026-08-09T14:23:33.050Z","dine-in","Walk-in Guest","","","cash","120","6","0","126","completed","Item (1)"
"7c4cef81-0a49-4e19-97f5-f86c14ac189c","1374","2026-08-09T14:22:46.378Z","dine-in","Walk-in Guest","","","upi","349","17","0","366","completed","Item (1)"
"d799ee67-defc-4732-96ef-79459e7c2e9a","1373","2026-08-09T14:19:59.928Z","takeaway","Walk-in Guest","","","cash","198","10","0","208","completed","Item (1) | Item (1)"
"9d54c18c-18a2-4890-a028-52e55ad85315","1372","2026-08-09T14:18:51.660Z","dine-in","Walk-in Guest","","","upi","937","47","0","984","completed","Item (1) | Item (1) | Item (1) | Item (1) | Item (1)"
"fda5f4d8-d570-4597-8630-9e8480ccff97","1371","2026-08-09T14:16:43.636Z","dine-in","Walk-in Guest","","","cash","219","11","0","230","completed","Item (1) | Item (1)"
"dbee3fab-862e-4ca9-aaa2-fc0dc4bf0b65","1370","2026-08-09T14:15:50.476Z","dine-in","Walk-in Guest","","","cash","249","12","0","261","completed","Item (1)"
"1244942a-ecce-4b73-a584-8338ea079849","1369","2026-08-09T14:13:45.713Z","dine-in","Ibrahim","9566515342","","upi","819.29","41","819","860.29","completed","Item (1) | Item (1) | Item (1) | Item (1) | Item (1) | Item (1) | Item (1) | Item (1)"
"24af4e79-2e11-4a53-8472-5023faa4a805","1368","2026-08-09T14:07:52.800Z","dine-in","Walk-in Guest","","","cash","427","21","0","448","completed","Item (1) | Item (1) | Item (1) | Item (1)"
"6befbab0-7bcd-4806-b247-4d5bad38e1bb","1367","2026-08-09T14:05:41.483Z","dine-in","Walk-in Guest","","","upi","409","20","0","429","completed","Item (1) | Item (1) | Item (1) | Item (1)"
"1e3fbb9b-14e6-4e4f-84d3-2eaec22f041b","1366","2026-08-09T13:44:16.565Z","dine-in","Walk-in Guest","","","card","360","18","0","378","completed","Item (1)"
"4352091e-a319-4d98-a366-c62c360d3200","1365","2026-08-09T13:40:48.467Z","dine-in","Walk-in Guest","","","upi","558","28","0","586","completed","Item (1) | Item (1) | Item (1) | Item (1) | Item (1)"
"f1fb308e-8ae5-4e68-b030-26b49c6733f3","1364","2026-08-09T13:39:03.996Z","dine-in","Walk-in Guest","","","upi","258","13","0","271","completed","Item (1) | Item (1) | Item (1)"
"0cf9eb3c-3802-4cf7-9603-99502013d129","1363","2026-08-09T13:33:24.582Z","dine-in","Walk-in Guest","","","upi","816","41","0","857","completed","Item (1) | Item (1) | Item (1) | Item (1) | Item (1)"
"9934b810-f90a-4e6f-8255-6d7fc80a1d08","1362","2026-08-09T13:29:11.291Z","dine-in","Walk-in Guest","","","cash","59","3","0","62","completed","Item (1)"
"19d707c4-31c2-4403-ae61-15f1484268d5","1361","2026-08-09T13:26:41.950Z","dine-in","Walk-in Guest","","","upi","240","12","0","252","completed","Item (1) | Item (1)"
"a0db1bed-cfe7-4590-9c8f-f74c861b767e","1360","2026-08-09T13:16:20.488Z","takeaway","Walk-in Guest","","","cash","614","31","153","645","completed","Item (3) | Item (1) | Item (1)"
"ed45c04a-a424-4cca-850e-ff6dd7c83066","1359","2026-08-09T13:10:55.344Z","dine-in","Walk-in Guest","","","upi","199","10","0","209","completed","Item (1)"
"b79e8019-a012-465d-a8ef-6e1af43fd37d","1358","2026-08-09T13:02:36.650Z","dine-in","Walk-in Guest","","","upi","249","12","0","261","completed","Item (1)"
"14ce90dd-4009-4b1b-bc3c-27931893fd3f","1357","2026-08-09T12:59:42.743Z","dine-in","Walk-in Guest","","","upi","695","35","0","730","completed","Item (2) | Item (2) | Item (1)"
"6917b3fe-3fc5-4217-8417-1ba675f89632","1356","2026-08-09T12:55:21.567Z","dine-in","Walk-in Guest","","","upi","475","24","0","499","completed","Item (2) | Item (1) | Item (2)"
"8eb08958-1c6f-4805-9e43-ec5f2d9576aa","1355","2026-08-09T12:44:39.551Z","dine-in","Walk-in Guest","","","cash","396","20","0","416","completed","Item (3) | Item (1)"
"6ebb2a75-1017-4e07-8134-d3557a5d418f","1354","2026-08-09T12:42:40.695Z","dine-in","Walk-in Guest","","","upi","786","39","0","825","completed","Item (1) | Item (1) | Item (1) | Item (1) | Item (1) | Item (1)"
"37bafab0-9c13-4b44-98be-08b30d99d972","1353","2026-08-09T12:34:20.578Z","dine-in","Walk-in Guest","","","upi","208","10","0","218","completed","Item (1) | Item (1)"
"2bb91351-682b-4b77-bac5-7c116dc5915e","1352","2026-08-09T12:06:41.251Z","dine-in","Walk-in Guest","","","upi","398","20","0","418","completed","Item (1) | Item (1) | Item (1)"
"caaa12bb-26c0-4c77-bbc1-1c9d112a9856","1351","2026-08-09T11:17:42.471Z","dine-in","Walk-in Guest","","","upi","213.29000000000002","11","0","224.29000000000002","completed","Item (1) | Item (1)"
"5e4f17a2-f7c3-4bf6-be6f-01203f50f1a8","1350","2026-08-09T11:16:20.566Z","dine-in","Walk-in Guest","","","upi","558","28","139","586","completed","Item (1) | Item (1) | Item (1)"
"6594a712-e288-40c6-91df-63441ac80325","1349","2026-08-09T11:01:53.078Z","dine-in","Walk-in Guest","","","cash","180","9","0","189","completed","Item (1)"
"51fcabd9-7518-4dd8-a003-4eca2e54a9d0","1348","2026-08-09T11:01:10.316Z","takeaway","Walk-in Guest","","","cash","180","9","0","189","completed","Item (1)"
"b7458670-f38b-4735-ae6e-e043d02013cf","1347","2026-08-09T10:59:56.315Z","dine-in","Walk-in Guest","","","upi","339","17","0","356","completed","Item (1) | Item (1)"
"5d171e0b-dd44-4b85-b8e1-a065bb465945","1346","2026-08-09T10:42:52.332Z","dine-in","Walk-in Guest","","","cash","114.29","6","0","120.29","completed","Item (1)"
"587c15d5-a424-411e-9032-308aa0460d32","1345","2026-08-09T10:41:53.354Z","dine-in","Walk-in Guest","","","cash","270","14","0","284","completed","Item (1)"
"b583700c-5171-415f-92cd-0b086999757e","1344","2026-08-09T10:35:39.628Z","dine-in","Walk-in Guest","","","cash","99","5","0","104","completed","Item (1)"
"7171b358-31dd-4f7d-bfa0-ece7b56b3479","1343","2026-08-09T10:22:01.667Z","dine-in","Walk-in Guest","","","upi","412.29","21","0","433.29","completed","Item (1) | Item (1) | Item (1)"
"28d7ac8e-20a8-48a1-9789-05cfcd2eccb1","1342","2026-08-09T10:18:26.275Z","dine-in","Walk-in Guest","","","complimentary","1033","52","0","1085","completed","Item (4) | Item (1) | Item (2) | Item (2) | Item (1) | Item (1)"
"49a569e5-f043-45cb-b672-dc77225a2b2c","1341","2026-08-09T08:55:54.049Z","dine-in","Walk-in Guest","","","upi","548","27","0","575","completed","Item (1) | Item (1)"
"535ae610-d3ca-4616-84c3-e1a6765be124","1340","2026-08-09T08:54:17.242Z","dine-in","Walk-in Guest","","","upi","499","25","0","524","completed","Item (1)"
"5c3f86b7-b13d-4584-8f54-f43f797782bd","1339","2026-08-09T08:53:06.643Z","dine-in","Walk-in Guest","","","upi","1096","55","1096","1151","completed","Item (1) | Item (2) | Item (1) | Item (1) | Item (3)"
"c3848fe5-86a7-4a50-8e5b-c630a26795bf","1338","2026-08-09T08:05:46.875Z","dine-in","Walk-in Guest","","","upi","240","12","0","252","completed","Item (1)"
"57ddd0b4-41c0-4934-bc58-0f180d4687e4","1337","2026-08-09T07:56:22.274Z","dine-in","Walk-in Guest","","","upi","114.29","6","0","120.29","completed","Item (1)"
"22448906-0125-45df-b4c6-31f790ebf148","1336","2026-08-09T07:56:02.907Z","dine-in","Walk-in Guest","","","upi","357","18","0","375","completed","Item (1) | Item (1) | Item (1)"
"5b62bde5-a948-4599-8788-bb40c86a9a1b","1335","2026-08-09T07:09:52.060Z","dine-in","Walk-in Guest","","","upi","448","22","0","470","completed","Item (1) | Item (1)"
"a98babd4-e374-4af1-ba92-1c4564ff9d28","1334","2026-08-09T06:35:05.292Z","dine-in","Walk-in Guest","","","upi","90","5","0","95","completed","Item (1)"
"c5ddda60-3119-4c2a-ac25-9d074537383a","1333","2026-08-08T17:16:17.329Z","dine-in","Walk-in Guest","","","complimentary","457.16","23","0","480.16","completed","Item (1) | Item (1) | Item (1) | Item (1)"
"c4b9e3a8-d2bd-4a04-a61c-70ef95694625","1332","2026-08-08T17:11:35.874Z","dine-in","Walk-in Guest","","","upi","599","30","0","629","completed","Item (1) | Item (1) | Item (2)"
"009f6bbb-7c85-4aed-bfd0-c05d72953fb6","1331","2026-08-08T16:54:51.976Z","dine-in","Walk-in Guest","","","upi","210","11","0","221","completed","Item (1) | Item (1)"
"2477a1ce-6a4e-4998-b004-21a149abe208","1330","2026-08-08T16:47:54.474Z","dine-in","Walk-in Guest","","","upi","228.58","11","0","239.58","completed","Item (1) | Item (1)"
"5cadf5f4-e5fa-4a7e-b28b-0af3014a646d","1329","2026-08-08T16:45:23.463Z","dine-in","Walk-in Guest","","","upi","1148","57","0","1205","completed","Item (1) | Item (1)"
"e1ffc549-f868-4abd-8aa1-2788a8d04374","1328","2026-08-08T16:21:01.590Z","dine-in","Walk-in Guest","","","upi","99","5","0","104","completed","Item (1)"
"57b30055-c25c-4fb9-a73b-d2971e18642d","1327","2026-08-08T16:18:35.567Z","dine-in","Walk-in Guest","","","upi","114.29","6","0","120.29","completed","Item (1)"
"f9aef213-eab2-494e-a197-482f8f8ddcad","1326","2026-08-08T16:17:40.245Z","dine-in","Walk-in Guest","","","upi","397","20","0","417","completed","Item (1) | Item (1) | Item (1)"
"185896dd-e875-4758-bf0b-fdfe233d8994","1325","2026-08-08T16:03:08.836Z","dine-in","Walk-in Guest","","","upi","998","50","0","1048","completed","Item (1) | Item (1)"
"1be27223-aaa5-4d6b-81b7-634ba373d847","1324","2026-08-08T15:50:25.325Z","dine-in","Walk-in Guest","","","upi","219","11","0","230","completed","Item (1) | Item (1)"
"905fe446-6a34-44d6-aaaa-b029bd09e9bd","1323","2026-08-08T15:47:24.765Z","dine-in","Walk-in Guest","","","upi","114.29","6","0","120.29","completed","Item (1)"
"a6a0bf1a-b225-4490-86ac-d814806a2967","1322","2026-08-08T15:46:56.033Z","takeaway","Walk-in Guest","","","upi","240","12","0","252","completed","Item (1)"
"98c7b562-e8de-4118-a7a5-7b55655346ef","1321","2026-08-08T15:45:18.203Z","takeaway","Walk-in Guest","","","upi","636","32","0","668","completed","Item (1) | Item (1) | Item (1) | Item (1) | Item (1)"
"fc38c652-f60a-429e-9c68-5acd2de4d0bf","1320","2026-08-08T15:35:07.278Z","dine-in","Walk-in Guest","","","upi","549","27","0","576","completed","Item (1) | Item (1) | Item (1)"
"391cf359-d64e-4ff0-8a3d-143354b5f1d2","1319","2026-08-08T15:23:07.312Z","dine-in","Walk-in Guest","","","upi","114.29","6","0","120.29","completed","Item (1)"
"5428bb91-7095-4546-892e-28aa58650867","1318","2026-08-08T15:14:10.476Z","dine-in","Walk-in Guest","","","upi","149","7","0","156","completed","Item (1)"
"7414d3f3-ddaa-4713-b7c4-aad41db57ff1","1317","2026-08-08T15:12:58.845Z","dine-in","Walk-in Guest","","","cash","448","22","0","470","completed","Item (1) | Item (1)"
"c9fd3ab1-5b1b-48c7-a828-ba9e688e81cd","1316","2026-08-08T15:11:58.499Z","dine-in","Walk-in Guest","","","upi","448","22","0","470","completed","Item (1) | Item (1)"
"bdc91b2c-68b4-42fa-b665-eb1534bc8a88","1315","2026-08-08T15:08:52.880Z","dine-in","Walk-in Guest","","","upi","588","29","0","617","completed","Item (1) | Item (1) | Item (1)"
"9180fd6f-f0f3-45e6-9843-0e0412ef4ccf","1314","2026-08-08T15:07:15.520Z","dine-in","Walk-in Guest","","","upi","667","33","0","700","completed","Item (1) | Item (1) | Item (1) | Item (1)"
"319abb5d-1bf3-4a46-b577-39debf0fbc25","1313","2026-08-08T15:03:37.894Z","dine-in","Walk-in Guest","","","upi","199","10","0","209","completed","Item (1)"
"a8f0667e-6791-4d29-af26-cb6e3b4d82ef","1312","2026-08-08T14:55:46.105Z","dine-in","Walk-in Guest","","","upi","120","6","0","126","completed","Item (1)"
"2e9df3f5-14d7-4063-86e0-c191996ac990","1311","2026-08-08T14:45:36.658Z","dine-in","Walk-in Guest","","","upi","99","5","0","104","completed","Item (1)"
"ec6eb886-b84c-43a7-82c8-7a94389ec546","1310","2026-08-08T14:39:25.565Z","dine-in","Walk-in Guest","","","upi","219","11","0","230","completed","Item (1) | Item (1)"
"7a388d1a-4c51-48a8-b967-133b6c5d5739","1309","2026-08-08T14:37:50.086Z","dine-in","Walk-in Guest","","","upi","648","32","0","680","completed","Item (1) | Item (1)"
"ef3470d4-c45a-4164-a2b7-33dcdd3449af","1308","2026-08-08T14:31:25.654Z","dine-in","Walk-in Guest","","","upi","298","15","0","313","completed","Item (1) | Item (1)"
"fab6d7e0-d1f1-407a-b301-46537de121b6","1307","2026-08-08T14:24:30.189Z","dine-in","Walk-in Guest","","","upi","240","12","0","252","completed","Item (1) | Item (1)"
"f7f0ad12-e0be-42cf-9224-eff67d6e0f22","1306","2026-08-08T14:22:56.461Z","dine-in","Walk-in Guest","","","cash","527","26","0","553","completed","Item (1) | Item (1) | Item (1) | Item (1)"
"4642dad0-aba6-400b-96c0-41dc33b61edc","1305","2026-08-08T14:09:44.266Z","dine-in","Walk-in Guest","","","upi","389","19","0","408","completed","Item (1) | Item (1)"
"d66ef1ae-3b4c-4ad8-bf4a-c3937cd9f48a","1304","2026-08-08T14:04:42.541Z","dine-in","Walk-in Guest","","","upi","99","5","0","104","completed","Item (1)"
"c5917587-3b4f-4ac3-94de-6b75d971fc2e","1303","2026-08-08T13:53:30.107Z","dine-in","Walk-in Guest","","","card","666.5799999999999","33","0","699.5799999999999","completed","Item (1) | Item (1) | Item (1) | Item (1) | Item (1)"
"9838f157-8cd4-4278-aa3e-43cfac42b077","1302","2026-08-08T13:47:57.049Z","dine-in","Walk-in Guest","","","upi","638","32","639","670","completed","Item (1) | Item (1) | Item (2) | Item (1)"
"11387ff6-e688-40bf-82b4-900b933dfb78","1301","2026-08-08T13:41:27.310Z","dine-in","Walk-in Guest","","","upi","39","2","0","41","completed","Item (1)"
"1bfb9668-c903-4c82-815c-9226cb94d7eb","1300","2026-08-08T13:39:49.953Z","dine-in","Walk-in Guest","","","upi","469","23","0","492","completed","Item (1) | Item (1)"
"d89086d7-0e2f-4794-88b2-d2021882a086","1299","2026-08-08T13:25:32.181Z","takeaway","Walk-in Guest","","","upi","99","5","0","104","completed","Item (1)"
"7a466ae4-a7a8-470a-99b0-07ba3bf572c9","1298","2026-08-08T13:03:28.827Z","dine-in","Walk-in Guest","","","upi","518","26","0","544","completed","Item (1) | Item (1) | Item (1) | Item (1)"
"032f5738-029f-434c-a254-d61cdac516fa","1297","2026-08-08T12:50:55.533Z","dine-in","Walk-in Guest","","","upi","99","5","0","104","completed","Item (1)"
"07b010e5-ed38-4b55-bb25-057924facc5e","1296","2026-08-08T12:50:26.821Z","dine-in","Walk-in Guest","","","upi","715","36","0","751","completed","Item (1) | Item (1) | Item (1) | Item (2) | Item (1)"
"e99f9bfe-556c-4281-84d1-7aa07b317f85","1295","2026-08-08T12:48:08.692Z","dine-in","Walk-in Guest","","","cash","297","15","0","312","completed","Item (2) | Item (1)"
"650bd744-44b9-4e75-92c8-ef3d66678533","1294","2026-08-08T12:15:37.452Z","dine-in","Walk-in Guest","","","upi","270","14","68","284","completed","Item (1) | Item (1) | Item (1)"
"b83c75b5-0ae1-4417-8ee3-f4bcb66bde40","1293","2026-08-08T12:09:58.171Z","dine-in","Walk-in Guest","","","upi","686","34","0","720","completed","Item (1) | Item (2) | Item (1) | Item (1) | Item (1)"
"c8da555e-64b8-4c9e-aa32-e047597fa7c1","1292","2026-08-08T11:52:56.031Z","dine-in","Walk-in Guest","","","cash","114.29","6","0","120.29","completed","Item (1)"
"1976491a-9c74-438a-98dc-aada2ee3aef2","1291","2026-08-08T11:51:10.085Z","dine-in","Walk-in Guest","","","upi","804.16","40","0","844.16","completed","Item (1) | Item (1) | Item (2) | Item (1) | Item (1) | Item (1)"
"0c043204-f256-4e02-b4ac-6cbb650055ff","1290","2026-08-08T11:26:30.322Z","dine-in","Walk-in Guest","","","upi","349","17","0","366","completed","Item (1)"
"e006eff3-9c99-4c9e-a8a4-5797c014bacf","1289","2026-08-08T11:10:15.285Z","dine-in","Walk-in Guest","","","upi","99","5","0","104","completed","Item (1)"
"82b933ef-c1c9-43cd-957d-440e548600c4","1288","2026-08-08T10:16:33.173Z","dine-in","Walk-in Guest","","","cash","529","26","0","555","completed","Item (1) | Item (1)"
"95879a41-efc5-4ce2-8ad7-dd3ca2df22bb","1287","2026-08-08T09:55:57.153Z","dine-in","Walk-in Guest","","","upi","369","18","0","387","completed","Item (1) | Item (1)"
"511210b6-2821-45b4-9b6f-a1023f1dae66","1286","2026-08-08T09:33:10.754Z","dine-in","Walk-in Guest","","","upi","198","10","0","208","completed","Item (1) | Item (1)"
"ac6d247b-bde3-4da7-90f2-bc17b2c4267d","1285","2026-08-08T08:58:03.069Z","takeaway","Walk-in Guest","","","upi","676","34","0","710","completed","Item (1) | Item (1) | Item (2)"
"9c211444-467b-4d17-abb6-e49e9ca51eed","1284","2026-08-08T08:51:14.953Z","dine-in","Walk-in Guest","","","upi","318","16","0","334","completed","Item (1) | Item (2)"
"08e90db7-990e-42fd-b72b-f628cb7602b7","1283","2026-08-08T08:44:11.765Z","dine-in","Walk-in Guest","","","upi","39","2","0","41","completed","Item (1)"
"26e87fec-af12-44a4-8c33-e59329207097","1282","2026-08-08T08:42:07.098Z","dine-in","Walk-in Guest","","","upi","413","21","103","434","completed","Item (4) | Item (2)"
"1fcf0f72-69f2-4dde-b188-8968894ac21f","1281","2026-08-08T08:28:09.869Z","dine-in","Walk-in Guest","","","upi","298","15","0","313","completed","Item (1) | Item (1)"
"297bd210-35a2-4030-841a-5c831af13a05","1280","2026-08-08T08:17:57.472Z","dine-in","Walk-in Guest","","","upi","649","32","0","681","completed","Item (1)"
"188e0427-d626-41ae-acdd-b3bebbea1494","1279","2026-08-08T08:15:46.303Z","dine-in","Walk-in Guest","","","upi","459","23","0","482","completed","Item (1) | Item (1) | Item (1)"
"bc199629-2219-4fad-bbb3-f175676f9cdc","1278","2026-08-08T08:04:08.639Z","dine-in","Walk-in Guest","","","upi","558","28","0","586","completed","Item (1) | Item (1) | Item (1) | Item (1)"
"c90e1a79-ba15-4bdb-928f-7dde6387614c","1277","2026-08-08T07:57:17.233Z","dine-in","Walk-in Guest","","","upi","158","8","0","166","completed","Item (1) | Item (1)"
"29a5ec34-66d1-4a78-903d-7cc2d014e07b","1276","2026-08-08T07:35:22.089Z","dine-in","Walk-in Guest","","","upi","991.29","50","0","1041.29","completed","Item (1) | Item (1) | Item (1) | Item (1) | Item (1)"
"4b2f0a11-f4d6-4830-ab4a-ee7568fa0817","1275","2026-08-07T17:39:30.688Z","dine-in","Walk-in Guest","","","upi","198","10","0","208","completed","Item (1) | Item (1)"
"b77b09c0-196a-4975-89ac-5e6de068d0d7","1274","2026-08-07T16:58:41.965Z","dine-in","Walk-in Guest","","","cash","99","5","0","104","completed","Item (1)"
"abe3b00e-0105-4f9f-9920-9cf403780069","1273","2026-08-07T16:56:07.754Z","dine-in","Walk-in Guest","","","upi","499","25","0","524","completed","Item (1)"
"1ad4dbb9-573d-4730-8578-cdfd0c68cfa6","1272","2026-08-07T16:35:47.032Z","dine-in","Walk-in Guest","","","upi","1288","64","0","1352","completed","Item (1) | Item (1) | Item (1)"
"b983ebe4-ed32-4dde-a9ed-08a942d3155f","1271","2026-08-07T16:31:56.278Z","dine-in","Walk-in Guest","","","card","649","32","0","681","completed","Item (1)"
"0621b102-4c0e-4f7a-9fed-b8bc29257113","1270","2026-08-07T16:27:59.286Z","dine-in","Walk-in Guest","","","card","240","12","0","252","completed","Item (1)"
"e58aeef9-b276-4e5d-a225-e39a9b5db733","1269","2026-08-07T16:26:41.798Z","dine-in","Walk-in Guest","","","cash","348","17","0","365","completed","Item (1) | Item (1)"
"85eb044b-6244-4ba1-9f3d-9b8a1ee76fa0","1268","2026-08-07T16:21:40.200Z","dine-in","Walk-in Guest","","","upi","447","22","0","469","completed","Item (1) | Item (1) | Item (1)"
"4e8fce67-6606-493d-b1f9-46ec6017009c","1267","2026-08-07T15:53:39.123Z","dine-in","Walk-in Guest","","","upi","99","5","0","104","completed","Item (1)"
"30950265-f27d-4a2b-a758-e28fecc588e8","1266","2026-08-07T15:44:16.850Z","dine-in","Walk-in Guest","","","upi","848","42","0","890","completed","Item (1) | Item (1)"
"b35db1bf-b44c-4162-8369-0f8bfacc0bc0","1265","2026-08-07T15:37:10.279Z","dine-in","Walk-in Guest","","","upi","298","15","0","313","completed","Item (1) | Item (1)"
"8e3a4e92-d09d-4317-b513-a7b0cb714787","1264","2026-08-07T15:34:39.878Z","dine-in","Walk-in Guest","","","card","1959.29","98","0","2057.29","completed","Item (1) | Item (1) | Item (1) | Item (1) | Item (1) | Item (1)"
"4d257ac9-15e9-4bed-8466-ac7799a15e02","1263","2026-08-07T15:22:35.585Z","dine-in","Walk-in Guest","","","upi","499","25","0","524","completed","Item (1)"
"d68e6c99-291e-448f-a44a-1aa36f07ddb2","1262","2026-08-07T15:09:43.039Z","dine-in","Walk-in Guest","","","upi","99","5","0","104","completed","Item (1)"
"1cf43ccc-571a-453d-9b9d-7466853dd6dd","1261","2026-08-07T15:07:46.816Z","dine-in","Walk-in Guest","","","upi","588","29","0","617","completed","Item (1) | Item (1) | Item (1)"
"881ccf70-ad69-49b5-9b06-e1882a24bff0","1260","2026-08-07T15:05:24.981Z","dine-in","Walk-in Guest","","","upi","90","5","0","95","completed","Item (1)"
"39564fd3-048d-428c-ba06-837b595b11b0","1259","2026-08-07T15:04:58.162Z","dine-in","Walk-in Guest","","","upi","249","12","0","261","completed","Item (1)"
"e31785e9-c00e-4dca-a82b-948ff692fe85","1258","2026-08-07T15:02:01.327Z","dine-in","Walk-in Guest","","","upi","258","13","0","271","completed","Item (1) | Item (1) | Item (1)"
"eaa793a2-00eb-4dd8-a251-260869a64380","1257","2026-08-07T15:00:14.154Z","takeaway","Walk-in Guest","","","cash","357","18","0","375","completed","Item (1) | Item (1) | Item (1)"
"e99457d6-6d9f-4834-b4d2-a7f0f6b8536e","1256","2026-08-07T14:58:33.663Z","dine-in","Walk-in Guest","","","upi","249","12","0","261","completed","Item (1)"
"14dabca8-b23a-4262-9f70-e52136cf229c","1255","2026-08-07T14:57:45.758Z","takeaway","Walk-in Guest","","","upi","649","32","0","681","completed","Item (1) | Item (1) | Item (1)"
"918215f5-3af1-478a-8d91-2929bc708af2","1254","2026-08-07T14:25:49.560Z","dine-in","Walk-in Guest","","","upi","219","11","0","230","completed","Item (1) | Item (1)"
"22e9f0f1-af6a-4d38-b178-5e05e5de93cc","1253","2026-08-07T14:24:03.610Z","dine-in","Walk-in Guest","","","upi","114.29","6","0","120.29","completed","Item (1)"
"4719b353-6649-4e6a-8ac7-f7be0a3af4d6","1252","2026-08-07T14:23:39.288Z","dine-in","Walk-in Guest","","","upi","446","22","0","468","completed","Item (1) | Item (1) | Item (1) | Item (1)"
"17007c37-71c3-4d81-b739-26f3ff41c975","1251","2026-08-07T14:14:21.427Z","dine-in","Walk-in Guest","","","cash","298","15","0","313","completed","Item (1) | Item (1)"
"a65e2415-d4cd-46b6-b8fe-4d7ad8eaf988","1250","2026-08-07T14:09:54.292Z","dine-in","Walk-in Guest","","","cash","337","17","0","354","completed","Item (1) | Item (1) | Item (2)"
"bf03f528-cc43-4d41-9bff-7b2f2129b98d","1249","2026-08-07T14:05:22.163Z","dine-in","Walk-in Guest","","","upi","199","10","0","209","completed","Item (1)"
"87d049d2-ab00-4b09-bfea-69b146726978","1248","2026-08-07T13:38:01.585Z","dine-in","Walk-in Guest","","","upi","616","31","0","647","completed","Item (1) | Item (1) | Item (1) | Item (1) | Item (1)"
"724d77bd-c0bc-478d-bcbb-9b8c7939001f","1247","2026-08-07T13:31:25.747Z","dine-in","Walk-in Guest","","","upi","1066","53","0","1119","completed","Item (1) | Item (1) | Item (1) | Item (1) | Item (1)"
"5cab889e-acda-40e1-868d-5801f76595a9","1246","2026-08-07T13:25:33.564Z","dine-in","Walk-in Guest","","","cash","517","26","0","543","completed","Item (1) | Item (1) | Item (1) | Item (1)"
"5215d139-0982-499d-83d8-88fd5878b78a","1245","2026-08-07T13:22:25.605Z","dine-in","Walk-in Guest","","","cash","964","48","0","1012","completed","Item (1) | Item (1) | Item (1) | Item (1) | Item (1) | Item (3)"
"f47cf38a-423a-4f76-b761-4cd1774e778d","1244","2026-08-07T13:04:06.731Z","dine-in","Walk-in Guest","","","upi","339","17","0","356","completed","Item (1) | Item (1) | Item (1)"
"83d8759f-aeaf-4107-baa1-87f5a3348ed3","1243","2026-08-07T12:59:01.887Z","dine-in","Walk-in Guest","","","upi","160","8","0","168","completed","Item (1) | Item (1)"
"10b56be0-ef64-4510-826f-7db9e569296b","1242","2026-08-07T12:58:38.595Z","dine-in","Walk-in Guest","","","upi","160","8","0","168","completed","Item (1) | Item (1)"
"f8d5ef3e-8b2a-4acf-883e-096ddcb563fd","1241","2026-08-07T12:56:21.278Z","dine-in","Walk-in Guest","","","upi","397","20","0","417","completed","Item (1) | Item (1) | Item (1)"
"ord_aug5_1204","1204","2026-08-05T21:46:00.000+05:30","dine-in","Walk-in Guest","","","upi","537","27","0","564","completed","Item (1)"
"ord_aug5_1203","1203","2026-08-05T21:43:00.000+05:30","dine-in","Walk-in Guest","","","upi","297","15","0","312","completed","Item (1)"
"ord_aug5_1202","1202","2026-08-05T21:34:00.000+05:30","dine-in","Walk-in Guest","","","upi","79","4","20","83","completed","Item (1)"
"ord_aug5_1201","1201","2026-08-05T21:24:00.000+05:30","dine-in","Walk-in Guest","","","card","338","17","0","355","completed","Item (1)"
"ord_aug5_1200","1200","2026-08-05T21:23:00.000+05:30","dine-in","Walk-in Guest","","","upi","152","8","38","160","completed","Item (1)"
"ord_aug5_1199","1199","2026-08-05T21:01:00.000+05:30","dine-in","Walk-in Guest","","","upi","818","41","205","859","completed","Item (1)"
"ord_aug5_1198","1198","2026-08-05T20:55:00.000+05:30","dine-in","Walk-in Guest","","","cash","1733","87","0","1820","completed","Item (1)"
"ord_aug5_1197","1197","2026-08-05T20:48:00.000+05:30","dine-in","Walk-in Guest","","","upi","199","10","0","209","completed","Item (1)"
"ord_aug5_1196","1196","2026-08-05T20:45:00.000+05:30","dine-in","Walk-in Guest","","","upi","348","17","0","365","completed","Item (1)"
"ord_aug5_1195","1195","2026-08-05T20:27:00.000+05:30","dine-in","Walk-in Guest","","","upi","599","30","0","629","completed","Item (1)"
"ord_aug5_1194","1194","2026-08-05T20:05:00.000+05:30","dine-in","Walk-in Guest","","","upi","417","21","0","438","completed","Item (1)"
"ord_aug5_1193","1193","2026-08-05T19:48:00.000+05:30","dine-in","Walk-in Guest","","","upi","249","12","0","261","completed","Item (1)"
"ord_aug5_1192","1192","2026-08-05T19:43:00.000+05:30","dine-in","Walk-in Guest","","","upi","289","14","0","303","completed","Item (1)"
"ord_aug5_1191","1191","2026-08-05T19:31:00.000+05:30","dine-in","Walk-in Guest","","","cash","260","13","0","273","completed","Item (1)"
"ord_aug5_1190","1190","2026-08-05T19:20:00.000+05:30","dine-in","Walk-in Guest","","","cash","198","10","0","208","completed","Item (1)"
"ord_aug5_1189","1189","2026-08-05T19:08:00.000+05:30","dine-in","Walk-in Guest","","","upi","1055","53","0","1108","completed","Item (1)"
"ord_aug5_1188","1188","2026-08-05T18:55:00.000+05:30","dine-in","Walk-in Guest","","","upi","239","12","0","251","completed","Item (1)"
"ord_aug5_1187","1187","2026-08-05T18:49:00.000+05:30","takeaway","Walk-in Guest","","","upi","359","18","0","377","completed","Item (1)"
"ord_aug5_1186","1186","2026-08-05T18:19:00.000+05:30","dine-in","Walk-in Guest","","","upi","249","12","0","261","completed","Item (1)"
"ord_aug5_1185","1185","2026-08-05T16:12:00.000+05:30","dine-in","Walk-in Guest","","","upi","662","33","0","695","completed","Item (1)"
"ord_aug5_1184","1184","2026-08-05T15:52:00.000+05:30","dine-in","Walk-in Guest","","","upi","114","6","0","120","completed","Item (1)"
"ord_aug5_1183","1183","2026-08-05T15:48:00.000+05:30","dine-in","Walk-in Guest","","","split","649","32","0","681","completed","Item (1)"
"ord_1183_large_1785950251914","1183","2026-08-04T14:06:00.000+05:30","dine-in","Walk-in Guest","","","cash","1591","80","0","1671","completed","Item (1) | Item (1) | Item (2) | Item (1) | Item (1) | Item (1)"
"711169e1-fd0c-473a-b189-6ba51e531fb6","1183","2026-08-04T06:25:09.784Z","dine-in","Walk-in Guest","","","cash","200","10","200","210","completed","Item (2)"
"ord-175","175","2026-08-03T23:50:00.000+05:30","dine-in","Walk-in Guest","","","upi","341","17","0","358","completed","Duo Gyro Feast (1)"
"ord-174","174","2026-08-03T23:45:00.000+05:30","dine-in","Walk-in Guest","","","upi","335","17","0","352","completed","Duo Gyro Feast (1)"
"10731","164","2026-08-03T23:41:37.000+05:30","DINE-IN","Walk-in Guest","","","UPI","14","1","0","15","completed","Turkish Chilli Dip (1)"
"ord-173","173","2026-08-03T23:40:00.000+05:30","dine-in","Walk-in Guest","","","cash","348","17","0","365","completed","Duo Gyro Feast (1)"
"ord-172","172","2026-08-03T23:35:00.000+05:30","dine-in","Walk-in Guest","","","upi","335","17","0","352","completed","Duo Gyro Feast (1)"
"ord-171","171","2026-08-03T23:30:00.000+05:30","dine-in","Walk-in Guest","","","upi","335","17","0","352","completed","Duo Gyro Feast (1)"
"10730","163","2026-08-03T22:54:31.000+05:30","TAKEAWAY","Walk-in Guest","","","UPI","95","5","0","100","completed","Blondie Cake (1)"
"10729","162","2026-08-03T22:52:27.000+05:30","DINE-IN","Walk-in Guest","","","UPI","95","5","0","100","completed","Chocolate Brownie (1)"
"ord-170","170","2026-08-03T22:25:00.000+05:30","dine-in","Walk-in Guest","","","upi","335","17","0","352","completed","Duo Gyro Feast (1)"
"ord-169","169","2026-08-03T22:20:00.000+05:30","dine-in","Walk-in Guest","","","cash","348","17","0","365","completed","Duo Gyro Feast (1)"
"10728","161","2026-08-03T22:16:39.000+05:30","DINE-IN","Walk-in Guest","","","UPI","95","5","0","100","completed","Signature Tea (1)"
"ord-168","168","2026-08-03T22:15:00.000+05:30","dine-in","Walk-in Guest","","","upi","335","17","0","352","completed","Duo Gyro Feast (1)"
"10727","160","2026-08-03T22:10:55.000+05:30","TAKEAWAY","Walk-in Guest","","","UPI","95","5","0","100","completed","Hot Chocolate (1)"
"ord-167","167","2026-08-03T22:10:00.000+05:30","dine-in","Walk-in Guest","","","upi","335","17","0","352","completed","Duo Gyro Feast (1)"
"ord-166","166","2026-08-03T22:05:00.000+05:30","dine-in","Walk-in Guest","","","upi","335","17","0","352","completed","Duo Gyro Feast (1)"
"10726","159","2026-08-03T22:01:43.000+05:30","DINE-IN","Walk-in Guest","","","Cash","114","6","0","120","completed","Butterfly Pea Kombucha (1)"
"ord-165","165","2026-08-03T22:00:00.000+05:30","dine-in","Walk-in Guest","","","cash","348","17","0","365","completed","Duo Gyro Feast (1)"
"10725","158","2026-08-03T21:56:23.000+05:30","DINE-IN","Walk-in Guest","","","Cash","114","6","0","120","completed","Ginger Kombucha (1)"
"10724","157","2026-08-03T21:44:19.000+05:30","TAKEAWAY","Walk-in Guest","","","UPI","110","6","0","116","completed","Hibiscus Kombucha (1)"
"10723","156","2026-08-03T21:32:05.000+05:30","DINE-IN","Walk-in Guest","","","UPI","110","6","0","116","completed","Mint Kombucha (1)"
"10722","155","2026-08-03T21:18:15.000+05:30","DINE-IN","Walk-in Guest","","","UPI","95","5","0","100","completed","Lime Ice Tea (Large) (1)"
"10721","154","2026-08-03T21:04:02.000+05:30","TAKEAWAY","Walk-in Guest","","","UPI","57","3","0","60","completed","Lime Ice Tea (Regular) (1)"
"10720","153","2026-08-03T20:58:37.000+05:30","DINE-IN","Walk-in Guest","","","UPI","95","5","0","100","completed","Peach Ice Tea (Large) (1)"
"10719","152","2026-08-03T20:49:10.000+05:30","DINE-IN","Walk-in Guest","","","UPI","57","3","0","60","completed","Peach Ice Tea (Regular) (1)"
"10718","151","2026-08-03T20:46:44.000+05:30","TAKEAWAY","Walk-in Guest","","","UPI","95","5","0","100","completed","Sprite (Large) (1)"
"10717","150","2026-08-03T20:42:42.000+05:30","DINE-IN","Walk-in Guest","","","UPI","57","3","0","60","completed","Sprite (Regular) (1)"
"10716","149","2026-08-03T20:37:56.000+05:30","DINE-IN","Walk-in Guest","","","Cash","99","5","0","104","completed","Coca-Cola (Large) (1)"
"10715","148","2026-08-03T20:34:12.000+05:30","TAKEAWAY","Walk-in Guest","","","Cash","59","3","0","62","completed","Coca-Cola (Regular) (1)"
"10714","147","2026-08-03T19:42:33.000+05:30","DINE-IN","Walk-in Guest","","","UPI","37","2","0","39","completed","Vanilla Softy (1)"
"10713","146","2026-08-03T19:15:19.000+05:30","DINE-IN","Walk-in Guest","","","UPI","191","10","0","201","completed","Kunafa Pistachio Shake (Large) (1)"
"10712","145","2026-08-03T19:02:07.000+05:30","TAKEAWAY","Walk-in Guest","","","UPI","115","6","0","121","completed","Kunafa Pistachio Shake (Regular) (1)"
"10711","144","2026-08-03T19:00:28.000+05:30","DINE-IN","Walk-in Guest","","","UPI","191","10","0","201","completed","Chocolate Shake (Large) (1)"
"10710","143","2026-08-03T19:00:17.000+05:30","DINE-IN","Walk-in Guest","","","UPI","115","6","0","121","completed","Chocolate Shake (Regular) (1)"
"10709","142","2026-08-03T18:58:44.000+05:30","TAKEAWAY","Walk-in Guest","","","UPI","191","10","0","201","completed","Biscoff Shake (Large) (1)"
"10708","141","2026-08-03T18:41:04.000+05:30","DINE-IN","Walk-in Guest","","","UPI","115","6","0","121","completed","Biscoff Shake (Regular) (1)"
"10707","140","2026-08-03T18:39:25.000+05:30","DINE-IN","Walk-in Guest","","","UPI","191","10","0","201","completed","Strawberry Shake (Large) (1)"
"10706","139","2026-08-03T18:06:32.000+05:30","TAKEAWAY","Walk-in Guest","","","Cash","120","6","0","126","completed","Strawberry Shake (Regular) (1)"
"10705","138","2026-08-03T18:04:32.000+05:30","DINE-IN","Walk-in Guest","","","Cash","198","10","0","208","completed","Vanilla Shake (Large) (1)"
"10704","137","2026-08-03T18:01:39.000+05:30","DINE-IN","Walk-in Guest","","","UPI","115","6","0","121","completed","Vanilla Shake (Regular) (1)"
"10703","136","2026-08-03T17:55:22.000+05:30","TAKEAWAY","Walk-in Guest","","","UPI","288","14","0","302","completed","Salad - Protein Max (Paneer) (1)"
"10702","135","2026-08-03T17:15:44.000+05:30","DINE-IN","Walk-in Guest","","","UPI","288","14","0","302","completed","Salad - Protein Max (Chicken) (1)"
"10701","134","2026-08-03T17:04:42.000+05:30","DINE-IN","Walk-in Guest","","","UPI","288","14","0","302","completed","Lebanese Rice - Protein Max (Paneer) (1)"
"10700","133","2026-08-03T17:04:22.000+05:30","TAKEAWAY","Walk-in Guest","","","UPI","288","14","0","302","completed","Lebanese Rice - Protein Max (Chicken) (1)"
"10699","132","2026-08-03T17:02:55.000+05:30","DINE-IN","Walk-in Guest","","","UPI","1250","62","0","1312","completed","Super 5 Bucket (1)"
"10698","131","2026-08-03T16:43:15.000+05:30","DINE-IN","Walk-in Guest","","","UPI","865","43","0","908","completed","Den's Party Meal (1)"
"10697","130","2026-08-03T16:42:17.000+05:30","TAKEAWAY","Walk-in Guest","","","UPI","624","31","0","655","completed","Mega Feast Meal (1)"
"10696","129","2026-08-03T16:37:50.000+05:30","DINE-IN","Walk-in Guest","","","Cash","498","25","0","523","completed","Double Crunch Box (1)"
"10695","128","2026-08-03T16:20:49.000+05:30","DINE-IN","Walk-in Guest","","","Cash","348","17","0","365","completed","Duo Gyro Feast (1)"
"10694","127","2026-08-03T16:17:06.000+05:30","TAKEAWAY","Walk-in Guest","","","UPI","288","14","0","302","completed","Lebanese Rice Box (1)"
"10693","126","2026-08-03T15:59:50.000+05:30","DINE-IN","Walk-in Guest","","","UPI","288","14","0","302","completed","Signature Gyro Meal (1)"
"10692","125","2026-08-03T15:44:49.000+05:30","DINE-IN","Walk-in Guest","","","UPI","239","12","0","251","completed","Classic Gyro Meal (1)"
"10691","124","2026-08-03T15:15:58.000+05:30","TAKEAWAY","Walk-in Guest","","","UPI","143","7","0","150","completed","Express Meal (1)"
"10690","123","2026-08-03T15:08:12.000+05:30","DINE-IN","Walk-in Guest","","","UPI","143","7","0","150","completed","Signature Salad (Paneer) (1)"
"10689","122","2026-08-03T15:03:53.000+05:30","DINE-IN","Walk-in Guest","","","UPI","143","7","0","150","completed","Signature Salad (Chicken) (1)"
"10688","121","2026-08-03T15:02:32.000+05:30","TAKEAWAY","Walk-in Guest","","","UPI","191","10","0","201","completed","Lebanese Rice Bowl (Paneer) (1)"
"10687","120","2026-08-03T14:56:49.000+05:30","DINE-IN","Walk-in Guest","","","UPI","191","10","0","201","completed","Lebanese Rice Bowl (Chicken) (1)"
"10686","119","2026-08-03T14:56:32.000+05:30","DINE-IN","Walk-in Guest","","","Cash","198","10","0","208","completed","Loaded Paneer Fries (1)"
"10685","118","2026-08-03T14:53:40.000+05:30","TAKEAWAY","Walk-in Guest","","","Cash","198","10","0","208","completed","Loaded Chicken Fries (1)"
"10684","117","2026-08-03T14:35:21.000+05:30","DINE-IN","Walk-in Guest","","","UPI","95","5","0","100","completed","Cajun Fries (1)"
"10683","116","2026-08-03T14:05:46.000+05:30","DINE-IN","Walk-in Guest","","","UPI","95","5","0","100","completed","Peri Peri Fries (1)"
"10682","115","2026-08-03T13:46:52.000+05:30","TAKEAWAY","Walk-in Guest","","","UPI","95","5","0","100","completed","Salted Fries (1)"
"10681","114","2026-08-03T13:43:58.000+05:30","DINE-IN","Walk-in Guest","","","UPI","2310","115","0","2425","completed","60 Pc Strips (12 Dips) (1)"
"10680","113","2026-08-03T13:41:46.000+05:30","DINE-IN","Walk-in Guest","","","UPI","770","38","0","808","completed","20 Pc Strips (6 Dips) (1)"
"10679","112","2026-08-03T13:40:46.000+05:30","TAKEAWAY","Walk-in Guest","","","UPI","347","17","0","364","completed","9 Pc Strips (3 Dips) (1)"
"10678","111","2026-08-03T13:33:47.000+05:30","DINE-IN","Walk-in Guest","","","UPI","230","12","0","242","completed","6 Pc Strips (2 Dips) (1)"
"10677","110","2026-08-03T13:25:39.000+05:30","DINE-IN","Walk-in Guest","","","UPI","115","6","0","121","completed","3 Pc Strips (1 Dip) (1)"
"10676","109","2026-08-03T12:51:14.000+05:30","TAKEAWAY","Walk-in Guest","","","Cash","1496","75","0","1571","completed","60 Pc Wings (12 Dips) (1)"
"10675","108","2026-08-03T12:31:45.000+05:30","DINE-IN","Walk-in Guest","","","Cash","598","30","0","628","completed","20 Pc Wings (6 Dips) (1)"
"10674","107","2026-08-03T12:14:29.000+05:30","DINE-IN","Walk-in Guest","","","UPI","260","13","0","273","completed","9 Pc Wings (3 Dips) (1)"
"10673","106","2026-08-03T12:13:29.000+05:30","TAKEAWAY","Walk-in Guest","","","UPI","173","9","0","182","completed","6 Pc Wings (2 Dips) (1)"
"10672","105","2026-08-03T12:03:10.000+05:30","DINE-IN","Walk-in Guest","","","UPI","87","4","0","91","completed","3 Pc Wings (1 Dip) (1)"
"10671","104","2026-08-03T11:55:11.000+05:30","DINE-IN","Walk-in Guest","","","UPI","809","40","0","849","completed","12 Pc Leg & Thigh (6 Dips) (1)"
"10670","103","2026-08-03T11:40:03.000+05:30","TAKEAWAY","Walk-in Guest","","","UPI","539","27","0","566","completed","8 Pc Leg & Thigh (4 Dips) (1)"
"10669","102","2026-08-03T11:21:30.000+05:30","DINE-IN","Walk-in Guest","","","UPI","270","13","0","283","completed","4 Pc Leg & Thigh (2 Dips) (1)"
"10668","101","2026-08-03T11:08:02.000+05:30","DINE-IN","Walk-in Guest","","","UPI","239","12","0","251","completed","Pesto Gyro (Signature) (1)"
"10667","100","2026-08-03T11:06:03.000+05:30","TAKEAWAY","Walk-in Guest","","","UPI","95","5","0","100","completed","Pesto Gyro (1)"
"10376","10376","2026-08-02T23:52:49.000+05:30","DINE-IN","Walk-in Guest","","","UPI","277","14","0","304","completed","Jalapeno Cheese Dip (1)"
"10372","10372","2026-08-02T22:47:28.000+05:30","DINE-IN","Walk-in Guest","","","UPI","286","14","0","313","completed","Signature Tea (1)"
"10371","10371","2026-08-02T22:32:38.000+05:30","DINE-IN","Walk-in Guest","","","UPI","333","17","0","365","completed","Hot Chocolate (1)"
"10375","10375","2026-08-02T22:28:39.000+05:30","DINE-IN","Walk-in Guest","","","Cash","342","17","0","375","completed","Turkish Chilli Dip (1)"
"10373","10373","2026-08-02T22:18:20.000+05:30","DINE-IN","Walk-in Guest","","","UPI","339","17","0","371","completed","Chocolate Brownie (1)"
"10374","10374","2026-08-02T22:13:17.000+05:30","TAKEAWAY","Walk-in Guest","","","Cash","280","14","0","307","completed","Blondie Cake (1)"
"10365","10365","2026-08-02T21:58:22.000+05:30","DINE-IN","Walk-in Guest","","","Cash","365","18","0","400","completed","Lime Ice Tea (Regular) (1)"
"10366","10366","2026-08-02T21:46:28.000+05:30","TAKEAWAY","Walk-in Guest","","","UPI","254","13","0","279","completed","Lime Ice Tea (Large) (1)"
"10367","10367","2026-08-02T21:31:42.000+05:30","DINE-IN","Walk-in Guest","","","UPI","351","18","0","385","completed","Mint Kombucha (1)"
"10369","10369","2026-08-02T21:29:17.000+05:30","DINE-IN","Walk-in Guest","","","Cash","347","17","0","380","completed","Ginger Kombucha (1)"
"10368","10368","2026-08-02T21:05:11.000+05:30","DINE-IN","Walk-in Guest","","","UPI","268","13","0","293","completed","Hibiscus Kombucha (1)"
"10370","10370","2026-08-02T21:02:46.000+05:30","TAKEAWAY","Walk-in Guest","","","Cash","272","14","0","298","completed","Butterfly Pea Kombucha (1)"
"10364","10364","2026-08-02T20:50:36.000+05:30","DINE-IN","Walk-in Guest","","","Cash","241","12","0","264","completed","Peach Ice Tea (Large) (1)"
"10361","10361","2026-08-02T20:44:01.000+05:30","DINE-IN","Walk-in Guest","","","UPI","331","17","0","363","completed","Sprite (Regular) (1)"
"10363","10363","2026-08-02T20:21:44.000+05:30","DINE-IN","Walk-in Guest","","","UPI","378","19","0","414","completed","Peach Ice Tea (Regular) (1)"
"10362","10362","2026-08-02T20:17:14.000+05:30","TAKEAWAY","Walk-in Guest","","","UPI","289","14","0","316","completed","Sprite (Large) (1)"
"10360","10360","2026-08-02T20:12:37.000+05:30","DINE-IN","Walk-in Guest","","","Cash","228","11","0","249","completed","Coca-Cola (Large) (1)"
"10357","10357","2026-08-02T19:55:35.000+05:30","DINE-IN","Walk-in Guest","","","UPI","341","17","0","374","completed","Kunafa Pistachio Shake (Large) (1)"
"10358","10358","2026-08-02T19:55:11.000+05:30","TAKEAWAY","Walk-in Guest","","","UPI","280","14","0","307","completed","Vanilla Softy (1)"
"10355","10355","2026-08-02T19:49:40.000+05:30","DINE-IN","Walk-in Guest","","","Cash","327","16","0","358","completed","Chocolate Shake (Large) (1)"
"10356","10356","2026-08-02T19:45:28.000+05:30","DINE-IN","Walk-in Guest","","","UPI","294","15","0","322","completed","Kunafa Pistachio Shake (Regular) (1)"
"10354","10354","2026-08-02T19:17:59.000+05:30","TAKEAWAY","Walk-in Guest","","","Cash","263","13","0","288","completed","Chocolate Shake (Regular) (1)"
"10359","10359","2026-08-02T19:01:38.000+05:30","DINE-IN","Walk-in Guest","","","Cash","393","20","0","431","completed","Coca-Cola (Regular) (1)"
"10353","10353","2026-08-02T18:41:38.000+05:30","DINE-IN","Walk-in Guest","","","UPI","358","18","0","392","completed","Biscoff Shake (Large) (1)"
"10349","10349","2026-08-02T18:30:52.000+05:30","DINE-IN","Walk-in Guest","","","Cash","342","17","0","375","completed","Vanilla Shake (Large) (1)"
"10350","10350","2026-08-02T18:30:15.000+05:30","TAKEAWAY","Walk-in Guest","","","Cash","279","14","0","306","completed","Strawberry Shake (Regular) (1)"
"10351","10351","2026-08-02T18:08:25.000+05:30","DINE-IN","Walk-in Guest","","","UPI","345","17","0","378","completed","Strawberry Shake (Large) (1)"
"10352","10352","2026-08-02T18:08:22.000+05:30","DINE-IN","Walk-in Guest","","","UPI","276","14","0","303","completed","Biscoff Shake (Regular) (1)"
"10347","10347","2026-08-02T17:53:59.000+05:30","DINE-IN","Walk-in Guest","","","UPI","326","16","0","357","completed","Salad - Protein Max (Paneer) (1)"
"10348","10348","2026-08-02T17:15:47.000+05:30","DINE-IN","Walk-in Guest","","","UPI","295","15","0","323","completed","Vanilla Shake (Regular) (1)"
"10345","10345","2026-08-02T17:12:20.000+05:30","DINE-IN","Walk-in Guest","","","Cash","370","18","0","405","completed","Lebanese Rice - Protein Max (Paneer) (1)"
"10346","10346","2026-08-02T17:00:57.000+05:30","TAKEAWAY","Walk-in Guest","","","UPI","251","13","0","275","completed","Salad - Protein Max (Chicken) (1)"
"10401","10401","2026-08-02T16:32:45.000+05:30","DINE-IN","Walk-in Guest","","","Cash","403","20","0","442","completed","Express Meal (1)"
"10400","10400","2026-08-02T16:27:24.000+05:30","TAKEAWAY","Walk-in Guest","","","Cash","264","13","0","289","completed","Signature Salad (Paneer) (1)"
"10395","10395","2026-08-02T15:59:38.000+05:30","DINE-IN","Walk-in Guest","","","Cash","410","21","0","450","completed","Loaded Chicken Fries (1)"
"10396","10396","2026-08-02T15:46:59.000+05:30","TAKEAWAY","Walk-in Guest","","","Cash","264","13","0","289","completed","Loaded Paneer Fries (1)"
"10397","10397","2026-08-02T15:41:18.000+05:30","DINE-IN","Walk-in Guest","","","UPI","401","20","0","439","completed","Lebanese Rice Bowl (Chicken) (1)"
"10399","10399","2026-08-02T15:23:17.000+05:30","DINE-IN","Walk-in Guest","","","UPI","410","21","0","450","completed","Signature Salad (Chicken) (1)"
"10398","10398","2026-08-02T15:05:32.000+05:30","DINE-IN","Walk-in Guest","","","UPI","273","14","0","299","completed","Lebanese Rice Bowl (Paneer) (1)"
"10391","10391","2026-08-02T14:58:27.000+05:30","DINE-IN","Walk-in Guest","","","Cash","383","19","0","420","completed","60 Pc Strips (12 Dips) (1)"
"10394","10394","2026-08-02T14:56:12.000+05:30","DINE-IN","Walk-in Guest","","","UPI","289","14","0","316","completed","Cajun Fries (1)"
"10393","10393","2026-08-02T14:14:33.000+05:30","DINE-IN","Walk-in Guest","","","UPI","386","19","0","423","completed","Peri Peri Fries (1)"
"10392","10392","2026-08-02T14:07:55.000+05:30","TAKEAWAY","Walk-in Guest","","","UPI","291","15","0","319","completed","Salted Fries (1)"
"10387","10387","2026-08-02T13:57:39.000+05:30","DINE-IN","Walk-in Guest","","","UPI","405","20","0","444","completed","3 Pc Strips (1 Dip) (1)"
"10389","10389","2026-08-02T13:17:20.000+05:30","DINE-IN","Walk-in Guest","","","UPI","417","21","0","457","completed","9 Pc Strips (3 Dips) (1)"
"10388","10388","2026-08-02T13:14:10.000+05:30","TAKEAWAY","Walk-in Guest","","","UPI","270","13","0","295","completed","6 Pc Strips (2 Dips) (1)"
"10390","10390","2026-08-02T13:12:27.000+05:30","DINE-IN","Walk-in Guest","","","Cash","257","13","0","282","completed","20 Pc Strips (6 Dips) (1)"
"10386","10386","2026-08-02T13:09:32.000+05:30","DINE-IN","Walk-in Guest","","","Cash","301","15","0","330","completed","60 Pc Wings (12 Dips) (1)"
"10384","10384","2026-08-02T12:59:34.000+05:30","TAKEAWAY","Walk-in Guest","","","UPI","272","14","0","298","completed","9 Pc Wings (3 Dips) (1)"
"10381","10381","2026-08-02T12:43:39.000+05:30","DINE-IN","Walk-in Guest","","","Cash","352","18","0","386","completed","12 Pc Leg & Thigh (6 Dips) (1)"
"10382","10382","2026-08-02T12:26:34.000+05:30","DINE-IN","Walk-in Guest","","","UPI","323","16","0","354","completed","3 Pc Wings (1 Dip) (1)"
"10383","10383","2026-08-02T12:21:55.000+05:30","DINE-IN","Walk-in Guest","","","UPI","402","20","0","440","completed","6 Pc Wings (2 Dips) (1)"
"10385","10385","2026-08-02T12:18:04.000+05:30","DINE-IN","Walk-in Guest","","","Cash","373","19","0","409","completed","20 Pc Wings (6 Dips) (1)"
"10378","10378","2026-08-02T11:33:02.000+05:30","DINE-IN","Walk-in Guest","","","UPI","310","16","0","340","completed","Pesto Gyro (Signature) (1)"
"10377","10377","2026-08-02T11:21:59.000+05:30","DINE-IN","Walk-in Guest","","","UPI","366","18","0","401","completed","Pesto Gyro (1)"
"10379","10379","2026-08-02T11:03:18.000+05:30","DINE-IN","Walk-in Guest","","","UPI","391","20","0","429","completed","4 Pc Leg & Thigh (2 Dips) (1)"
"10380","10380","2026-08-02T11:02:38.000+05:30","TAKEAWAY","Walk-in Guest","","","Cash","285","14","0","312","completed","8 Pc Leg & Thigh (4 Dips) (1)"
"10344","10344","2026-08-01T17:44:51.000+05:30","DINE-IN","Walk-in Guest","","","Cash","226","11","0","237","completed","Lebanese Rice - Protein Max (Chicken) (1)"
"10343","10343","2026-08-01T17:16:31.000+05:30","DINE-IN","Walk-in Guest","","","UPI","395","20","0","414","completed","Super 5 Bucket (1)"
"10341","10341","2026-08-01T16:53:47.000+05:30","DINE-IN","Walk-in Guest","","","UPI","395","20","0","414","completed","Mega Feast Meal (1)"
"10342","10342","2026-08-01T16:42:34.000+05:30","TAKEAWAY","Walk-in Guest","","","UPI","226","11","0","236","completed","Den's Party Meal (1)"
"10340","10340","2026-08-01T16:39:17.000+05:30","DINE-IN","Walk-in Guest","","","Cash","245","12","0","256","completed","Double Crunch Box (1)"
"10338","10338","2026-08-01T16:27:43.000+05:30","TAKEAWAY","Walk-in Guest","","","UPI","268","13","0","280","completed","Lebanese Rice Box (1)"
"10339","10339","2026-08-01T16:19:04.000+05:30","DINE-IN","Walk-in Guest","","","Cash","376","19","0","394","completed","Duo Gyro Feast (1)"
"10332","10332","2026-08-01T15:47:54.000+05:30","DINE-IN","Walk-in Guest","","","UPI","228","11","0","238","completed","Lebanese Rice Bowl (Paneer) (1)"
"10333","10333","2026-08-01T15:44:23.000+05:30","DINE-IN","Walk-in Guest","","","UPI","386","19","0","404","completed","Signature Salad (Chicken) (1)"
"10337","10337","2026-08-01T15:23:22.000+05:30","DINE-IN","Walk-in Guest","","","UPI","353","18","0","370","completed","Signature Gyro Meal (1)"
"10334","10334","2026-08-01T15:20:49.000+05:30","TAKEAWAY","Walk-in Guest","","","Cash","235","12","0","246","completed","Signature Salad (Paneer) (1)"
"10335","10335","2026-08-01T15:12:03.000+05:30","DINE-IN","Walk-in Guest","","","Cash","370","19","0","388","completed","Express Meal (1)"
"10336","10336","2026-08-01T15:00:25.000+05:30","DINE-IN","Walk-in Guest","","","UPI","250","13","0","262","completed","Classic Gyro Meal (1)"
"10331","10331","2026-08-01T14:47:37.000+05:30","DINE-IN","Walk-in Guest","","","UPI","393","20","0","412","completed","Lebanese Rice Bowl (Chicken) (1)"
"10329","10329","2026-08-01T14:19:40.000+05:30","DINE-IN","Walk-in Guest","","","Cash","332","17","0","348","completed","Loaded Chicken Fries (1)"
"10330","10330","2026-08-01T14:09:24.000+05:30","TAKEAWAY","Walk-in Guest","","","Cash","289","14","0","302","completed","Loaded Paneer Fries (1)"
"10327","10327","2026-08-01T14:04:20.000+05:30","DINE-IN","Walk-in Guest","","","UPI","378","19","0","396","completed","Peri Peri Fries (1)"
"10328","10328","2026-08-01T14:04:20.000+05:30","DINE-IN","Walk-in Guest","","","UPI","243","12","0","254","completed","Cajun Fries (1)"
"10324","10324","2026-08-01T13:40:28.000+05:30","DINE-IN","Walk-in Guest","","","Cash","230","12","0","241","completed","20 Pc Strips (6 Dips) (1)"
"10325","10325","2026-08-01T13:33:32.000+05:30","DINE-IN","Walk-in Guest","","","Cash","364","18","0","381","completed","60 Pc Strips (12 Dips) (1)"
"10326","10326","2026-08-01T13:31:45.000+05:30","TAKEAWAY","Walk-in Guest","","","UPI","257","13","0","269","completed","Salted Fries (1)"
"10323","10323","2026-08-01T13:26:22.000+05:30","DINE-IN","Walk-in Guest","","","UPI","390","20","0","409","completed","9 Pc Strips (3 Dips) (1)"
"10321","10321","2026-08-01T13:07:09.000+05:30","DINE-IN","Walk-in Guest","","","UPI","379","19","0","397","completed","3 Pc Strips (1 Dip) (1)"
"10322","10322","2026-08-01T13:00:48.000+05:30","TAKEAWAY","Walk-in Guest","","","UPI","242","12","0","253","completed","6 Pc Strips (2 Dips) (1)"
"10319","10319","2026-08-01T12:45:55.000+05:30","DINE-IN","Walk-in Guest","","","Cash","365","18","0","382","completed","20 Pc Wings (6 Dips) (1)"
"10316","10316","2026-08-01T12:38:51.000+05:30","DINE-IN","Walk-in Guest","","","UPI","262","13","0","274","completed","3 Pc Wings (1 Dip) (1)"
"10318","10318","2026-08-01T12:36:12.000+05:30","TAKEAWAY","Walk-in Guest","","","UPI","293","15","0","307","completed","9 Pc Wings (3 Dips) (1)"
"10320","10320","2026-08-01T12:23:32.000+05:30","DINE-IN","Walk-in Guest","","","Cash","256","13","0","268","completed","60 Pc Wings (12 Dips) (1)"
"10317","10317","2026-08-01T12:20:12.000+05:30","DINE-IN","Walk-in Guest","","","UPI","328","16","0","343","completed","6 Pc Wings (2 Dips) (1)"
"10315","10315","2026-08-01T11:56:26.000+05:30","DINE-IN","Walk-in Guest","","","Cash","359","18","0","376","completed","12 Pc Leg & Thigh (6 Dips) (1)"
"10311","10311","2026-08-01T11:48:34.000+05:30","DINE-IN","Walk-in Guest","","","UPI","377","19","0","395","completed","Pesto Gyro (1)"
"10312","10312","2026-08-01T11:22:27.000+05:30","DINE-IN","Walk-in Guest","","","UPI","244","12","0","255","completed","Pesto Gyro (Signature) (1)"
"10314","10314","2026-08-01T11:15:07.000+05:30","TAKEAWAY","Walk-in Guest","","","Cash","274","14","0","287","completed","8 Pc Leg & Thigh (4 Dips) (1)"
"10313","10313","2026-08-01T11:08:35.000+05:30","DINE-IN","Walk-in Guest","","","UPI","347","17","0","363","completed","4 Pc Leg & Thigh (2 Dips) (1)"
"1240","1240","2026-07-31T21:53:00.000+05:30","takeaway","Walk-in Guest","","","upi","328","16","0","344","completed","Restaurant Order (1)"
"1239","1239","2026-07-31T21:44:00.000+05:30","dine-in","Walk-in Guest","","","upi","519","26","0","545","completed","Restaurant Order (1)"
"1238","1238","2026-07-31T21:39:00.000+05:30","dine-in","Walk-in Guest","","","cash","399","20","0","419","completed","Restaurant Order (1)"
"1237","1237","2026-07-31T21:28:00.000+05:30","dine-in","Walk-in Guest","","","upi","518","26","0","544","completed","Restaurant Order (1)"
"1236","1236","2026-07-31T21:26:00.000+05:30","dine-in","Walk-in Guest","","","upi","782","39","0","821","completed","Restaurant Order (1)"
"1235","1235","2026-07-31T21:16:00.000+05:30","dine-in","Walk-in Guest","","","upi","119","6","0","125","completed","Restaurant Order (1)"
"1234","1234","2026-07-31T21:14:00.000+05:30","dine-in","Walk-in Guest","","","upi","119","6","0","125","completed","Restaurant Order (1)"
"1233","1233","2026-07-31T21:12:00.000+05:30","dine-in","Walk-in Guest","","","upi","719","36","0","755","completed","Restaurant Order (1)"
"1232","1232","2026-07-31T21:08:00.000+05:30","dine-in","Walk-in Guest","","","upi","460","23","0","483","completed","Restaurant Order (1)"
"1231","1231","2026-07-31T21:03:00.000+05:30","dine-in","Walk-in Guest","","","upi","317","16","0","333","completed","Restaurant Order (1)"
"1230","1230","2026-07-31T21:01:00.000+05:30","dine-in","Walk-in Guest","","","upi","159","8","0","167","completed","Restaurant Order (1)"
"1229","1229","2026-07-31T21:00:00.000+05:30","dine-in","Walk-in Guest","","","upi","399","20","0","419","completed","Restaurant Order (1)"
"1228","1228","2026-07-31T20:57:00.000+05:30","dine-in","Walk-in Guest","","","upi","119","6","0","125","completed","Restaurant Order (1)"
"1227","1227","2026-07-31T20:56:00.000+05:30","dine-in","Walk-in Guest","","","upi","216","11","0","227","completed","Restaurant Order (1)"
"1226","1226","2026-07-31T20:51:00.000+05:30","dine-in","Walk-in Guest","","","cash","79","4","0","83","completed","Restaurant Order (1)"
"1225","1225","2026-07-31T20:48:00.000+05:30","takeaway","Walk-in Guest","","","cash","628","31","0","659","completed","Restaurant Order (1)"
"1224","1224","2026-07-31T20:38:00.000+05:30","dine-in","Walk-in Guest","","","cash","239","12","0","251","completed","Restaurant Order (1)"
"1223","1223","2026-07-31T20:37:00.000+05:30","dine-in","Walk-in Guest","","","upi","299","15","0","314","completed","Restaurant Order (1)"
"1222","1222","2026-07-31T20:30:00.000+05:30","dine-in","Walk-in Guest","","","upi","79","4","0","83","completed","Restaurant Order (1)"
"1221","1221","2026-07-31T20:23:00.000+05:30","dine-in","Walk-in Guest","","","upi","294","15","0","309","completed","Restaurant Order (1)"
"1220","1220","2026-07-31T20:16:00.000+05:30","takeaway","Walk-in Guest","","","upi","208","10","0","218","completed","Restaurant Order (1)"
"1219","1219","2026-07-31T19:58:00.000+05:30","dine-in","Walk-in Guest","","","upi","159","8","0","167","completed","Restaurant Order (1)"
"1218","1218","2026-07-31T19:57:00.000+05:30","dine-in","Walk-in Guest","","","upi","351","18","0","369","completed","Restaurant Order (1)"
"1217","1217","2026-07-31T19:56:00.000+05:30","dine-in","Walk-in Guest","","","upi","310","15","0","325","completed","Restaurant Order (1)"
"1216","1216","2026-07-31T19:53:00.000+05:30","dine-in","Walk-in Guest","","","upi","719","36","0","755","completed","Restaurant Order (1)"
"1215","1215","2026-07-31T19:50:00.000+05:30","dine-in","Walk-in Guest","","","cash","144","7","0","151","completed","Restaurant Order (1)"
"1214","1214","2026-07-31T19:49:00.000+05:30","dine-in","Walk-in Guest","","","upi","762","38","0","800","completed","Restaurant Order (1)"
"1213","1213","2026-07-31T19:44:00.000+05:30","dine-in","Walk-in Guest","","","upi","79","4","0","83","completed","Restaurant Order (1)"
"1212","1212","2026-07-31T19:43:00.000+05:30","dine-in","Walk-in Guest","","","upi","477","24","0","501","completed","Restaurant Order (1)"
"1211","1211","2026-07-31T19:39:00.000+05:30","dine-in","Walk-in Guest","","","upi","869","43","0","912","completed","Restaurant Order (1)"
"1210","1210","2026-07-31T19:33:00.000+05:30","dine-in","Walk-in Guest","","","upi","175","9","0","184","completed","Restaurant Order (1)"
"1209","1209","2026-07-31T19:28:00.000+05:30","dine-in","Walk-in Guest","","","upi","198","10","0","208","completed","Restaurant Order (1)"
"1208","1208","2026-07-31T19:19:00.000+05:30","dine-in","Walk-in Guest","","","upi","112","6","0","118","completed","Restaurant Order (1)"
"1207","1207","2026-07-31T19:15:00.000+05:30","dine-in","Walk-in Guest","","","cash","318","16","0","334","completed","Restaurant Order (1)"
"1206","1206","2026-07-31T19:06:00.000+05:30","dine-in","Walk-in Guest","","","cash","287","14","0","301","completed","Restaurant Order (1)"
"1205","1205","2026-07-31T19:03:00.000+05:30","dine-in","Walk-in Guest","","","cash","452","23","0","475","completed","Restaurant Order (1)"
"1204","1204","2026-07-31T19:01:00.000+05:30","dine-in","Walk-in Guest","","","upi","436","22","0","458","completed","Restaurant Order (1)"
"1202","1202","2026-07-31T18:59:00.000+05:30","dine-in","Walk-in Guest","","","upi","384","19","0","403","completed","Restaurant Order (1)"
"1203","1203","2026-07-31T18:59:00.000+05:30","dine-in","Walk-in Guest","","","upi","79","4","0","83","completed","Restaurant Order (1)"
"1201","1201","2026-07-31T18:46:00.000+05:30","dine-in","Walk-in Guest","","","upi","573","29","0","602","completed","Restaurant Order (1)"
"1200","1200","2026-07-31T18:22:00.000+05:30","dine-in","Walk-in Guest","","","upi","159","8","0","167","completed","Restaurant Order (1)"
"1199","1199","2026-07-31T18:12:00.000+05:30","dine-in","Walk-in Guest","","","upi","159","8","0","167","completed","Restaurant Order (1)"
"1198","1198","2026-07-31T17:59:00.000+05:30","dine-in","Walk-in Guest","","","cash","399","20","0","419","completed","Restaurant Order (1)"
"1197","1197","2026-07-31T17:49:00.000+05:30","dine-in","Walk-in Guest","","","upi","398","20","0","418","completed","Restaurant Order (1)"
"1196","1196","2026-07-31T17:39:00.000+05:30","dine-in","Walk-in Guest","","","upi","158","8","0","166","completed","Restaurant Order (1)"
"1195","1195","2026-07-31T17:36:00.000+05:30","dine-in","Walk-in Guest","","","upi","279","14","0","293","completed","Restaurant Order (1)"
"1194","1194","2026-07-31T17:08:00.000+05:30","dine-in","Walk-in Guest","","","upi","158","8","0","166","completed","Restaurant Order (1)"
"1193","1193","2026-07-31T17:07:00.000+05:30","takeaway","Walk-in Guest","","","upi","79","4","0","83","completed","Restaurant Order (1)"
"1192","1192","2026-07-31T16:40:00.000+05:30","dine-in","Walk-in Guest","","","upi","96","5","0","101","completed","Restaurant Order (1)"
"1191","1191","2026-07-31T16:35:00.000+05:30","dine-in","Walk-in Guest","","","upi","79","4","0","83","completed","Restaurant Order (1)"
"1190","1190","2026-07-31T16:28:00.000+05:30","dine-in","Walk-in Guest","","","upi","63","3","0","66","completed","Restaurant Order (1)"
"1189","1189","2026-07-31T16:27:00.000+05:30","dine-in","Walk-in Guest","","","upi","375","19","0","394","completed","Restaurant Order (1)"
"1188","1188","2026-07-31T16:15:00.000+05:30","dine-in","Walk-in Guest","","","upi","190","9","0","199","completed","Restaurant Order (1)"
"1187","1187","2026-07-31T16:06:00.000+05:30","dine-in","Walk-in Guest","","","upi","190","10","0","200","completed","Restaurant Order (1)"
"1186","1186","2026-07-31T15:54:00.000+05:30","dine-in","Walk-in Guest","","","upi","278","14","0","292","completed","Restaurant Order (1)"
"1185","1185","2026-07-31T15:35:00.000+05:30","dine-in","Walk-in Guest","","","cash","567","28","0","595","completed","Restaurant Order (1)"
"1184","1184","2026-07-31T15:06:00.000+05:30","dine-in","Walk-in Guest","","","upi","581","29","0","610","completed","Restaurant Order (1)"
"1183","1183","2026-07-31T15:03:00.000+05:30","dine-in","Walk-in Guest","","","upi","398","20","0","418","completed","Restaurant Order (1)"
"1182","1182","2026-07-31T14:45:00.000+05:30","takeaway","Walk-in Guest","","","upi","210","11","0","221","completed","Restaurant Order (1)"
"1181","1181","2026-07-31T14:15:00.000+05:30","dine-in","Walk-in Guest","","","upi","248","12","0","260","completed","Restaurant Order (1)"
"1180","1180","2026-07-31T13:40:00.000+05:30","dine-in","Walk-in Guest","","","upi","333","17","0","350","completed","Restaurant Order (1)"
"1179","1179","2026-07-31T13:05:00.000+05:30","dine-in","Walk-in Guest","","","cash","205","10","0","215","completed","Restaurant Order (1)"
"1178","1178","2026-07-31T12:20:00.000+05:30","dine-in","Walk-in Guest","","","upi","276","14","0","290","completed","Restaurant Order (1)"
"1177","1177","2026-07-31T11:45:00.000+05:30","takeaway","Walk-in Guest","","","upi","305","15","0","320","completed","Restaurant Order (1)"
"1176","1176","2026-07-31T11:15:00.000+05:30","dine-in","Walk-in Guest","","","cash","171","9","0","180","completed","Restaurant Order (1)"
"1175","1175","2026-07-31T10:30:00.000+05:30","dine-in","Walk-in Guest","","","upi","238","12","0","250","completed","Restaurant Order (1)"
"10119","10119","2026-07-30T18:53:47.000+05:30","dine-in","Walk-in Guest","","","cash","183","9","0","192","completed","Cold Coffee Shake (1)"
"10118","10118","2026-07-30T18:46:34.000+05:30","dine-in","Walk-in Guest","","","upi","352","18","0","370","completed","Classic Beef Gyro (1)"
"10117","10117","2026-07-30T18:39:21.000+05:30","takeaway","Walk-in Guest","","","cash","394","20","0","414","completed","Loaded French Fries (1) | Cold Coffee Shake (1)"
"10116","10116","2026-07-30T18:32:08.000+05:30","dine-in","Walk-in Guest","","","upi","423","21","0","444","completed","Crispy Chicken & Dip Combo (1)"
"10121","10121","2026-07-30T18:07:13.000+05:30","dine-in","Walk-in Guest","","","cash","282","14","0","296","completed","Spicy Chicken Gyro (1)"
"10120","10120","2026-07-30T18:00:00.000+05:30","takeaway","Walk-in Guest","","","upi","465","23","0","488","completed","Spicy Chicken Gyro (1) | Cold Coffee Shake (1)"
"10111","10111","2026-07-30T17:57:03.000+05:30","takeaway","Walk-in Guest","","","cash","394","20","0","414","completed","Loaded French Fries (1) | Cold Coffee Shake (1)"
"10102","10102","2026-07-30T17:54:06.000+05:30","takeaway","Walk-in Guest","","","upi","465","23","0","488","completed","Spicy Chicken Gyro (1) | Cold Coffee Shake (1)"
"10110","10110","2026-07-30T17:50:50.000+05:30","delivery","Walk-in Guest","","","upi","423","21","0","444","completed","Crispy Chicken & Dip Combo (1)"
"10101","10101","2026-07-30T17:47:53.000+05:30","dine-in","Walk-in Guest","","","cash","183","9","0","192","completed","Cold Coffee Shake (1)"
"10109","10109","2026-07-30T17:43:37.000+05:30","dine-in","Walk-in Guest","","","cash","282","14","0","296","completed","Spicy Chicken Gyro (1)"
"10100","10100","2026-07-30T17:40:40.000+05:30","delivery","Walk-in Guest","","","upi","352","18","0","370","completed","Classic Beef Gyro (1)"
"10108","10108","2026-07-30T17:36:24.000+05:30","takeaway","Walk-in Guest","","","upi","465","23","0","488","completed","Spicy Chicken Gyro (1) | Cold Coffee Shake (1)"
"10107","10107","2026-07-30T17:29:11.000+05:30","dine-in","Walk-in Guest","","","cash","183","9","0","192","completed","Cold Coffee Shake (1)"
"10115","10115","2026-07-30T17:25:55.000+05:30","delivery","Walk-in Guest","","","cash","282","14","0","296","completed","Spicy Chicken Gyro (1)"
"10106","10106","2026-07-30T17:22:58.000+05:30","dine-in","Walk-in Guest","","","upi","352","18","0","370","completed","Classic Beef Gyro (1)"
"10114","10114","2026-07-30T17:18:42.000+05:30","takeaway","Walk-in Guest","","","upi","465","23","0","488","completed","Spicy Chicken Gyro (1) | Cold Coffee Shake (1)"
"10105","10105","2026-07-30T17:15:45.000+05:30","takeaway","Walk-in Guest","","","cash","394","20","0","414","completed","Loaded French Fries (1) | Cold Coffee Shake (1)"
"10113","10113","2026-07-30T17:11:29.000+05:30","dine-in","Walk-in Guest","","","cash","183","9","0","192","completed","Cold Coffee Shake (1)"
"10104","10104","2026-07-30T17:08:32.000+05:30","dine-in","Walk-in Guest","","","upi","423","21","0","444","completed","Crispy Chicken & Dip Combo (1)"
"10112","10112","2026-07-30T17:04:16.000+05:30","dine-in","Walk-in Guest","","","upi","352","18","0","370","completed","Classic Beef Gyro (1)"
"10103","10103","2026-07-30T17:01:19.000+05:30","dine-in","Walk-in Guest","","","cash","282","14","0","296","completed","Spicy Chicken Gyro (1)"
"10094","10094","2026-07-30T16:58:22.000+05:30","dine-in","Walk-in Guest","","","upi","352","18","0","370","completed","Classic Beef Gyro (1)"
"10085","10085","2026-07-30T16:55:25.000+05:30","delivery","Walk-in Guest","","","cash","282","14","0","296","completed","Spicy Chicken Gyro (1)"
"10093","10093","2026-07-30T16:51:09.000+05:30","takeaway","Walk-in Guest","","","cash","394","20","0","414","completed","Loaded French Fries (1) | Cold Coffee Shake (1)"
"10084","10084","2026-07-30T16:48:12.000+05:30","takeaway","Walk-in Guest","","","upi","465","23","0","488","completed","Spicy Chicken Gyro (1) | Cold Coffee Shake (1)"
"10092","10092","2026-07-30T16:44:56.000+05:30","dine-in","Walk-in Guest","","","upi","423","21","0","444","completed","Crispy Chicken & Dip Combo (1)"
"10083","10083","2026-07-30T16:41:59.000+05:30","dine-in","Walk-in Guest","","","cash","183","9","0","192","completed","Cold Coffee Shake (1)"
"10091","10091","2026-07-30T16:37:43.000+05:30","dine-in","Walk-in Guest","","","cash","282","14","0","296","completed","Spicy Chicken Gyro (1)"
"10099","10099","2026-07-30T16:33:27.000+05:30","takeaway","Walk-in Guest","","","cash","394","20","0","414","completed","Loaded French Fries (1) | Cold Coffee Shake (1)"
"10090","10090","2026-07-30T16:30:30.000+05:30","takeaway","Walk-in Guest","","","upi","465","23","0","488","completed","Spicy Chicken Gyro (1) | Cold Coffee Shake (1)"
"10098","10098","2026-07-30T16:26:14.000+05:30","dine-in","Walk-in Guest","","","upi","423","21","0","444","completed","Crispy Chicken & Dip Combo (1)"
"10089","10089","2026-07-30T16:23:17.000+05:30","dine-in","Walk-in Guest","","","cash","183","9","0","192","completed","Cold Coffee Shake (1)"
"10097","10097","2026-07-30T16:19:01.000+05:30","dine-in","Walk-in Guest","","","cash","282","14","0","296","completed","Spicy Chicken Gyro (1)"
"10088","10088","2026-07-30T16:16:04.000+05:30","dine-in","Walk-in Guest","","","upi","352","18","0","370","completed","Classic Beef Gyro (1)"
"10096","10096","2026-07-30T16:12:48.000+05:30","takeaway","Walk-in Guest","","","upi","465","23","0","488","completed","Spicy Chicken Gyro (1) | Cold Coffee Shake (1)"
"10087","10087","2026-07-30T16:09:51.000+05:30","takeaway","Walk-in Guest","","","cash","394","20","0","414","completed","Loaded French Fries (1) | Cold Coffee Shake (1)"
"10095","10095","2026-07-30T16:05:35.000+05:30","delivery","Walk-in Guest","","","cash","183","9","0","192","completed","Cold Coffee Shake (1)"
"10086","10086","2026-07-30T16:02:38.000+05:30","dine-in","Walk-in Guest","","","upi","423","21","0","444","completed","Crispy Chicken & Dip Combo (1)"
"10077","10077","2026-07-30T15:59:41.000+05:30","dine-in","Walk-in Guest","","","cash","183","9","0","192","completed","Cold Coffee Shake (1)"
"10068","10068","2026-07-30T15:56:44.000+05:30","dine-in","Walk-in Guest","","","upi","423","21","0","444","completed","Crispy Chicken & Dip Combo (1)"
"10076","10076","2026-07-30T15:52:28.000+05:30","dine-in","Walk-in Guest","","","upi","352","18","0","370","completed","Classic Beef Gyro (1)"
"10067","10067","2026-07-30T15:49:31.000+05:30","dine-in","Walk-in Guest","","","cash","282","14","0","296","completed","Spicy Chicken Gyro (1)"
"10075","10075","2026-07-30T15:45:15.000+05:30","takeaway","Walk-in Guest","","","cash","394","20","0","414","completed","Loaded French Fries (1) | Cold Coffee Shake (1)"
"10074","10074","2026-07-30T15:38:02.000+05:30","dine-in","Walk-in Guest","","","upi","423","21","0","444","completed","Crispy Chicken & Dip Combo (1)"
"10082","10082","2026-07-30T15:34:46.000+05:30","dine-in","Walk-in Guest","","","upi","352","18","0","370","completed","Classic Beef Gyro (1)"
"10073","10073","2026-07-30T15:31:49.000+05:30","dine-in","Walk-in Guest","","","cash","282","14","0","296","completed","Spicy Chicken Gyro (1)"
"10081","10081","2026-07-30T15:27:33.000+05:30","takeaway","Walk-in Guest","","","cash","394","20","0","414","completed","Loaded French Fries (1) | Cold Coffee Shake (1)"
"10072","10072","2026-07-30T15:24:36.000+05:30","takeaway","Walk-in Guest","","","upi","465","23","0","488","completed","Spicy Chicken Gyro (1) | Cold Coffee Shake (1)"
"10080","10080","2026-07-30T15:20:20.000+05:30","delivery","Walk-in Guest","","","upi","423","21","0","444","completed","Crispy Chicken & Dip Combo (1)"
"10071","10071","2026-07-30T15:17:23.000+05:30","dine-in","Walk-in Guest","","","cash","183","9","0","192","completed","Cold Coffee Shake (1)"
"10079","10079","2026-07-30T15:13:07.000+05:30","dine-in","Walk-in Guest","","","cash","282","14","0","296","completed","Spicy Chicken Gyro (1)"
"10070","10070","2026-07-30T15:10:10.000+05:30","delivery","Walk-in Guest","","","upi","352","18","0","370","completed","Classic Beef Gyro (1)"
"10078","10078","2026-07-30T15:06:54.000+05:30","takeaway","Walk-in Guest","","","upi","465","23","0","488","completed","Spicy Chicken Gyro (1) | Cold Coffee Shake (1)"
"10069","10069","2026-07-30T15:03:57.000+05:30","takeaway","Walk-in Guest","","","cash","394","20","0","414","completed","Loaded French Fries (1) | Cold Coffee Shake (1)"
"10066","10066","2026-07-30T14:42:18.000+05:30","takeaway","Walk-in Guest","","","upi","465","23","0","488","completed","Spicy Chicken Gyro (1) | Cold Coffee Shake (1)"
"10065","10065","2026-07-30T14:35:05.000+05:30","delivery","Walk-in Guest","","","cash","183","9","0","192","completed","Cold Coffee Shake (1)"
"10064","10064","2026-07-30T14:28:52.000+05:30","dine-in","Walk-in Guest","","","upi","352","18","0","370","completed","Classic Beef Gyro (1)"
"10063","10063","2026-07-30T14:21:39.000+05:30","takeaway","Walk-in Guest","","","cash","394","20","0","414","completed","Loaded French Fries (1) | Cold Coffee Shake (1)"
"10062","10062","2026-07-30T14:14:26.000+05:30","dine-in","Walk-in Guest","","","upi","423","21","0","444","completed","Crispy Chicken & Dip Combo (1)"
"10061","10061","2026-07-30T14:07:13.000+05:30","dine-in","Walk-in Guest","","","cash","282","14","0","296","completed","Spicy Chicken Gyro (1)"
"10310","10310","2026-07-29T22:59:41.000+05:30","dine-in","Walk-in Guest","","","cash","344","17","0","361","completed","Classic Beef Gyro (1)"
"10309","10309","2026-07-29T21:52:28.000+05:30","dine-in","Walk-in Guest","","","upi","388","19","0","407","completed","Loaded French Fries (1) | Cold Coffee Shake (1)"
"10308","10308","2026-07-29T21:45:15.000+05:30","takeaway","Walk-in Guest","","","cash","417","21","0","438","completed","Crispy Chicken & Dip Combo (1)"
"10307","10307","2026-07-29T21:38:02.000+05:30","dine-in","Walk-in Guest","","","upi","278","14","0","292","completed","Spicy Chicken Gyro (1)"
"10306","10306","2026-07-29T21:31:49.000+05:30","dine-in","Walk-in Guest","","","cash","458","23","0","481","completed","Spicy Chicken Gyro (1) | Cold Coffee Shake (1)"
"10305","10305","2026-07-29T21:24:36.000+05:30","takeaway","Walk-in Guest","","","upi","180","9","0","189","completed","Cold Coffee Shake (1)"
"10304","10304","2026-07-29T21:17:23.000+05:30","dine-in","Walk-in Guest","","","cash","347","17","0","364","completed","Classic Beef Gyro (1)"
"10303","10303","2026-07-29T21:10:10.000+05:30","delivery","Walk-in Guest","","","upi","388","19","0","407","completed","Loaded French Fries (1) | Cold Coffee Shake (1)"
"10301","10301","2026-07-29T20:56:44.000+05:30","dine-in","Walk-in Guest","","","upi","278","14","0","292","completed","Spicy Chicken Gyro (1)"
"10300","10300","2026-07-29T20:49:31.000+05:30","dine-in","Walk-in Guest","","","cash","458","23","0","481","completed","Spicy Chicken Gyro (1) | Cold Coffee Shake (1)"
"10299","10299","2026-07-29T20:42:18.000+05:30","takeaway","Walk-in Guest","","","upi","180","9","0","189","completed","Cold Coffee Shake (1)"
"10298","10298","2026-07-29T20:35:05.000+05:30","delivery","Walk-in Guest","","","cash","347","17","0","364","completed","Classic Beef Gyro (1)"
"10297","10297","2026-07-29T20:28:52.000+05:30","dine-in","Walk-in Guest","","","upi","388","19","0","407","completed","Loaded French Fries (1) | Cold Coffee Shake (1)"
"10296","10296","2026-07-29T20:21:39.000+05:30","takeaway","Walk-in Guest","","","cash","417","21","0","438","completed","Crispy Chicken & Dip Combo (1)"
"10302","10302","2026-07-29T20:03:57.000+05:30","takeaway","Walk-in Guest","","","cash","417","21","0","438","completed","Crispy Chicken & Dip Combo (1)"
"10292","10292","2026-07-29T19:53:47.000+05:30","dine-in","Walk-in Guest","","","cash","347","17","0","364","completed","Classic Beef Gyro (1)"
"10291","10291","2026-07-29T19:46:34.000+05:30","dine-in","Walk-in Guest","","","upi","388","19","0","407","completed","Loaded French Fries (1) | Cold Coffee Shake (1)"
"10290","10290","2026-07-29T19:39:21.000+05:30","takeaway","Walk-in Guest","","","cash","417","21","0","438","completed","Crispy Chicken & Dip Combo (1)"
"10289","10289","2026-07-29T19:32:08.000+05:30","dine-in","Walk-in Guest","","","upi","278","14","0","292","completed","Spicy Chicken Gyro (1)"
"10295","10295","2026-07-29T19:14:26.000+05:30","dine-in","Walk-in Guest","","","upi","278","14","0","292","completed","Spicy Chicken Gyro (1)"
"10294","10294","2026-07-29T19:07:13.000+05:30","dine-in","Walk-in Guest","","","cash","458","23","0","481","completed","Spicy Chicken Gyro (1) | Cold Coffee Shake (1)"
"10293","10293","2026-07-29T19:00:00.000+05:30","takeaway","Walk-in Guest","","","upi","180","9","0","189","completed","Cold Coffee Shake (1)"
"10284","10284","2026-07-29T18:57:03.000+05:30","takeaway","Walk-in Guest","","","cash","417","21","0","438","completed","Crispy Chicken & Dip Combo (1)"
"10283","10283","2026-07-29T18:50:50.000+05:30","delivery","Walk-in Guest","","","upi","278","14","0","292","completed","Spicy Chicken Gyro (1)"
"10282","10282","2026-07-29T18:43:37.000+05:30","dine-in","Walk-in Guest","","","cash","458","23","0","481","completed","Spicy Chicken Gyro (1) | Cold Coffee Shake (1)"
"10288","10288","2026-07-29T18:25:55.000+05:30","delivery","Walk-in Guest","","","cash","458","23","0","481","completed","Spicy Chicken Gyro (1) | Cold Coffee Shake (1)"
"10287","10287","2026-07-29T18:18:42.000+05:30","takeaway","Walk-in Guest","","","upi","180","9","0","189","completed","Cold Coffee Shake (1)"
"10286","10286","2026-07-29T18:11:29.000+05:30","dine-in","Walk-in Guest","","","cash","347","17","0","364","completed","Classic Beef Gyro (1)"
"10285","10285","2026-07-29T18:04:16.000+05:30","dine-in","Walk-in Guest","","","upi","388","19","0","407","completed","Loaded French Fries (1) | Cold Coffee Shake (1)"
"10275","10275","2026-07-29T17:54:06.000+05:30","takeaway","Walk-in Guest","","","upi","180","9","0","189","completed","Cold Coffee Shake (1)"
"10281","10281","2026-07-29T17:36:24.000+05:30","takeaway","Walk-in Guest","","","upi","180","9","0","189","completed","Cold Coffee Shake (1)"
"10280","10280","2026-07-29T17:29:11.000+05:30","dine-in","Walk-in Guest","","","cash","347","17","0","364","completed","Classic Beef Gyro (1)"
"10279","10279","2026-07-29T17:22:58.000+05:30","dine-in","Walk-in Guest","","","upi","388","19","0","407","completed","Loaded French Fries (1) | Cold Coffee Shake (1)"
"10278","10278","2026-07-29T17:15:45.000+05:30","takeaway","Walk-in Guest","","","cash","417","21","0","438","completed","Crispy Chicken & Dip Combo (1)"
"10277","10277","2026-07-29T17:08:32.000+05:30","dine-in","Walk-in Guest","","","upi","278","14","0","292","completed","Spicy Chicken Gyro (1)"
"10276","10276","2026-07-29T17:01:19.000+05:30","dine-in","Walk-in Guest","","","cash","458","23","0","481","completed","Spicy Chicken Gyro (1) | Cold Coffee Shake (1)"
"10274","10274","2026-07-29T16:47:53.000+05:30","dine-in","Walk-in Guest","","","cash","347","17","0","364","completed","Classic Beef Gyro (1)"
"10273","10273","2026-07-29T16:40:40.000+05:30","delivery","Walk-in Guest","","","upi","388","19","0","407","completed","Loaded French Fries (1) | Cold Coffee Shake (1)"
"10272","10272","2026-07-29T16:33:27.000+05:30","takeaway","Walk-in Guest","","","cash","417","21","0","438","completed","Crispy Chicken & Dip Combo (1)"
"10271","10271","2026-07-29T16:26:14.000+05:30","dine-in","Walk-in Guest","","","upi","278","14","0","292","completed","Spicy Chicken Gyro (1)"
"10270","10270","2026-07-29T16:19:01.000+05:30","dine-in","Walk-in Guest","","","cash","458","23","0","481","completed","Spicy Chicken Gyro (1) | Cold Coffee Shake (1)"
"10269","10269","2026-07-29T16:12:48.000+05:30","takeaway","Walk-in Guest","","","upi","180","9","0","189","completed","Cold Coffee Shake (1)"
"10268","10268","2026-07-29T16:05:35.000+05:30","delivery","Walk-in Guest","","","cash","347","17","0","364","completed","Classic Beef Gyro (1)"
"10267","10267","2026-07-29T15:58:22.000+05:30","dine-in","Walk-in Guest","","","upi","388","19","0","407","completed","Loaded French Fries (1) | Cold Coffee Shake (1)"
"10266","10266","2026-07-29T15:51:09.000+05:30","takeaway","Walk-in Guest","","","cash","417","21","0","438","completed","Crispy Chicken & Dip Combo (1)"
"10265","10265","2026-07-29T15:44:56.000+05:30","dine-in","Walk-in Guest","","","upi","278","14","0","292","completed","Spicy Chicken Gyro (1)"
"10264","10264","2026-07-29T15:37:43.000+05:30","dine-in","Walk-in Guest","","","cash","458","23","0","481","completed","Spicy Chicken Gyro (1) | Cold Coffee Shake (1)"
"10263","10263","2026-07-29T15:30:30.000+05:30","takeaway","Walk-in Guest","","","upi","180","9","0","189","completed","Cold Coffee Shake (1)"
"10262","10262","2026-07-29T15:23:17.000+05:30","dine-in","Walk-in Guest","","","cash","347","17","0","364","completed","Classic Beef Gyro (1)"
"10261","10261","2026-07-29T15:16:04.000+05:30","dine-in","Walk-in Guest","","","upi","388","19","0","407","completed","Loaded French Fries (1) | Cold Coffee Shake (1)"
"10258","10258","2026-07-29T14:55:25.000+05:30","delivery","Walk-in Guest","","","cash","458","23","0","481","completed","Spicy Chicken Gyro (1) | Cold Coffee Shake (1)"
"10257","10257","2026-07-29T14:48:12.000+05:30","takeaway","Walk-in Guest","","","upi","180","9","0","189","completed","Cold Coffee Shake (1)"
"10256","10256","2026-07-29T14:41:59.000+05:30","dine-in","Walk-in Guest","","","cash","347","17","0","364","completed","Classic Beef Gyro (1)"
"10255","10255","2026-07-29T14:34:46.000+05:30","dine-in","Walk-in Guest","","","upi","388","19","0","407","completed","Loaded French Fries (1) | Cold Coffee Shake (1)"
"10254","10254","2026-07-29T14:27:33.000+05:30","takeaway","Walk-in Guest","","","cash","417","21","0","438","completed","Crispy Chicken & Dip Combo (1)"
"10260","10260","2026-07-29T14:09:51.000+05:30","takeaway","Walk-in Guest","","","cash","417","21","0","438","completed","Crispy Chicken & Dip Combo (1)"
"10259","10259","2026-07-29T14:02:38.000+05:30","dine-in","Walk-in Guest","","","upi","278","14","0","292","completed","Spicy Chicken Gyro (1)"
"10250","10250","2026-07-29T13:59:41.000+05:30","dine-in","Walk-in Guest","","","cash","347","17","0","364","completed","Classic Beef Gyro (1)"
"10249","10249","2026-07-29T13:52:28.000+05:30","dine-in","Walk-in Guest","","","upi","388","19","0","407","completed","Loaded French Fries (1) | Cold Coffee Shake (1)"
"10248","10248","2026-07-29T13:45:15.000+05:30","takeaway","Walk-in Guest","","","cash","417","21","0","438","completed","Crispy Chicken & Dip Combo (1)"
"10247","10247","2026-07-29T13:38:02.000+05:30","dine-in","Walk-in Guest","","","upi","278","14","0","292","completed","Spicy Chicken Gyro (1)"
"10253","10253","2026-07-29T13:20:20.000+05:30","delivery","Walk-in Guest","","","upi","278","14","0","292","completed","Spicy Chicken Gyro (1)"
"10252","10252","2026-07-29T13:13:07.000+05:30","dine-in","Walk-in Guest","","","cash","458","23","0","481","completed","Spicy Chicken Gyro (1) | Cold Coffee Shake (1)"
"10251","10251","2026-07-29T13:06:54.000+05:30","takeaway","Walk-in Guest","","","upi","180","9","0","189","completed","Cold Coffee Shake (1)"
"10241","10241","2026-07-29T12:56:44.000+05:30","dine-in","Walk-in Guest","","","upi","278","14","0","292","completed","Spicy Chicken Gyro (1)"
"10240","10240","2026-07-29T12:49:31.000+05:30","dine-in","Walk-in Guest","","","cash","458","23","0","481","completed","Spicy Chicken Gyro (1) | Cold Coffee Shake (1)"
"10246","10246","2026-07-29T12:31:49.000+05:30","dine-in","Walk-in Guest","","","cash","458","23","0","481","completed","Spicy Chicken Gyro (1) | Cold Coffee Shake (1)"
"10245","10245","2026-07-29T12:24:36.000+05:30","takeaway","Walk-in Guest","","","upi","180","9","0","189","completed","Cold Coffee Shake (1)"
"10244","10244","2026-07-29T12:17:23.000+05:30","dine-in","Walk-in Guest","","","cash","347","17","0","364","completed","Classic Beef Gyro (1)"
"10243","10243","2026-07-29T12:10:10.000+05:30","delivery","Walk-in Guest","","","upi","388","19","0","407","completed","Loaded French Fries (1) | Cold Coffee Shake (1)"
"10242","10242","2026-07-29T12:03:57.000+05:30","takeaway","Walk-in Guest","","","cash","417","21","0","438","completed","Crispy Chicken & Dip Combo (1)"
"10239","10239","2026-07-29T11:42:18.000+05:30","takeaway","Walk-in Guest","","","upi","180","9","0","189","completed","Cold Coffee Shake (1)"
"10238","10238","2026-07-29T11:35:05.000+05:30","delivery","Walk-in Guest","","","cash","347","17","0","364","completed","Classic Beef Gyro (1)"
"10237","10237","2026-07-29T11:28:52.000+05:30","dine-in","Walk-in Guest","","","upi","388","19","0","407","completed","Loaded French Fries (1) | Cold Coffee Shake (1)"
"10236","10236","2026-07-29T11:21:39.000+05:30","takeaway","Walk-in Guest","","","cash","417","21","0","438","completed","Crispy Chicken & Dip Combo (1)"
"10235","10235","2026-07-29T11:14:26.000+05:30","dine-in","Walk-in Guest","","","upi","278","14","0","292","completed","Spicy Chicken Gyro (1)"
"10234","10234","2026-07-29T11:07:13.000+05:30","dine-in","Walk-in Guest","","","cash","458","23","0","481","completed","Spicy Chicken Gyro (1) | Cold Coffee Shake (1)"
"10233","10233","2026-07-28T22:57:03.000+05:30","takeaway","Walk-in Guest","","","cash","166","9","0","175","completed","Cold Coffee Shake (1)"
"10232","10232","2026-07-28T21:50:50.000+05:30","delivery","Walk-in Guest","","","upi","351","18","0","369","completed","Classic Beef Gyro (1)"
"10231","10231","2026-07-28T21:43:37.000+05:30","dine-in","Walk-in Guest","","","cash","392","20","0","412","completed","Loaded French Fries (1) | Cold Coffee Shake (1)"
"10230","10230","2026-07-28T21:36:24.000+05:30","takeaway","Walk-in Guest","","","upi","421","21","0","442","completed","Crispy Chicken & Dip Combo (1)"
"10229","10229","2026-07-28T21:29:11.000+05:30","dine-in","Walk-in Guest","","","cash","280","14","0","294","completed","Spicy Chicken Gyro (1)"
"10224","10224","2026-07-28T20:54:06.000+05:30","takeaway","Walk-in Guest","","","upi","421","21","0","442","completed","Crispy Chicken & Dip Combo (1)"
"10228","10228","2026-07-28T20:22:58.000+05:30","dine-in","Walk-in Guest","","","upi","462","23","0","485","completed","Spicy Chicken Gyro (1) | Cold Coffee Shake (1)"
"10227","10227","2026-07-28T20:15:45.000+05:30","takeaway","Walk-in Guest","","","cash","182","9","0","191","completed","Cold Coffee Shake (1)"
"10226","10226","2026-07-28T20:08:32.000+05:30","dine-in","Walk-in Guest","","","upi","351","18","0","369","completed","Classic Beef Gyro (1)"
"10225","10225","2026-07-28T20:01:19.000+05:30","dine-in","Walk-in Guest","","","cash","392","20","0","412","completed","Loaded French Fries (1) | Cold Coffee Shake (1)"
"10223","10223","2026-07-28T19:47:53.000+05:30","dine-in","Walk-in Guest","","","cash","280","14","0","294","completed","Spicy Chicken Gyro (1)"
"10222","10222","2026-07-28T19:40:40.000+05:30","delivery","Walk-in Guest","","","upi","462","23","0","485","completed","Spicy Chicken Gyro (1) | Cold Coffee Shake (1)"
"10221","10221","2026-07-28T19:33:27.000+05:30","takeaway","Walk-in Guest","","","cash","182","9","0","191","completed","Cold Coffee Shake (1)"
"10220","10220","2026-07-28T19:26:14.000+05:30","dine-in","Walk-in Guest","","","upi","351","18","0","369","completed","Classic Beef Gyro (1)"
"10216","10216","2026-07-28T18:58:22.000+05:30","dine-in","Walk-in Guest","","","upi","462","23","0","485","completed","Spicy Chicken Gyro (1) | Cold Coffee Shake (1)"
"10215","10215","2026-07-28T18:51:09.000+05:30","takeaway","Walk-in Guest","","","cash","182","9","0","191","completed","Cold Coffee Shake (1)"
"10219","10219","2026-07-28T18:19:01.000+05:30","dine-in","Walk-in Guest","","","cash","392","20","0","412","completed","Loaded French Fries (1) | Cold Coffee Shake (1)"
"10218","10218","2026-07-28T18:12:48.000+05:30","takeaway","Walk-in Guest","","","upi","421","21","0","442","completed","Crispy Chicken & Dip Combo (1)"
"10217","10217","2026-07-28T18:05:35.000+05:30","delivery","Walk-in Guest","","","cash","280","14","0","294","completed","Spicy Chicken Gyro (1)"
"10214","10214","2026-07-28T17:44:56.000+05:30","dine-in","Walk-in Guest","","","upi","351","18","0","369","completed","Classic Beef Gyro (1)"
"10213","10213","2026-07-28T17:37:43.000+05:30","dine-in","Walk-in Guest","","","cash","392","20","0","412","completed","Loaded French Fries (1) | Cold Coffee Shake (1)"
"10212","10212","2026-07-28T17:30:30.000+05:30","takeaway","Walk-in Guest","","","upi","421","21","0","442","completed","Crispy Chicken & Dip Combo (1)"
"10211","10211","2026-07-28T17:23:17.000+05:30","dine-in","Walk-in Guest","","","cash","280","14","0","294","completed","Spicy Chicken Gyro (1)"
"10210","10210","2026-07-28T17:16:04.000+05:30","dine-in","Walk-in Guest","","","upi","462","23","0","485","completed","Spicy Chicken Gyro (1) | Cold Coffee Shake (1)"
"10207","10207","2026-07-28T16:55:25.000+05:30","delivery","Walk-in Guest","","","cash","392","20","0","412","completed","Loaded French Fries (1) | Cold Coffee Shake (1)"
"10206","10206","2026-07-28T16:48:12.000+05:30","takeaway","Walk-in Guest","","","upi","421","21","0","442","completed","Crispy Chicken & Dip Combo (1)"
"10209","10209","2026-07-28T16:09:51.000+05:30","takeaway","Walk-in Guest","","","cash","182","9","0","191","completed","Cold Coffee Shake (1)"
"10208","10208","2026-07-28T16:02:38.000+05:30","dine-in","Walk-in Guest","","","upi","351","18","0","369","completed","Classic Beef Gyro (1)"
"10205","10205","2026-07-28T15:41:59.000+05:30","dine-in","Walk-in Guest","","","cash","280","14","0","294","completed","Spicy Chicken Gyro (1)"
"10204","10204","2026-07-28T15:34:46.000+05:30","dine-in","Walk-in Guest","","","upi","462","23","0","485","completed","Spicy Chicken Gyro (1) | Cold Coffee Shake (1)"
"10203","10203","2026-07-28T15:27:33.000+05:30","takeaway","Walk-in Guest","","","cash","182","9","0","191","completed","Cold Coffee Shake (1)"
"10202","10202","2026-07-28T15:20:20.000+05:30","delivery","Walk-in Guest","","","upi","351","18","0","369","completed","Classic Beef Gyro (1)"
"10201","10201","2026-07-28T15:13:07.000+05:30","dine-in","Walk-in Guest","","","cash","392","20","0","412","completed","Loaded French Fries (1) | Cold Coffee Shake (1)"
"10199","10199","2026-07-28T14:59:41.000+05:30","dine-in","Walk-in Guest","","","cash","280","14","0","294","completed","Spicy Chicken Gyro (1)"
"10198","10198","2026-07-28T14:52:28.000+05:30","dine-in","Walk-in Guest","","","upi","462","23","0","485","completed","Spicy Chicken Gyro (1) | Cold Coffee Shake (1)"
"10197","10197","2026-07-28T14:45:15.000+05:30","takeaway","Walk-in Guest","","","cash","182","9","0","191","completed","Cold Coffee Shake (1)"
"10196","10196","2026-07-28T14:38:02.000+05:30","dine-in","Walk-in Guest","","","upi","351","18","0","369","completed","Classic Beef Gyro (1)"
"10200","10200","2026-07-28T14:06:54.000+05:30","takeaway","Walk-in Guest","","","upi","421","21","0","442","completed","Crispy Chicken & Dip Combo (1)"
"10195","10195","2026-07-28T13:31:49.000+05:30","dine-in","Walk-in Guest","","","cash","392","20","0","412","completed","Loaded French Fries (1) | Cold Coffee Shake (1)"
"10194","10194","2026-07-28T13:24:36.000+05:30","takeaway","Walk-in Guest","","","upi","421","21","0","442","completed","Crispy Chicken & Dip Combo (1)"
"10193","10193","2026-07-28T13:17:23.000+05:30","dine-in","Walk-in Guest","","","cash","280","14","0","294","completed","Spicy Chicken Gyro (1)"
"10192","10192","2026-07-28T13:10:10.000+05:30","delivery","Walk-in Guest","","","upi","462","23","0","485","completed","Spicy Chicken Gyro (1) | Cold Coffee Shake (1)"
"10190","10190","2026-07-28T12:56:44.000+05:30","dine-in","Walk-in Guest","","","upi","351","18","0","369","completed","Classic Beef Gyro (1)"
"10189","10189","2026-07-28T12:49:31.000+05:30","dine-in","Walk-in Guest","","","cash","392","20","0","412","completed","Loaded French Fries (1) | Cold Coffee Shake (1)"
"10188","10188","2026-07-28T12:42:18.000+05:30","takeaway","Walk-in Guest","","","upi","421","21","0","442","completed","Crispy Chicken & Dip Combo (1)"
"10187","10187","2026-07-28T12:35:05.000+05:30","delivery","Walk-in Guest","","","cash","280","14","0","294","completed","Spicy Chicken Gyro (1)"
"10191","10191","2026-07-28T12:03:57.000+05:30","takeaway","Walk-in Guest","","","cash","182","9","0","191","completed","Cold Coffee Shake (1)"
"10186","10186","2026-07-28T11:28:52.000+05:30","dine-in","Walk-in Guest","","","upi","462","23","0","485","completed","Spicy Chicken Gyro (1) | Cold Coffee Shake (1)"
"10185","10185","2026-07-28T11:21:39.000+05:30","takeaway","Walk-in Guest","","","cash","182","9","0","191","completed","Cold Coffee Shake (1)"
"10184","10184","2026-07-28T11:14:26.000+05:30","dine-in","Walk-in Guest","","","upi","351","18","0","369","completed","Classic Beef Gyro (1)"
"10183","10183","2026-07-28T11:07:13.000+05:30","dine-in","Walk-in Guest","","","cash","392","20","0","412","completed","Loaded French Fries (1) | Cold Coffee Shake (1)"
"ORD-1146","1146","2026-07-27T22:55:25.000Z","dine-in","Walk-in Guest","","Table 2","upi","193","10","0","203","completed","Butterfly Pea Kombucha (1)"
"ORD-1145","1145","2026-07-27T22:48:12.000Z","dine-in","Walk-in Guest","","Table 1","cash","270","13","0","283","completed","Peri Peri Dip (1)"
"ORD-1144","1144","2026-07-27T22:41:59.000Z","dine-in","Walk-in Guest","","Table 12","wallet","479","24","0","503","completed","Peri Peri Dip (1)"
"ORD-1143","1143","2026-07-27T22:34:46.000Z","dine-in","Walk-in Guest","","Table 11","card","317","16","0","333","completed","Signature Gyro - Paneer (Signature) (1)"
"ORD-1142","1142","2026-07-27T22:27:33.000Z","dine-in","Walk-in Guest","","Table 10","upi","241","12","0","253","completed","Duo Gyro Feast (1)"
"ORD-1150","1150","2026-07-27T22:23:17.000Z","dine-in","Walk-in Guest","","Table 6","upi","431","22","0","453","completed","3 Pc Strips (1 Dip) (1)"
"ORD-1141","1141","2026-07-27T22:20:20.000Z","dine-in","Walk-in Guest","","Table 9","cash","289","14","0","303","completed","Coca-Cola (Large) (1)"
"ORD-1149","1149","2026-07-27T22:16:04.000Z","dine-in","Walk-in Guest","","Table 5","cash","365","18","0","383","completed","Creamy Gyro - Chicken (1)"
"ORD-1148","1148","2026-07-27T22:09:51.000Z","dine-in","Walk-in Guest","","Table 4","wallet","479","24","0","503","completed","Spicy Mayo Dip (1)"
"ORD-1147","1147","2026-07-27T22:02:38.000Z","dine-in","Walk-in Guest","","Table 3","card","193","10","0","203","completed","Signature Salad (Chicken) (1)"
"ORD-1138","1138","2026-07-27T21:59:41.000Z","dine-in","Walk-in Guest","","Table 6","upi","241","12","0","253","completed","2 Pc Leg & Thigh (1 Dip) (1)"
"ORD-1137","1137","2026-07-27T21:52:28.000Z","dine-in","Walk-in Guest","","Table 5","cash","365","18","0","383","completed","3 Pc Strips (1 Dip) (1)"
"ORD-1136","1136","2026-07-27T21:45:15.000Z","dine-in","Walk-in Guest","","Table 4","wallet","289","14","0","303","completed","Peri Peri Fries (1)"
"ORD-1135","1135","2026-07-27T21:38:02.000Z","dine-in","Walk-in Guest","","Table 3","card","384","19","0","403","completed","Loaded Chicken Fries (1)"
"ORD-1134","1134","2026-07-27T21:31:49.000Z","dine-in","Walk-in Guest","","Table 2","upi","317","16","0","333","completed","Peri Peri Gyro - Chicken (1)"
"ORD-1133","1133","2026-07-27T21:24:36.000Z","dine-in","Walk-in Guest","","Table 1","cash","270","13","0","283","completed","Creamy Gyro - Paneer (Signature) (1)"
"ORD-1132","1132","2026-07-27T21:17:23.000Z","dine-in","Walk-in Guest","","Table 12","wallet","317","16","0","333","completed","Kunafa Pistachio Shake (Regular) (1)"
"ORD-1140","1140","2026-07-27T21:13:07.000Z","dine-in","Walk-in Guest","","Table 8","wallet","336","17","0","353","completed","Signature Tea (1)"
"ORD-1131","1131","2026-07-27T21:10:10.000Z","dine-in","Walk-in Guest","","Table 11","card","241","12","0","253","completed","Jalapeno Cheese Dip (1)"
"ORD-1139","1139","2026-07-27T21:06:54.000Z","dine-in","Walk-in Guest","","Table 7","card","412","21","0","433","completed","Double Crunch Box (1)"
"ORD-1129","1129","2026-07-27T20:56:44.000Z","dine-in","Walk-in Guest","","Table 9","cash","479","24","0","503","completed","Peri Peri Gyro - Chicken (Signature) (1)"
"ORD-1128","1128","2026-07-27T20:49:31.000Z","dine-in","Walk-in Guest","","Table 8","wallet","317","16","0","333","completed","Creamy Gyro - Paneer (Signature) (1)"
"ORD-1127","1127","2026-07-27T20:42:18.000Z","dine-in","Walk-in Guest","","Table 7","card","289","14","0","303","completed","Spicy Mayo Dip (1)"
"ORD-1126","1126","2026-07-27T20:35:05.000Z","dine-in","Walk-in Guest","","Table 6","upi","193","10","0","203","completed","Signature Gyro - Paneer (1)"
"ORD-1125","1125","2026-07-27T20:28:52.000Z","dine-in","Walk-in Guest","","Table 5","cash","384","19","0","403","completed","Den's Party Meal (1)"
"ORD-1124","1124","2026-07-27T20:21:39.000Z","dine-in","Walk-in Guest","","Table 4","wallet","336","17","0","353","completed","Salted Fries (1)"
"ORD-1123","1123","2026-07-27T20:14:26.000Z","dine-in","Walk-in Guest","","Table 3","card","527","26","0","553","completed","BBQ Gyro - Paneer (Signature) (1)"
"ORD-1122","1122","2026-07-27T20:07:13.000Z","dine-in","Walk-in Guest","","Table 2","upi","412","21","0","433","completed","Lime Ice Tea (Large) (1)"
"ORD-1130","1130","2026-07-27T20:03:57.000Z","dine-in","Walk-in Guest","","Table 10","upi","336","17","0","353","completed","Peri Peri Fries (1)"
"ORD-1121","1121","2026-07-27T20:00:00.000Z","dine-in","Walk-in Guest","","Table 1","cash","412","21","0","433","completed","Mint Kombucha (1)"
"ORD-1112","1112","2026-07-27T19:57:03.000Z","dine-in","Walk-in Guest","","Table 4","wallet","384","19","0","403","completed","Strawberry Shake (Regular) (1)"
"ORD-1120","1120","2026-07-27T19:53:47.000Z","dine-in","Walk-in Guest","","Table 12","wallet","193","10","0","203","completed","Honey Mustard Dip (1)"
"ORD-1111","1111","2026-07-27T19:50:50.000Z","dine-in","Walk-in Guest","","Table 3","card","412","21","0","433","completed","Chocolate Brownie (1)"
"ORD-1119","1119","2026-07-27T19:46:34.000Z","dine-in","Walk-in Guest","","Table 11","card","241","12","0","253","completed","Sprite (Large) (1)"
"ORD-1118","1118","2026-07-27T19:39:21.000Z","dine-in","Walk-in Guest","","Table 10","upi","365","18","0","383","completed","Mint Kombucha (1)"
"ORD-1117","1117","2026-07-27T19:32:08.000Z","dine-in","Walk-in Guest","","Table 9","cash","336","17","0","353","completed","Salad - Protein Max (Chicken) (1)"
"ORD-1116","1116","2026-07-27T19:25:55.000Z","dine-in","Walk-in Guest","","Table 8","wallet","317","16","0","333","completed","Creamy Gyro - Paneer (1)"
"ORD-1115","1115","2026-07-27T19:18:42.000Z","dine-in","Walk-in Guest","","Table 7","card","270","13","0","283","completed","Peri Peri Gyro - Chicken (Signature) (1)"
"ORD-1114","1114","2026-07-27T19:11:29.000Z","dine-in","Walk-in Guest","","Table 6","upi","241","12","0","253","completed","Peri Peri Gyro - Chicken (Signature) (1)"
"ORD-1113","1113","2026-07-27T19:04:16.000Z","dine-in","Walk-in Guest","","Table 5","cash","270","13","0","283","completed","Signature Gyro - Chicken (1)"
"ORD-1103","1103","2026-07-27T18:54:06.000Z","dine-in","Walk-in Guest","","Table 7","card","431","22","0","453","completed","Peri Peri Gyro - Paneer (1)"
"ORD-1102","1102","2026-07-27T18:47:53.000Z","dine-in","Walk-in Guest","","Table 6","upi","431","22","0","453","completed","60 Pc Wings (12 Dips) (1)"
"ORD-1110","1110","2026-07-27T18:43:37.000Z","dine-in","Walk-in Guest","","Table 2","upi","527","26","0","553","completed","Sprite (Large) (1)"
"ORD-1101","1101","2026-07-27T18:40:40.000Z","dine-in","Walk-in Guest","","Table 5","cash","527","26","0","553","completed","Chocolate Shake (Regular) (1)"
"ORD-1109","1109","2026-07-27T18:36:24.000Z","dine-in","Walk-in Guest","","Table 1","cash","289","14","0","303","completed","Signature Gyro - Chicken (1)"
"ORD-1108","1108","2026-07-27T18:29:11.000Z","dine-in","Walk-in Guest","","Table 12","wallet","270","13","0","283","completed","Chocolate Shake (Regular) (1)"
"ORD-1107","1107","2026-07-27T18:22:58.000Z","dine-in","Walk-in Guest","","Table 11","card","479","24","0","503","completed","Signature Salad (Chicken) (1)"
"ORD-1106","1106","2026-07-27T18:15:45.000Z","dine-in","Walk-in Guest","","Table 10","upi","270","13","0","283","completed","Spicy Gyro - Paneer (1)"
"ORD-1105","1105","2026-07-27T18:08:32.000Z","dine-in","Walk-in Guest","","Table 9","cash","479","24","0","503","completed","Kunafa Pistachio Shake (Regular) (1)"
"ORD-1104","1104","2026-07-27T18:01:19.000Z","dine-in","Walk-in Guest","","Table 8","wallet","384","19","0","403","completed","Peach Ice Tea (Large) (1)"
"ORD-1095","1095","2026-07-27T17:58:22.000Z","dine-in","Walk-in Guest","","Table 11","card","336","17","0","353","completed","Signature Gyro - Paneer (1)"
"ORD-1094","1094","2026-07-27T17:51:09.000Z","dine-in","Walk-in Guest","","Table 10","upi","431","22","0","453","completed","Salad - Protein Max (Chicken) (1)"
"ORD-1093","1093","2026-07-27T17:44:56.000Z","dine-in","Walk-in Guest","","Table 9","cash","193","10","0","203","completed","12 Pc Leg & Thigh (6 Dips) (1)"
"ORD-1092","1092","2026-07-27T17:37:43.000Z","dine-in","Walk-in Guest","","Table 8","wallet","241","12","0","253","completed","Blondie Cake (1)"
"ORD-1100","1100","2026-07-27T17:33:27.000Z","dine-in","Walk-in Guest","","Table 4","wallet","479","24","0","503","completed","Jalapeno Cheese Dip (1)"
"ORD-1091","1091","2026-07-27T17:30:30.000Z","dine-in","Walk-in Guest","","Table 7","card","241","12","0","253","completed","Peach Ice Tea (Large) (1)"
"ORD-1099","1099","2026-07-27T17:26:14.000Z","dine-in","Walk-in Guest","","Table 3","card","241","12","0","253","completed","Honey Mustard Dip (1)"
"ORD-1098","1098","2026-07-27T17:19:01.000Z","dine-in","Walk-in Guest","","Table 2","upi","384","19","0","403","completed","Chocolate Shake (Large) (1)"
"ORD-1097","1097","2026-07-27T17:12:48.000Z","dine-in","Walk-in Guest","","Table 1","cash","527","26","0","553","completed","12 Pc Leg & Thigh (6 Dips) (1)"
"ORD-1096","1096","2026-07-27T17:05:35.000Z","dine-in","Walk-in Guest","","Table 12","wallet","412","21","0","433","completed","Creamy Gyro - Chicken (1)"
"ORD-1086","1086","2026-07-27T16:55:25.000Z","dine-in","Walk-in Guest","","Table 2","upi","270","13","0","283","completed","60 Pc Wings (12 Dips) (1)"
"ORD-1085","1085","2026-07-27T16:48:12.000Z","dine-in","Walk-in Guest","","Table 1","cash","317","16","0","333","completed","Peri Peri Gyro - Chicken (1)"
"10182","10182","2026-07-27T22:14:26.000+05:30","dine-in","Walk-in Guest","","","upi","376","21","0","397","completed","Crispy Chicken & Dip Combo (1)"
"ORD-1084","1084","2026-07-27T16:41:59.000Z","dine-in","Walk-in Guest","","Table 12","wallet","412","21","0","433","completed","Kunafa Pistachio Shake (Large) (1)"
"ORD-1083","1083","2026-07-27T16:34:46.000Z","dine-in","Walk-in Guest","","Table 11","card","384","19","0","403","completed","Hot Chocolate (1)"
"ORD-1082","1082","2026-07-27T16:27:33.000Z","dine-in","Walk-in Guest","","Table 10","upi","270","13","0","283","completed","9 Pc Wings (3 Dips) (1)"
"10171","10171","2026-07-27T21:57:03.000+05:30","takeaway","Walk-in Guest","","","cash","394","20","0","414","completed","Loaded French Fries (1) | Cold Coffee Shake (1)"
"10179","10179","2026-07-27T21:53:47.000+05:30","dine-in","Walk-in Guest","","","cash","183","9","0","192","completed","Cold Coffee Shake (1)"
"ORD-1090","1090","2026-07-27T16:23:17.000Z","dine-in","Walk-in Guest","","Table 6","upi","193","10","0","203","completed","4 Pc Leg & Thigh (2 Dips) (1)"
"10170","10170","2026-07-27T21:50:50.000+05:30","delivery","Walk-in Guest","","","upi","423","21","0","444","completed","Crispy Chicken & Dip Combo (1)"
"ORD-1081","1081","2026-07-27T16:20:20.000Z","dine-in","Walk-in Guest","","Table 9","cash","384","19","0","403","completed","Classic Gyro Meal (1)"
"10178","10178","2026-07-27T21:46:34.000+05:30","dine-in","Walk-in Guest","","","upi","352","18","0","370","completed","Classic Beef Gyro (1)"
"ORD-1089","1089","2026-07-27T16:16:04.000Z","dine-in","Walk-in Guest","","Table 5","cash","479","24","0","503","completed","1 Pc Leg & Thigh (1 Dip) (1)"
"10169","10169","2026-07-27T21:43:37.000+05:30","dine-in","Walk-in Guest","","","cash","282","14","0","296","completed","Spicy Chicken Gyro (1)"
"ORD-1088","1088","2026-07-27T16:09:51.000Z","dine-in","Walk-in Guest","","Table 4","wallet","412","21","0","433","completed","Signature Tea (1)"
"10177","10177","2026-07-27T21:39:21.000+05:30","takeaway","Walk-in Guest","","","cash","394","20","0","414","completed","Loaded French Fries (1) | Cold Coffee Shake (1)"
"10168","10168","2026-07-27T21:36:24.000+05:30","takeaway","Walk-in Guest","","","upi","465","23","0","488","completed","Spicy Chicken Gyro (1) | Cold Coffee Shake (1)"
"ORD-1087","1087","2026-07-27T16:02:38.000Z","dine-in","Walk-in Guest","","Table 3","card","527","26","0","553","completed","12 Pc Leg & Thigh (6 Dips) (1)"
"10176","10176","2026-07-27T21:32:08.000+05:30","dine-in","Walk-in Guest","","","upi","423","21","0","444","completed","Crispy Chicken & Dip Combo (1)"
"ORD-1078","1078","2026-07-27T15:59:41.000Z","dine-in","Walk-in Guest","","Table 6","upi","336","17","0","353","completed","20 Pc Strips (6 Dips) (1)"
"10167","10167","2026-07-27T21:29:11.000+05:30","dine-in","Walk-in Guest","","","cash","183","9","0","192","completed","Cold Coffee Shake (1)"
"10175","10175","2026-07-27T21:25:55.000+05:30","delivery","Walk-in Guest","","","cash","282","14","0","296","completed","Spicy Chicken Gyro (1)"
"10166","10166","2026-07-27T21:22:58.000+05:30","dine-in","Walk-in Guest","","","upi","352","18","0","370","completed","Classic Beef Gyro (1)"
"ORD-1077","1077","2026-07-27T15:52:28.000Z","dine-in","Walk-in Guest","","Table 5","cash","527","26","0","553","completed","Peri Peri Gyro - Paneer (1)"
"10174","10174","2026-07-27T21:18:42.000+05:30","takeaway","Walk-in Guest","","","upi","465","23","0","488","completed","Spicy Chicken Gyro (1) | Cold Coffee Shake (1)"
"ORD-1076","1076","2026-07-27T15:45:15.000Z","dine-in","Walk-in Guest","","Table 4","wallet","479","24","0","503","completed","Gyro - Protein Max (Chicken) (1)"
"10173","10173","2026-07-27T21:11:29.000+05:30","dine-in","Walk-in Guest","","","cash","183","9","0","192","completed","Cold Coffee Shake (1)"
"ORD-1075","1075","2026-07-27T15:38:02.000Z","dine-in","Walk-in Guest","","Table 3","card","365","18","0","383","completed","Honey Mustard Dip (1)"
"10181","10181","2026-07-27T21:07:13.000+05:30","dine-in","Walk-in Guest","","","cash","282","14","0","296","completed","Spicy Chicken Gyro (1)"
"10172","10172","2026-07-27T21:04:16.000+05:30","dine-in","Walk-in Guest","","","upi","352","18","0","370","completed","Classic Beef Gyro (1)"
"ORD-1074","1074","2026-07-27T15:31:49.000Z","dine-in","Walk-in Guest","","Table 2","upi","270","13","0","283","completed","Vanilla Shake (Large) (1)"
"10180","10180","2026-07-27T21:00:00.000+05:30","takeaway","Walk-in Guest","","","upi","465","23","0","488","completed","Spicy Chicken Gyro (1) | Cold Coffee Shake (1)"
"10154","10154","2026-07-27T20:58:22.000+05:30","dine-in","Walk-in Guest","","","upi","352","18","0","370","completed","Classic Beef Gyro (1)"
"ORD-1073","1073","2026-07-27T15:24:36.000Z","dine-in","Walk-in Guest","","Table 1","cash","241","12","0","253","completed","Signature Gyro - Chicken (Signature) (1)"
"10162","10162","2026-07-27T20:54:06.000+05:30","takeaway","Walk-in Guest","","","upi","465","23","0","488","completed","Spicy Chicken Gyro (1) | Cold Coffee Shake (1)"
"10153","10153","2026-07-27T20:51:09.000+05:30","takeaway","Walk-in Guest","","","cash","394","20","0","414","completed","Loaded French Fries (1) | Cold Coffee Shake (1)"
"10161","10161","2026-07-27T20:47:53.000+05:30","dine-in","Walk-in Guest","","","cash","183","9","0","192","completed","Cold Coffee Shake (1)"
"ORD-1072","1072","2026-07-27T15:17:23.000Z","dine-in","Walk-in Guest","","Table 12","wallet","317","16","0","333","completed","BBQ Gyro - Paneer (1)"
"10152","10152","2026-07-27T20:44:56.000+05:30","dine-in","Walk-in Guest","","","upi","423","21","0","444","completed","Crispy Chicken & Dip Combo (1)"
"ORD-1080","1080","2026-07-27T15:13:07.000Z","dine-in","Walk-in Guest","","Table 8","wallet","431","22","0","453","completed","3 Pc Strips (1 Dip) (1)"
"10160","10160","2026-07-27T20:40:40.000+05:30","delivery","Walk-in Guest","","","upi","352","18","0","370","completed","Classic Beef Gyro (1)"
"ORD-1071","1071","2026-07-27T15:10:10.000Z","dine-in","Walk-in Guest","","Table 11","card","270","13","0","283","completed","Chocolate Shake (Large) (1)"
"10151","10151","2026-07-27T20:37:43.000+05:30","dine-in","Walk-in Guest","","","cash","282","14","0","296","completed","Spicy Chicken Gyro (1)"
"ORD-1079","1079","2026-07-27T15:06:54.000Z","dine-in","Walk-in Guest","","Table 7","card","479","24","0","503","completed","Spicy Gyro - Chicken (1)"
"10159","10159","2026-07-27T20:33:27.000+05:30","takeaway","Walk-in Guest","","","cash","394","20","0","414","completed","Loaded French Fries (1) | Cold Coffee Shake (1)"
"10150","10150","2026-07-27T20:30:30.000+05:30","takeaway","Walk-in Guest","","","upi","465","23","0","488","completed","Spicy Chicken Gyro (1) | Cold Coffee Shake (1)"
"ORD-1069","1069","2026-07-27T14:56:44.000Z","dine-in","Walk-in Guest","","Table 9","cash","193","10","0","203","completed","Salad - Protein Max (Chicken) (1)"
"10158","10158","2026-07-27T20:26:14.000+05:30","dine-in","Walk-in Guest","","","upi","423","21","0","444","completed","Crispy Chicken & Dip Combo (1)"
"10149","10149","2026-07-27T20:23:17.000+05:30","dine-in","Walk-in Guest","","","cash","183","9","0","192","completed","Cold Coffee Shake (1)"
"ORD-1068","1068","2026-07-27T14:49:31.000Z","dine-in","Walk-in Guest","","Table 8","wallet","270","13","0","283","completed","Hibiscus Kombucha (1)"
"10157","10157","2026-07-27T20:19:01.000+05:30","dine-in","Walk-in Guest","","","cash","282","14","0","296","completed","Spicy Chicken Gyro (1)"
"10165","10165","2026-07-27T20:15:45.000+05:30","takeaway","Walk-in Guest","","","cash","394","20","0","414","completed","Loaded French Fries (1) | Cold Coffee Shake (1)"
"10156","10156","2026-07-27T20:12:48.000+05:30","takeaway","Walk-in Guest","","","upi","465","23","0","488","completed","Spicy Chicken Gyro (1) | Cold Coffee Shake (1)"
"ORD-1067","1067","2026-07-27T14:42:18.000Z","dine-in","Walk-in Guest","","Table 7","card","431","22","0","453","completed","BBQ Gyro - Paneer (Signature) (1)"
"10164","10164","2026-07-27T20:08:32.000+05:30","dine-in","Walk-in Guest","","","upi","423","21","0","444","completed","Crispy Chicken & Dip Combo (1)"
"10155","10155","2026-07-27T20:05:35.000+05:30","delivery","Walk-in Guest","","","cash","183","9","0","192","completed","Cold Coffee Shake (1)"
"ORD-1066","1066","2026-07-27T14:35:05.000Z","dine-in","Walk-in Guest","","Table 6","upi","317","16","0","333","completed","Garlic Mayo Dip (1)"
"10163","10163","2026-07-27T20:01:19.000+05:30","dine-in","Walk-in Guest","","","cash","282","14","0","296","completed","Spicy Chicken Gyro (1)"
"10137","10137","2026-07-27T19:59:41.000+05:30","dine-in","Walk-in Guest","","","cash","183","9","0","192","completed","Cold Coffee Shake (1)"
"ORD-1065","1065","2026-07-27T14:28:52.000Z","dine-in","Walk-in Guest","","Table 5","cash","193","10","0","203","completed","Peri Peri Gyro - Paneer (Signature) (1)"
"10145","10145","2026-07-27T19:55:25.000+05:30","delivery","Walk-in Guest","","","cash","282","14","0","296","completed","Spicy Chicken Gyro (1)"
"10136","10136","2026-07-27T19:52:28.000+05:30","dine-in","Walk-in Guest","","","upi","352","18","0","370","completed","Classic Beef Gyro (1)"
"ORD-1064","1064","2026-07-27T14:21:39.000Z","dine-in","Walk-in Guest","","Table 4","wallet","336","17","0","353","completed","Butterfly Pea Kombucha (1)"
"10144","10144","2026-07-27T19:48:12.000+05:30","takeaway","Walk-in Guest","","","upi","465","23","0","488","completed","Spicy Chicken Gyro (1) | Cold Coffee Shake (1)"
"10135","10135","2026-07-27T19:45:15.000+05:30","takeaway","Walk-in Guest","","","cash","394","20","0","414","completed","Loaded French Fries (1) | Cold Coffee Shake (1)"
"ORD-1063","1063","2026-07-27T14:14:26.000Z","dine-in","Walk-in Guest","","Table 3","card","527","26","0","553","completed","Lime Ice Tea (Large) (1)"
"10143","10143","2026-07-27T19:41:59.000+05:30","dine-in","Walk-in Guest","","","cash","183","9","0","192","completed","Cold Coffee Shake (1)"
"10134","10134","2026-07-27T19:38:02.000+05:30","dine-in","Walk-in Guest","","","upi","423","21","0","444","completed","Crispy Chicken & Dip Combo (1)"
"ORD-1062","1062","2026-07-27T14:07:13.000Z","dine-in","Walk-in Guest","","Table 2","upi","336","17","0","353","completed","60 Pc Strips (12 Dips) (1)"
"10142","10142","2026-07-27T19:34:46.000+05:30","dine-in","Walk-in Guest","","","upi","352","18","0","370","completed","Classic Beef Gyro (1)"
"ORD-1070","1070","2026-07-27T14:03:57.000Z","dine-in","Walk-in Guest","","Table 10","upi","365","18","0","383","completed","Signature Salad (Paneer) (1)"
"10133","10133","2026-07-27T19:31:49.000+05:30","dine-in","Walk-in Guest","","","cash","282","14","0","296","completed","Spicy Chicken Gyro (1)"
"ORD-1061","1061","2026-07-27T14:00:00.000Z","dine-in","Walk-in Guest","","Table 1","cash","193","10","0","203","completed","Garlic Mayo Dip (1)"
"10141","10141","2026-07-27T19:27:33.000+05:30","takeaway","Walk-in Guest","","","cash","394","20","0","414","completed","Loaded French Fries (1) | Cold Coffee Shake (1)"
"ORD-1052","1052","2026-07-27T13:57:03.000Z","dine-in","Walk-in Guest","","Table 4","wallet","527","26","0","553","completed","Salad - Protein Max (Chicken) (1)"
"ORD-1060","1060","2026-07-27T13:53:47.000Z","dine-in","Walk-in Guest","","Table 12","wallet","336","17","0","353","completed","Creamy Gyro - Chicken (1)"
"ORD-1051","1051","2026-07-27T13:50:50.000Z","dine-in","Walk-in Guest","","Table 3","card","365","18","0","383","completed","Super 5 Bucket (1)"
"10140","10140","2026-07-27T19:20:20.000+05:30","delivery","Walk-in Guest","","","upi","423","21","0","444","completed","Crispy Chicken & Dip Combo (1)"
"ORD-1059","1059","2026-07-27T13:46:34.000Z","dine-in","Walk-in Guest","","Table 11","card","241","12","0","253","completed","Creamy Gyro - Paneer (Signature) (1)"
"10148","10148","2026-07-27T19:16:04.000+05:30","dine-in","Walk-in Guest","","","upi","352","18","0","370","completed","Classic Beef Gyro (1)"
"10139","10139","2026-07-27T19:13:07.000+05:30","dine-in","Walk-in Guest","","","cash","282","14","0","296","completed","Spicy Chicken Gyro (1)"
"10147","10147","2026-07-27T19:09:51.000+05:30","takeaway","Walk-in Guest","","","cash","394","20","0","414","completed","Loaded French Fries (1) | Cold Coffee Shake (1)"
"ORD-1058","1058","2026-07-27T13:39:21.000Z","dine-in","Walk-in Guest","","Table 10","upi","412","21","0","433","completed","Butterfly Pea Kombucha (1)"
"10138","10138","2026-07-27T19:06:54.000+05:30","takeaway","Walk-in Guest","","","upi","465","23","0","488","completed","Spicy Chicken Gyro (1) | Cold Coffee Shake (1)"
"10146","10146","2026-07-27T19:02:38.000+05:30","dine-in","Walk-in Guest","","","upi","423","21","0","444","completed","Crispy Chicken & Dip Combo (1)"
"ORD-1057","1057","2026-07-27T13:32:08.000Z","dine-in","Walk-in Guest","","Table 9","cash","289","14","0","303","completed","Strawberry Shake (Large) (1)"
"10128","10128","2026-07-27T18:56:44.000+05:30","dine-in","Walk-in Guest","","","upi","423","21","0","444","completed","Crispy Chicken & Dip Combo (1)"
"ORD-1056","1056","2026-07-27T13:25:55.000Z","dine-in","Walk-in Guest","","Table 8","wallet","384","19","0","403","completed","Signature Gyro - Chicken (Signature) (1)"
"10127","10127","2026-07-27T18:49:31.000+05:30","dine-in","Walk-in Guest","","","cash","282","14","0","296","completed","Spicy Chicken Gyro (1)"
"ORD-1055","1055","2026-07-27T13:18:42.000Z","dine-in","Walk-in Guest","","Table 7","card","193","10","0","203","completed","Mint Kombucha (1)"
"10126","10126","2026-07-27T18:42:18.000+05:30","takeaway","Walk-in Guest","","","upi","465","23","0","488","completed","Spicy Chicken Gyro (1) | Cold Coffee Shake (1)"
"ORD-1054","1054","2026-07-27T13:11:29.000Z","dine-in","Walk-in Guest","","Table 6","upi","365","18","0","383","completed","Salted Fries (1)"
"10125","10125","2026-07-27T18:35:05.000+05:30","delivery","Walk-in Guest","","","cash","183","9","0","192","completed","Cold Coffee Shake (1)"
"ORD-1053","1053","2026-07-27T13:04:16.000Z","dine-in","Walk-in Guest","","Table 5","cash","479","24","0","503","completed","Blondie Cake (1)"
"10124","10124","2026-07-27T18:28:52.000+05:30","dine-in","Walk-in Guest","","","upi","352","18","0","370","completed","Classic Beef Gyro (1)"
"10132","10132","2026-07-27T18:24:36.000+05:30","takeaway","Walk-in Guest","","","upi","465","23","0","488","completed","Spicy Chicken Gyro (1) | Cold Coffee Shake (1)"
"ORD-1043","1043","2026-07-27T12:54:06.000Z","dine-in","Walk-in Guest","","Table 7","card","336","17","0","353","completed","Coca-Cola (Regular) (1)"
"10123","10123","2026-07-27T18:21:39.000+05:30","takeaway","Walk-in Guest","","","cash","394","20","0","414","completed","Loaded French Fries (1) | Cold Coffee Shake (1)"
"ORD-1042","1042","2026-07-27T12:47:53.000Z","dine-in","Walk-in Guest","","Table 6","upi","479","24","0","503","completed","60 Pc Strips (12 Dips) (1)"
"10131","10131","2026-07-27T18:17:23.000+05:30","dine-in","Walk-in Guest","","","cash","183","9","0","192","completed","Cold Coffee Shake (1)"
"10122","10122","2026-07-27T18:14:26.000+05:30","dine-in","Walk-in Guest","","","upi","423","21","0","444","completed","Crispy Chicken & Dip Combo (1)"
"ORD-1050","1050","2026-07-27T12:43:37.000Z","dine-in","Walk-in Guest","","Table 2","upi","241","12","0","253","completed","Spicy Gyro - Paneer (1)"
"ORD-1041","1041","2026-07-27T12:40:40.000Z","dine-in","Walk-in Guest","","Table 5","cash","431","22","0","453","completed","Creamy Gyro - Chicken (Signature) (1)"
"10130","10130","2026-07-27T18:10:10.000+05:30","delivery","Walk-in Guest","","","upi","352","18","0","370","completed","Classic Beef Gyro (1)"
"ORD-1049","1049","2026-07-27T12:36:24.000Z","dine-in","Walk-in Guest","","Table 1","cash","365","18","0","383","completed","Creamy Gyro - Paneer (Signature) (1)"
"10129","10129","2026-07-27T18:03:57.000+05:30","takeaway","Walk-in Guest","","","cash","394","20","0","414","completed","Loaded French Fries (1) | Cold Coffee Shake (1)"
"ORD-1048","1048","2026-07-27T12:29:11.000Z","dine-in","Walk-in Guest","","Table 12","wallet","289","14","0","303","completed","Hibiscus Kombucha (1)"
"ORD-1047","1047","2026-07-27T12:22:58.000Z","dine-in","Walk-in Guest","","Table 11","card","365","18","0","383","completed","Vanilla Shake (Regular) (1)"
"ORD-1046","1046","2026-07-27T12:15:45.000Z","dine-in","Walk-in Guest","","Table 10","upi","365","18","0","383","completed","Creamy Gyro - Chicken (1)"
"ORD-1045","1045","2026-07-27T12:08:32.000Z","dine-in","Walk-in Guest","","Table 9","cash","317","16","0","333","completed","6 Pc Wings (2 Dips) (1)"
"ORD-1044","1044","2026-07-27T12:01:19.000Z","dine-in","Walk-in Guest","","Table 8","wallet","479","24","0","503","completed","Peri Peri Dip (1)"
"ORD-1035","1035","2026-07-27T11:58:22.000Z","dine-in","Walk-in Guest","","Table 11","card","365","18","0","383","completed","Creamy Gyro - Chicken (Signature) (1)"
"ORD-1034","1034","2026-07-27T11:51:09.000Z","dine-in","Walk-in Guest","","Table 10","upi","241","12","0","253","completed","6 Pc Strips (2 Dips) (1)"
"ORD-1033","1033","2026-07-27T11:44:56.000Z","dine-in","Walk-in Guest","","Table 9","cash","289","14","0","303","completed","Creamy Gyro - Paneer (1)"
"ORD-1032","1032","2026-07-27T11:37:43.000Z","dine-in","Walk-in Guest","","Table 8","wallet","365","18","0","383","completed","Loaded Chicken Fries (1)"
"ORD-1040","1040","2026-07-27T11:33:27.000Z","dine-in","Walk-in Guest","","Table 4","wallet","479","24","0","503","completed","Blondie Cake (1)"
"ORD-1031","1031","2026-07-27T11:30:30.000Z","dine-in","Walk-in Guest","","Table 7","card","365","18","0","383","completed","Salad - Protein Max (Paneer) (1)"
"ORD-1039","1039","2026-07-27T11:26:14.000Z","dine-in","Walk-in Guest","","Table 3","card","241","12","0","253","completed","Lebanese Rice - Protein Max (Paneer) (1)"
"ORD-1038","1038","2026-07-27T11:19:01.000Z","dine-in","Walk-in Guest","","Table 2","upi","289","14","0","303","completed","Lebanese Rice - Protein Max (Paneer) (1)"
"ORD-1037","1037","2026-07-27T11:12:48.000Z","dine-in","Walk-in Guest","","Table 1","cash","317","16","0","333","completed","Signature Salad (Paneer) (1)"
"ORD-1182","1182","2026-07-27T11:07:13.000Z","dine-in","Walk-in Guest","","Table 2","upi","479","24","0","503","completed","Mint Kombucha (1)"
"ORD-1036","1036","2026-07-27T11:05:35.000Z","dine-in","Walk-in Guest","","Table 12","wallet","384","19","0","403","completed","Peach Ice Tea (Regular) (1)"
"ORD-1181","1181","2026-07-27T11:00:00.000Z","dine-in","Walk-in Guest","","Table 1","cash","270","13","0","283","completed","Jalapeno Cheese Dip (1)"
"ORD-1172","1172","2026-07-27T10:57:03.000Z","dine-in","Walk-in Guest","","Table 4","wallet","365","18","0","383","completed","Kunafa Pistachio Shake (Regular) (1)"
"ORD-1026","1026","2026-07-27T10:55:25.000Z","dine-in","Walk-in Guest","","Table 2","upi","289","14","0","303","completed","Loaded Chicken Fries (1)"
"ORD-1180","1180","2026-07-27T10:53:47.000Z","dine-in","Walk-in Guest","","Table 12","wallet","289","14","0","303","completed","Hot Chocolate (1)"
"ORD-1171","1171","2026-07-27T10:50:50.000Z","dine-in","Walk-in Guest","","Table 3","card","336","17","0","353","completed","Loaded Paneer Fries (1)"
"ORD-1025","1025","2026-07-27T10:48:12.000Z","dine-in","Walk-in Guest","","Table 1","cash","336","17","0","353","completed","Turkish Chilli Dip (1)"
"ORD-1179","1179","2026-07-27T10:46:34.000Z","dine-in","Walk-in Guest","","Table 11","card","241","12","0","253","completed","Chocolate Brownie (1)"
"ORD-1024","1024","2026-07-27T10:41:59.000Z","dine-in","Walk-in Guest","","Table 12","wallet","412","21","0","433","completed","Loaded Chicken Fries (1)"
"ORD-1178","1178","2026-07-27T10:39:21.000Z","dine-in","Walk-in Guest","","Table 10","upi","412","21","0","433","completed","Peach Ice Tea (Large) (1)"
"ORD-1023","1023","2026-07-27T10:34:46.000Z","dine-in","Walk-in Guest","","Table 11","card","384","19","0","403","completed","Lebanese Rice Bowl (Chicken) (1)"
"ORD-1177","1177","2026-07-27T10:32:08.000Z","dine-in","Walk-in Guest","","Table 9","cash","289","14","0","303","completed","9 Pc Strips (3 Dips) (1)"
"ORD-1022","1022","2026-07-27T10:27:33.000Z","dine-in","Walk-in Guest","","Table 10","upi","241","12","0","253","completed","Coca-Cola (Large) (1)"
"ORD-1176","1176","2026-07-27T10:25:55.000Z","dine-in","Walk-in Guest","","Table 8","wallet","527","26","0","553","completed","Signature Gyro - Chicken (1)"
"ORD-1030","1030","2026-07-27T10:23:17.000Z","dine-in","Walk-in Guest","","Table 6","upi","479","24","0","503","completed","6 Pc Wings (2 Dips) (1)"
"ORD-1021","1021","2026-07-27T10:20:20.000Z","dine-in","Walk-in Guest","","Table 9","cash","270","13","0","283","completed","Vanilla Softy (1)"
"ORD-1175","1175","2026-07-27T10:18:42.000Z","dine-in","Walk-in Guest","","Table 7","card","193","10","0","203","completed","Duo Gyro Feast (1)"
"ORD-1029","1029","2026-07-27T10:16:04.000Z","dine-in","Walk-in Guest","","Table 5","cash","289","14","0","303","completed","Lebanese Rice - Protein Max (Chicken) (1)"
"ORD-1174","1174","2026-07-27T10:11:29.000Z","dine-in","Walk-in Guest","","Table 6","upi","479","24","0","503","completed","Creamy Gyro - Chicken (1)"
"ORD-1028","1028","2026-07-27T10:09:51.000Z","dine-in","Walk-in Guest","","Table 4","wallet","336","17","0","353","completed","3 Pc Strips (1 Dip) (1)"
"ORD-1173","1173","2026-07-27T10:04:16.000Z","dine-in","Walk-in Guest","","Table 5","cash","365","18","0","383","completed","20 Pc Strips (6 Dips) (1)"
"ORD-1027","1027","2026-07-27T10:02:38.000Z","dine-in","Walk-in Guest","","Table 3","card","384","19","0","403","completed","9 Pc Strips (3 Dips) (1)"
"ORD-1018","1018","2026-07-27T09:59:41.000Z","dine-in","Walk-in Guest","","Table 6","upi","241","12","0","253","completed","6 Pc Wings (2 Dips) (1)"
"ORD-1163","1163","2026-07-27T09:54:06.000Z","dine-in","Walk-in Guest","","Table 7","card","412","21","0","433","completed","Strawberry Shake (Large) (1)"
"ORD-1017","1017","2026-07-27T09:52:28.000Z","dine-in","Walk-in Guest","","Table 5","cash","384","19","0","403","completed","Coca-Cola (Regular) (1)"
"ORD-1162","1162","2026-07-27T09:47:53.000Z","dine-in","Walk-in Guest","","Table 6","upi","431","22","0","453","completed","Lebanese Rice - Protein Max (Paneer) (1)"
"ORD-1016","1016","2026-07-27T09:45:15.000Z","dine-in","Walk-in Guest","","Table 4","wallet","336","17","0","353","completed","Ginger Kombucha (1)"
"ORD-1170","1170","2026-07-27T09:43:37.000Z","dine-in","Walk-in Guest","","Table 2","upi","479","24","0","503","completed","20 Pc Wings (6 Dips) (1)"
"ORD-1161","1161","2026-07-27T09:40:40.000Z","dine-in","Walk-in Guest","","Table 5","cash","412","21","0","433","completed","Biscoff Shake (Regular) (1)"
"ORD-1015","1015","2026-07-27T09:38:02.000Z","dine-in","Walk-in Guest","","Table 3","card","289","14","0","303","completed","Chocolate Brownie (1)"
"ORD-1169","1169","2026-07-27T09:36:24.000Z","dine-in","Walk-in Guest","","Table 1","cash","336","17","0","353","completed","Creamy Gyro - Chicken (1)"
"ORD-1014","1014","2026-07-27T09:31:49.000Z","dine-in","Walk-in Guest","","Table 2","upi","527","26","0","553","completed","Chocolate Shake (Regular) (1)"
"ORD-1168","1168","2026-07-27T09:29:11.000Z","dine-in","Walk-in Guest","","Table 12","wallet","317","16","0","333","completed","Signature Salad (Chicken) (1)"
"10051","10051","2026-07-27T14:57:03.000+05:30","takeaway","Walk-in Guest","","","cash","394","20","0","414","completed","Loaded French Fries (1) | Cold Coffee Shake (1)"
"ORD-1013","1013","2026-07-27T09:24:36.000Z","dine-in","Walk-in Guest","","Table 1","cash","384","19","0","403","completed","Signature Gyro Meal (1)"
"10059","10059","2026-07-27T14:53:47.000+05:30","dine-in","Walk-in Guest","","","cash","183","9","0","192","completed","Cold Coffee Shake (1)"
"ORD-1167","1167","2026-07-27T09:22:58.000Z","dine-in","Walk-in Guest","","Table 11","card","270","13","0","283","completed","12 Pc Leg & Thigh (6 Dips) (1)"
"10050","10050","2026-07-27T14:50:50.000+05:30","delivery","Walk-in Guest","","","upi","423","21","0","444","completed","Crispy Chicken & Dip Combo (1)"
"ORD-1012","1012","2026-07-27T09:17:23.000Z","dine-in","Walk-in Guest","","Table 12","wallet","317","16","0","333","completed","Jalapeno Cheese Dip (1)"
"10058","10058","2026-07-27T14:46:34.000+05:30","dine-in","Walk-in Guest","","","upi","352","18","0","370","completed","Classic Beef Gyro (1)"
"ORD-1166","1166","2026-07-27T09:15:45.000Z","dine-in","Walk-in Guest","","Table 10","upi","193","10","0","203","completed","Spicy Gyro - Paneer (Signature) (1)"
"ORD-1020","1020","2026-07-27T09:13:07.000Z","dine-in","Walk-in Guest","","Table 8","wallet","289","14","0","303","completed","Salad - Protein Max (Paneer) (1)"
"ORD-1011","1011","2026-07-27T09:10:10.000Z","dine-in","Walk-in Guest","","Table 11","card","289","14","0","303","completed","Blondie Cake (1)"
"10057","10057","2026-07-27T14:39:21.000+05:30","takeaway","Walk-in Guest","","","cash","394","20","0","414","completed","Loaded French Fries (1) | Cold Coffee Shake (1)"
"ORD-1165","1165","2026-07-27T09:08:32.000Z","dine-in","Walk-in Guest","","Table 9","cash","336","17","0","353","completed","Salted Fries (1)"
"ORD-1019","1019","2026-07-27T09:06:54.000Z","dine-in","Walk-in Guest","","Table 7","card","317","16","0","333","completed","Signature Gyro - Chicken (1)"
"10056","10056","2026-07-27T14:32:08.000+05:30","dine-in","Walk-in Guest","","","upi","423","21","0","444","completed","Crispy Chicken & Dip Combo (1)"
"ORD-1164","1164","2026-07-27T09:01:19.000Z","dine-in","Walk-in Guest","","Table 8","wallet","336","17","0","353","completed","12 Pc Leg & Thigh (6 Dips) (1)"
"ORD-1155","1155","2026-07-27T08:58:22.000Z","dine-in","Walk-in Guest","","Table 11","card","336","17","0","353","completed","6 Pc Strips (2 Dips) (1)"
"ORD-1009","1009","2026-07-27T08:56:44.000Z","dine-in","Walk-in Guest","","Table 9","cash","289","14","0","303","completed","3 Pc Wings (1 Dip) (1)"
"10055","10055","2026-07-27T14:25:55.000+05:30","delivery","Walk-in Guest","","","cash","282","14","0","296","completed","Spicy Chicken Gyro (1)"
"ORD-1154","1154","2026-07-27T08:51:09.000Z","dine-in","Walk-in Guest","","Table 10","upi","193","10","0","203","completed","Vanilla Shake (Large) (1)"
"ORD-1008","1008","2026-07-27T08:49:31.000Z","dine-in","Walk-in Guest","","Table 8","wallet","412","21","0","433","completed","Blondie Cake (1)"
"10054","10054","2026-07-27T14:18:42.000+05:30","takeaway","Walk-in Guest","","","upi","465","23","0","488","completed","Spicy Chicken Gyro (1) | Cold Coffee Shake (1)"
"ORD-1153","1153","2026-07-27T08:44:56.000Z","dine-in","Walk-in Guest","","Table 9","cash","431","22","0","453","completed","3 Pc Strips (1 Dip) (1)"
"ORD-1007","1007","2026-07-27T08:42:18.000Z","dine-in","Walk-in Guest","","Table 7","card","480","24","0","504","completed","Salad - Protein Max (Chicken) (1)"
"10053","10053","2026-07-27T14:11:29.000+05:30","dine-in","Walk-in Guest","","","cash","183","9","0","192","completed","Cold Coffee Shake (1)"
"ORD-1152","1152","2026-07-27T08:37:43.000Z","dine-in","Walk-in Guest","","Table 8","wallet","479","24","0","503","completed","Double Crunch Box (1)"
"ORD-1006","1006","2026-07-27T08:35:05.000Z","dine-in","Walk-in Guest","","Table 6","upi","194","10","0","204","completed","Spicy Gyro - Paneer (Signature) (1)"
"10052","10052","2026-07-27T14:04:16.000+05:30","dine-in","Walk-in Guest","","","upi","352","18","0","370","completed","Classic Beef Gyro (1)"
"ORD-1160","1160","2026-07-27T08:33:27.000Z","dine-in","Walk-in Guest","","Table 4","wallet","289","14","0","303","completed","2 Pc Leg & Thigh (1 Dip) (1)"
"ORD-1151","1151","2026-07-27T08:30:30.000Z","dine-in","Walk-in Guest","","Table 7","card","384","19","0","403","completed","Loaded Paneer Fries (1)"
"10060","10060","2026-07-27T14:00:00.000+05:30","takeaway","Walk-in Guest","","","upi","465","23","0","488","completed","Spicy Chicken Gyro (1) | Cold Coffee Shake (1)"
"ORD-1005","1005","2026-07-27T08:28:52.000Z","dine-in","Walk-in Guest","","Table 5","cash","385","19","0","404","completed","Lebanese Rice Box (1)"
"10034","10034","2026-07-27T13:58:22.000+05:30","dine-in","Walk-in Guest","","","upi","352","18","0","370","completed","Classic Beef Gyro (1)"
"ORD-1159","1159","2026-07-27T08:26:14.000Z","dine-in","Walk-in Guest","","Table 3","card","479","24","0","503","completed","Lime Ice Tea (Regular) (1)"
"10042","10042","2026-07-27T13:54:06.000+05:30","takeaway","Walk-in Guest","","","upi","465","23","0","488","completed","Spicy Chicken Gyro (1) | Cold Coffee Shake (1)"
"ORD-1004","1004","2026-07-27T08:21:39.000Z","dine-in","Walk-in Guest","","Table 4","wallet","337","17","0","354","completed","Peri Peri Gyro - Paneer (Signature) (1)"
"ORD-1158","1158","2026-07-27T08:19:01.000Z","dine-in","Walk-in Guest","","Table 2","upi","384","19","0","403","completed","Signature Gyro - Paneer (Signature) (1)"
"10041","10041","2026-07-27T13:47:53.000+05:30","dine-in","Walk-in Guest","","","cash","183","9","0","192","completed","Cold Coffee Shake (1)"
"ORD-1003","1003","2026-07-27T08:14:26.000Z","dine-in","Walk-in Guest","","Table 3","card","413","21","0","434","completed","Signature Salad (Paneer) (1)"
"10049","10049","2026-07-27T13:43:37.000+05:30","dine-in","Walk-in Guest","","","cash","282","14","0","296","completed","Spicy Chicken Gyro (1)"
"ORD-1157","1157","2026-07-27T08:12:48.000Z","dine-in","Walk-in Guest","","Table 1","cash","317","16","0","333","completed","Super 5 Bucket (1)"
"10040","10040","2026-07-27T13:40:40.000+05:30","delivery","Walk-in Guest","","","upi","352","18","0","370","completed","Classic Beef Gyro (1)"
"ORD-1002","1002","2026-07-27T08:07:13.000Z","dine-in","Walk-in Guest","","Table 2","upi","290","14","0","304","completed","Signature Gyro - Chicken (Signature) (1)"
"10048","10048","2026-07-27T13:36:24.000+05:30","takeaway","Walk-in Guest","","","upi","465","23","0","488","completed","Spicy Chicken Gyro (1) | Cold Coffee Shake (1)"
"ORD-1156","1156","2026-07-27T08:05:35.000Z","dine-in","Walk-in Guest","","Table 12","wallet","289","14","0","303","completed","3 Pc Wings (1 Dip) (1)"
"ORD-1010","1010","2026-07-27T08:03:57.000Z","dine-in","Walk-in Guest","","Table 10","upi","431","22","0","453","completed","Turkish Chilli Dip (1)"
"10039","10039","2026-07-27T13:33:27.000+05:30","takeaway","Walk-in Guest","","","cash","394","20","0","414","completed","Loaded French Fries (1) | Cold Coffee Shake (1)"
"ORD-1001","1001","2026-07-27T08:00:00.000Z","dine-in","Walk-in Guest","","Table 1","cash","432","22","0","454","completed","Peri Peri Gyro - Paneer (Signature) (1)"
"10047","10047","2026-07-27T13:29:11.000+05:30","dine-in","Walk-in Guest","","","cash","183","9","0","192","completed","Cold Coffee Shake (1)"
"10038","10038","2026-07-27T13:26:14.000+05:30","dine-in","Walk-in Guest","","","upi","423","21","0","444","completed","Crispy Chicken & Dip Combo (1)"
"10046","10046","2026-07-27T13:22:58.000+05:30","dine-in","Walk-in Guest","","","upi","352","18","0","370","completed","Classic Beef Gyro (1)"
"10037","10037","2026-07-27T13:19:01.000+05:30","dine-in","Walk-in Guest","","","cash","282","14","0","296","completed","Spicy Chicken Gyro (1)"
"10045","10045","2026-07-27T13:15:45.000+05:30","takeaway","Walk-in Guest","","","cash","394","20","0","414","completed","Loaded French Fries (1) | Cold Coffee Shake (1)"
"10036","10036","2026-07-27T13:12:48.000+05:30","takeaway","Walk-in Guest","","","upi","465","23","0","488","completed","Spicy Chicken Gyro (1) | Cold Coffee Shake (1)"
"10044","10044","2026-07-27T13:08:32.000+05:30","dine-in","Walk-in Guest","","","upi","423","21","0","444","completed","Crispy Chicken & Dip Combo (1)"
"10035","10035","2026-07-27T13:05:35.000+05:30","delivery","Walk-in Guest","","","cash","183","9","0","192","completed","Cold Coffee Shake (1)"
"10043","10043","2026-07-27T13:01:19.000+05:30","dine-in","Walk-in Guest","","","cash","282","14","0","296","completed","Spicy Chicken Gyro (1)"
"10017","10017","2026-07-27T12:59:41.000+05:30","dine-in","Walk-in Guest","","","cash","183","9","0","192","completed","Cold Coffee Shake (1)"
"10025","10025","2026-07-27T12:55:25.000+05:30","delivery","Walk-in Guest","","","cash","282","14","0","296","completed","Spicy Chicken Gyro (1)"
"10033","10033","2026-07-27T12:51:09.000+05:30","takeaway","Walk-in Guest","","","cash","394","20","0","414","completed","Loaded French Fries (1) | Cold Coffee Shake (1)"
"10024","10024","2026-07-27T12:48:12.000+05:30","takeaway","Walk-in Guest","","","upi","465","23","0","488","completed","Spicy Chicken Gyro (1) | Cold Coffee Shake (1)"
"10032","10032","2026-07-27T12:44:56.000+05:30","dine-in","Walk-in Guest","","","upi","423","21","0","444","completed","Crispy Chicken & Dip Combo (1)"
"10023","10023","2026-07-27T12:41:59.000+05:30","dine-in","Walk-in Guest","","","cash","183","9","0","192","completed","Cold Coffee Shake (1)"
"10031","10031","2026-07-27T12:37:43.000+05:30","dine-in","Walk-in Guest","","","cash","282","14","0","296","completed","Spicy Chicken Gyro (1)"
"10022","10022","2026-07-27T12:34:46.000+05:30","dine-in","Walk-in Guest","","","upi","352","18","0","370","completed","Classic Beef Gyro (1)"
"10030","10030","2026-07-27T12:30:30.000+05:30","takeaway","Walk-in Guest","","","upi","465","23","0","488","completed","Spicy Chicken Gyro (1) | Cold Coffee Shake (1)"
"10021","10021","2026-07-27T12:27:33.000+05:30","takeaway","Walk-in Guest","","","cash","394","20","0","414","completed","Loaded French Fries (1) | Cold Coffee Shake (1)"
"10029","10029","2026-07-27T12:23:17.000+05:30","dine-in","Walk-in Guest","","","cash","183","9","0","192","completed","Cold Coffee Shake (1)"
"10020","10020","2026-07-27T12:20:20.000+05:30","delivery","Walk-in Guest","","","upi","423","21","0","444","completed","Crispy Chicken & Dip Combo (1)"
"10028","10028","2026-07-27T12:16:04.000+05:30","dine-in","Walk-in Guest","","","upi","352","18","0","370","completed","Classic Beef Gyro (1)"
"10019","10019","2026-07-27T12:13:07.000+05:30","dine-in","Walk-in Guest","","","cash","282","14","0","296","completed","Spicy Chicken Gyro (1)"
"10027","10027","2026-07-27T12:09:51.000+05:30","takeaway","Walk-in Guest","","","cash","394","20","0","414","completed","Loaded French Fries (1) | Cold Coffee Shake (1)"
"10018","10018","2026-07-27T12:06:54.000+05:30","takeaway","Walk-in Guest","","","upi","465","23","0","488","completed","Spicy Chicken Gyro (1) | Cold Coffee Shake (1)"
"10026","10026","2026-07-27T12:02:38.000+05:30","dine-in","Walk-in Guest","","","upi","423","21","0","444","completed","Crispy Chicken & Dip Combo (1)"
"10008","10008","2026-07-27T11:56:44.000+05:30","dine-in","Walk-in Guest","","","upi","423","21","0","444","completed","Crispy Chicken & Dip Combo (1)"
"10016","10016","2026-07-27T11:52:28.000+05:30","dine-in","Walk-in Guest","","","upi","352","18","0","370","completed","Classic Beef Gyro (1)"
"10007","10007","2026-07-27T11:49:31.000+05:30","dine-in","Walk-in Guest","","","cash","282","14","0","296","completed","Spicy Chicken Gyro (1)"
"10015","10015","2026-07-27T11:45:15.000+05:30","takeaway","Walk-in Guest","","","cash","394","20","0","414","completed","Loaded French Fries (1) | Cold Coffee Shake (1)"
"10006","10006","2026-07-27T11:42:18.000+05:30","takeaway","Walk-in Guest","","","upi","465","23","0","488","completed","Spicy Chicken Gyro (1) | Cold Coffee Shake (1)"
"10014","10014","2026-07-27T11:38:02.000+05:30","dine-in","Walk-in Guest","","","upi","423","21","0","444","completed","Crispy Chicken & Dip Combo (1)"
"10005","10005","2026-07-27T11:35:05.000+05:30","delivery","Walk-in Guest","","","cash","183","9","0","192","completed","Cold Coffee Shake (1)"
"10013","10013","2026-07-27T11:31:49.000+05:30","dine-in","Walk-in Guest","","","cash","282","14","0","296","completed","Spicy Chicken Gyro (1)"
"10004","10004","2026-07-27T11:28:52.000+05:30","dine-in","Walk-in Guest","","","upi","352","18","0","370","completed","Classic Beef Gyro (1)"
"10012","10012","2026-07-27T11:24:36.000+05:30","takeaway","Walk-in Guest","","","upi","465","23","0","488","completed","Spicy Chicken Gyro (1) | Cold Coffee Shake (1)"
"10003","10003","2026-07-27T11:21:39.000+05:30","takeaway","Walk-in Guest","","","cash","394","20","0","414","completed","Loaded French Fries (1) | Cold Coffee Shake (1)"
"10011","10011","2026-07-27T11:17:23.000+05:30","dine-in","Walk-in Guest","","","cash","183","9","0","192","completed","Cold Coffee Shake (1)"
"10002","10002","2026-07-27T11:14:26.000+05:30","dine-in","Walk-in Guest","","","upi","423","21","0","444","completed","Crispy Chicken & Dip Combo (1)"
"10010","10010","2026-07-27T11:10:10.000+05:30","delivery","Walk-in Guest","","","upi","352","18","0","370","completed","Classic Beef Gyro (1)"
"10001","10001","2026-07-27T11:07:13.000+05:30","dine-in","Walk-in Guest","","","cash","282","14","0","296","completed","Spicy Chicken Gyro (1)"
"10009","10009","2026-07-27T11:03:57.000+05:30","takeaway","Walk-in Guest","","","cash","394","20","0","414","completed","Loaded French Fries (1) | Cold Coffee Shake (1)"
"ord_mock_1783413622393_9","1124","2026-07-07T08:40:22.386Z","delivery","Mock Customer 10","9999900009","","cash","650","117","0","767","completed","Item (2) | Item (1)"
"ord_mock_1783413622393_8","1123","2026-07-07T08:40:22.386Z","dine-in","Mock Customer 9","9999900008","T9","card","600","108","0","708","completed","Item (2) | Item (1)"
"ord_mock_1783413622393_7","1122","2026-07-07T08:40:22.386Z","delivery","Mock Customer 8","9999900007","","upi","550","99","0","649","completed","Item (2) | Item (1)"
"ord_mock_1783413622393_6","1121","2026-07-07T08:40:22.386Z","dine-in","Mock Customer 7","9999900006","T7","cash","500","90","0","590","completed","Item (2) | Item (1)"
"ord_mock_1783413622393_5","1120","2026-07-07T08:40:22.386Z","delivery","Mock Customer 6","9999900005","","card","450","81","0","531","completed","Item (2) | Item (1)"
"ord_mock_1783413622393_4","1119","2026-07-07T08:40:22.386Z","dine-in","Mock Customer 5","9999900004","T5","upi","400","72","0","472","completed","Item (2) | Item (1)"
"ord_mock_1783413622393_3","1118","2026-07-07T08:40:22.386Z","delivery","Mock Customer 4","9999900003","","cash","350","63","0","413","completed","Item (2) | Item (1)"
"ord_mock_1783413622393_2","1117","2026-07-07T08:40:22.386Z","dine-in","Mock Customer 3","9999900002","T3","card","300","54","0","354","completed","Item (2) | Item (1)"
"ord_mock_1783413622393_1","1116","2026-07-07T08:40:22.386Z","delivery","Mock Customer 2","9999900001","","upi","250","45","0","295","completed","Item (2) | Item (1)"
"ord_mock_1783413622393_0","1115","2026-07-07T08:40:22.386Z","dine-in","Mock Customer 1","9999900000","T1","cash","200","36","0","236","completed","Item (2) | Item (1)"
"c77e7f5e-ada4-4e62-90a0-6fad95cb95ca","1114","2026-07-02T17:13:10.847Z","dine-in","Walk-in Guest","","","cash","400","72","0","472","completed","Item (1) | Item (1) | Item (1) | Item (1)"
"2e3d5277-9523-456a-b983-4efcd05ebfb1","1113","2026-06-30T09:36:36.736Z","dine-in","Walk-in Guest","","","upi","200","36","0","236","completed","Item (1) | Item (1)"
"6e2efd8b-5fbc-43e8-bc7a-f059633bb07c","1112","2026-06-24T10:50:52.025Z","dine-in","Walk-in Guest","","T2","cash","200","36","0","236","completed","Item (1) | Item (1)"
"1cbc1296-2dca-4753-81c0-c7cc2c7cf594","1111","2026-06-24T10:50:20.039Z","dine-in","Walk-in Guest","","T5","cash","100","18","0","118","completed","Item (1)"
"3413bc72-a556-483d-8f1a-926a51597070","1110","2026-06-24T10:06:50.321Z","dine-in","Walk-in Guest","","T5","cash","400","72","0","472","completed","Item (4)"
"ba1cf8c4-203a-4512-a4a0-b313462edd13","1109","2026-06-24T10:06:44.520Z","dine-in","Walk-in Guest","","T2","upi","600","108","0","708","completed","Item (6)"
"1c67ffc7-bc03-43f2-a9c3-6db2897a0b9e","1108","2026-06-24T10:00:31.306Z","dine-in","Walk-in Guest","","T1","cash","400","72","0","472","completed","Item (1) | Item (1) | Item (1) | Item (1)"
"10433","10433","2026-06-23T23:23:35.000+05:30","DINE-IN","Walk-in Guest","","","UPI","337","17","0","348","completed","Mint Kombucha (1)"
"10666","10666","2026-06-23T23:14:27.000+05:30","DINE-IN","Walk-in Guest","","","UPI","291","15","0","301","completed","60 Pc Strips (12 Dips) (1)"
"10570","10570","2026-06-23T23:04:17.000+05:30","DINE-IN","Walk-in Guest","","","UPI","352","18","0","364","completed","Lime Ice Tea (Large) (1)"
"10565","10565","2026-06-23T22:57:19.000+05:30","DINE-IN","Walk-in Guest","","","UPI","302","15","0","273","completed","Sprite (Regular) (1)"
"10665","10665","2026-06-23T22:56:45.000+05:30","DINE-IN","Walk-in Guest","","","UPI","394","20","0","407","completed","20 Pc Strips (6 Dips) (1)"
"10663","10663","2026-06-23T22:56:07.000+05:30","DINE-IN","Walk-in Guest","","","UPI","389","19","0","401","completed","6 Pc Strips (2 Dips) (1)"
"10567","10567","2026-06-23T22:56:05.000+05:30","DINE-IN","Walk-in Guest","","","UPI","307","15","0","276","completed","Peach Ice Tea (Regular) (1)"
"10661","10661","2026-06-23T22:48:45.000+05:30","TAKEAWAY","Walk-in Guest","","","UPI","418","21","0","432","completed","60 Pc Wings (12 Dips) (1)"
"10659","10659","2026-06-23T22:46:36.000+05:30","DINE-IN","Walk-in Guest","","","Cash","352","18","0","364","completed","9 Pc Wings (3 Dips) (1)"
"10561","10561","2026-06-23T22:35:17.000+05:30","DINE-IN","Walk-in Guest","","","UPI","328","16","0","296","completed","Kunafa Pistachio Shake (Large) (1)"
"10431","10431","2026-06-23T22:34:35.000+05:30","DINE-IN","Walk-in Guest","","","Cash","388","19","0","400","completed","Lime Ice Tea (Regular) (1)"
"10432","10432","2026-06-23T22:30:55.000+05:30","TAKEAWAY","Walk-in Guest","","","UPI","287","14","0","296","completed","Lime Ice Tea (Large) (1)"
"10563","10563","2026-06-23T22:28:08.000+05:30","TAKEAWAY","Walk-in Guest","","","Cash","296","15","0","268","completed","Coca-Cola (Regular) (1)"
"10662","10662","2026-06-23T22:26:39.000+05:30","DINE-IN","Walk-in Guest","","","UPI","268","13","0","276","completed","3 Pc Strips (1 Dip) (1)"
"10562","10562","2026-06-23T22:25:59.000+05:30","DINE-IN","Walk-in Guest","","","UPI","409","20","0","369","completed","Vanilla Softy (1)"
"10559","10559","2026-06-23T22:25:36.000+05:30","DINE-IN","Walk-in Guest","","","UPI","310","15","0","279","completed","Chocolate Shake (Large) (1)"
"10560","10560","2026-06-23T22:24:52.000+05:30","TAKEAWAY","Walk-in Guest","","","UPI","377","19","0","340","completed","Kunafa Pistachio Shake (Regular) (1)"
"10664","10664","2026-06-23T22:20:23.000+05:30","TAKEAWAY","Walk-in Guest","","","UPI","297","15","0","307","completed","9 Pc Strips (3 Dips) (1)"
"10569","10569","2026-06-23T22:19:18.000+05:30","TAKEAWAY","Walk-in Guest","","","UPI","274","14","0","248","completed","Lime Ice Tea (Regular) (1)"
"10564","10564","2026-06-23T22:17:49.000+05:30","DINE-IN","Walk-in Guest","","","UPI","403","20","0","364","completed","Coca-Cola (Large) (1)"
"10658","10658","2026-06-23T22:13:11.000+05:30","TAKEAWAY","Walk-in Guest","","","Cash","321","16","0","332","completed","6 Pc Wings (2 Dips) (1)"
"10430","10430","2026-06-23T22:10:10.000+05:30","DINE-IN","Walk-in Guest","","","Cash","263","13","0","272","completed","Peach Ice Tea (Large) (1)"
"10566","10566","2026-06-23T22:03:31.000+05:30","TAKEAWAY","Walk-in Guest","","","UPI","398","20","0","359","completed","Sprite (Large) (1)"
"10568","10568","2026-06-23T22:02:00.000+05:30","DINE-IN","Walk-in Guest","","","UPI","430","22","0","389","completed","Peach Ice Tea (Large) (1)"
"10429","10429","2026-06-23T22:01:27.000+05:30","DINE-IN","Walk-in Guest","","","UPI","411","21","0","425","completed","Peach Ice Tea (Regular) (1)"
"10660","10660","2026-06-23T22:00:37.000+05:30","DINE-IN","Walk-in Guest","","","Cash","333","17","0","344","completed","20 Pc Wings (6 Dips) (1)"
"10557","10557","2026-06-23T21:54:01.000+05:30","TAKEAWAY","Walk-in Guest","","","UPI","331","17","0","299","completed","Biscoff Shake (Large) (1)"
"10556","10556","2026-06-23T21:52:23.000+05:30","DINE-IN","Walk-in Guest","","","UPI","373","19","0","337","completed","Biscoff Shake (Regular) (1)"
"10550","10550","2026-06-23T21:50:40.000+05:30","DINE-IN","Walk-in Guest","","","UPI","408","20","0","368","completed","Salad - Protein Max (Chicken) (1)"
"10650","10650","2026-06-23T21:48:25.000+05:30","DINE-IN","Walk-in Guest","","","Cash","280","14","0","289","completed","Signature Gyro (Signature) (1)"
"10427","10427","2026-06-23T21:45:48.000+05:30","DINE-IN","Walk-in Guest","","","UPI","414","21","0","428","completed","Sprite (Regular) (1)"
"10426","10426","2026-06-23T21:38:06.000+05:30","DINE-IN","Walk-in Guest","","","Cash","268","13","0","276","completed","Coca-Cola (Large) (1)"
"10428","10428","2026-06-23T21:34:55.000+05:30","TAKEAWAY","Walk-in Guest","","","UPI","260","13","0","269","completed","Sprite (Large) (1)"
"10558","10558","2026-06-23T21:31:29.000+05:30","DINE-IN","Walk-in Guest","","","UPI","395","20","0","357","completed","Chocolate Shake (Regular) (1)"
"10548","10548","2026-06-23T21:28:35.000+05:30","TAKEAWAY","Walk-in Guest","","","UPI","386","19","0","348","completed","Lebanese Rice - Protein Max (Chicken) (1)"
"10555","10555","2026-06-23T21:27:47.000+05:30","DINE-IN","Walk-in Guest","","","UPI","307","15","0","276","completed","Strawberry Shake (Large) (1)"
"10654","10654","2026-06-23T21:27:05.000+05:30","DINE-IN","Walk-in Guest","","","UPI","280","14","0","289","completed","4 Pc Leg & Thigh (2 Dips) (1)"
"10655","10655","2026-06-23T21:23:50.000+05:30","TAKEAWAY","Walk-in Guest","","","UPI","391","20","0","404","completed","8 Pc Leg & Thigh (4 Dips) (1)"
"10425","10425","2026-06-23T21:22:33.000+05:30","DINE-IN","Walk-in Guest","","","Cash","407","20","0","420","completed","Coca-Cola (Regular) (1)"
"10424","10424","2026-06-23T21:22:22.000+05:30","TAKEAWAY","Walk-in Guest","","","UPI","267","13","0","275","completed","Vanilla Softy (1)"
"10652","10652","2026-06-23T21:19:58.000+05:30","TAKEAWAY","Walk-in Guest","","","UPI","266","13","0","275","completed","Pesto Gyro (1)"
"10553","10553","2026-06-23T21:19:22.000+05:30","DINE-IN","Walk-in Guest","","","Cash","301","15","0","272","completed","Vanilla Shake (Large) (1)"
"10554","10554","2026-06-23T21:19:03.000+05:30","TAKEAWAY","Walk-in Guest","","","UPI","398","20","0","359","completed","Strawberry Shake (Regular) (1)"
"a5ffcce7-f8ca-45b4-9ab5-aea72de3c6fd","1107","2026-06-23T15:44:04.677Z","delivery","Online Customer","9999944673","","online","258","46","0","304","ready","Item (2)"
"4188249e-0ccd-4bc3-b883-62c8db2cddfc","1106","2026-06-23T15:44:04.018Z","delivery","Customer 100","999999100","T15","cash","269","48","0","317","completed","Item (1) | Item (2)"
"c412463e-c266-46cf-9ffe-9cf177befb36","1105","2026-06-23T15:44:04.015Z","dine-in","Walk-in Guest","","T10","wallet","519","93","0","612","completed","Item (3) | Item (1)"
"2a810599-05c2-4d85-a231-85fda46617ef","1104","2026-06-23T15:44:04.013Z","dine-in","Walk-in Guest","","T7","card","438","79","0","517","completed","Item (2) | Item (2)"
"a8165208-3420-40e4-ac75-efde2cfc1513","1103","2026-06-23T15:44:04.010Z","dine-in","Walk-in Guest","","T10","cash","449","81","0","530","completed","Item (2) | Item (1)"
"06b1c3be-3742-46af-a43b-7e48576b3062","1102","2026-06-23T15:44:04.008Z","delivery","Walk-in Guest","","T20","wallet","269","48","0","317","completed","Item (2) | Item (1)"
"6181b815-9f9f-4c5c-a912-a6d92ee39b01","1101","2026-06-23T15:44:04.006Z","dine-in","Customer 95","99999995","T14","card","698","126","0","824","completed","Item (2) | Item (2)"
"5a140e3b-a67b-4263-bf3c-278b742d478c","1100","2026-06-23T15:44:04.003Z","dine-in","Walk-in Guest","","T2","cash","717","129","0","846","completed","Item (1) | Item (2)"
"265c816e-fb62-44d9-bda9-8e1cc85ea73b","1099","2026-06-23T15:44:04.000Z","dine-in","Walk-in Guest","","T14","wallet","318","57","0","375","completed","Item (2) | Item (2)"
"fa2b7560-877e-4c36-83c1-4a20a0c3dfe4","1098","2026-06-23T15:44:03.998Z","delivery","Walk-in Guest","","T10","card","400","72","0","472","completed","Item (2) | Item (2)"
"1f2388f6-00fa-44d2-9c79-a194cb21abbf","1097","2026-06-23T15:44:03.996Z","dine-in","Walk-in Guest","","T12","cash","500","90","0","590","completed","Item (3) | Item (2)"
"29dc6ff5-5ba6-43ae-9f40-1455dee5998f","1096","2026-06-23T15:44:03.993Z","dine-in","Customer 90","99999990","T11","wallet","300","54","0","354","completed","Item (2) | Item (1)"
"b304f453-fe3b-41c8-8faf-6503de2971ad","1095","2026-06-23T15:44:03.990Z","dine-in","Walk-in Guest","","T16","card","338","61","0","399","completed","Item (2) | Item (2)"
"27a8cf0c-7fda-4821-b81b-e64b5427bfa1","1094","2026-06-23T15:44:03.988Z","delivery","Walk-in Guest","","T11","cash","536","96","0","632","completed","Item (2) | Item (2)"
"33b804a1-1114-4f93-9b1c-ff0c6f99a520","1093","2026-06-23T15:44:03.986Z","dine-in","Walk-in Guest","","T8","wallet","956","172","0","1128","completed","Item (3) | Item (1)"
"c83fc4bf-f764-4ae1-b9e8-deba520f6f80","1092","2026-06-23T15:44:03.983Z","dine-in","Walk-in Guest","","T9","card","400","72","0","472","completed","Item (2) | Item (2)"
"2987aba6-5957-4eea-ad93-5c609ffbbfe4","1091","2026-06-23T15:44:03.981Z","dine-in","Customer 85","99999985","T9","cash","529","95","0","624","completed","Item (1) | Item (2)"
"36d6cdd1-1c64-4733-9c29-0cd4d0ecfbfe","1090","2026-06-23T15:44:03.979Z","delivery","Walk-in Guest","","T9","wallet","197","35","0","232","completed","Item (2) | Item (1)"
"7433ad03-f401-4a4a-82e9-4ddde9a2c593","1089","2026-06-23T15:44:03.977Z","dine-in","Walk-in Guest","","T9","card","495","89","0","584","completed","Item (3) | Item (2)"
"7ec5729c-99a2-4438-a0e8-af4ef9a15e7f","1088","2026-06-23T15:44:03.975Z","dine-in","Walk-in Guest","","T17","cash","858","154","0","1012","completed","Item (2) | Item (2)"
"400bc889-853f-4fa7-843c-5aa0b26d081e","1087","2026-06-23T15:44:03.972Z","dine-in","Walk-in Guest","","T15","wallet","500","90","0","590","completed","Item (3) | Item (2)"
"a188f705-8c69-4e5d-8ab3-553289cb88b3","1086","2026-06-23T15:44:03.970Z","delivery","Customer 80","99999980","T19","card","1087","196","0","1283","completed","Item (2) | Item (1)"
"6aca0d0c-85d5-4d5d-aab0-161ac98533e1","1085","2026-06-23T15:44:03.968Z","dine-in","Walk-in Guest","","T8","cash","847","152","0","999","completed","Item (3) | Item (1)"
"dcc85a60-94b9-41ea-b700-b786b1cb7b83","1084","2026-06-23T15:44:03.965Z","dine-in","Walk-in Guest","","T4","wallet","847","152","0","999","completed","Item (3) | Item (1)"
"4e94d1f6-5dd6-40c3-b981-1e3f2ab66d21","1083","2026-06-23T15:44:03.963Z","dine-in","Walk-in Guest","","T11","card","468","84","0","552","completed","Item (1) | Item (1)"
"4d470a4e-df9f-457a-9e90-bad79ca4816c","1082","2026-06-23T15:44:03.960Z","delivery","Walk-in Guest","","T8","cash","500","90","0","590","completed","Item (3) | Item (2)"
"105ff7fd-20df-4d87-b30e-45de578901d2","1081","2026-06-23T15:44:03.958Z","dine-in","Customer 75","99999975","T16","wallet","629","113","0","742","completed","Item (3) | Item (1)"
"10c83d65-e9b2-4fc2-81de-12b32552791b","1080","2026-06-23T15:44:03.956Z","dine-in","Walk-in Guest","","T13","card","169","30","0","199","completed","Item (1) | Item (1)"
"82b02f3d-9b49-4c33-ba87-a89385a81de1","1079","2026-06-23T15:44:03.953Z","dine-in","Walk-in Guest","","T11","cash","679","122","0","801","completed","Item (1) | Item (2)"
"c39256e3-f84b-42b8-983e-30a8ca5b34e8","1078","2026-06-23T15:44:03.951Z","delivery","Walk-in Guest","","T7","wallet","400","72","0","472","completed","Item (3) | Item (1)"
"36109770-547e-4424-8070-975899ae1a7a","1077","2026-06-23T15:44:03.948Z","dine-in","Walk-in Guest","","T13","card","647","116","0","763","completed","Item (2) | Item (1)"
"6adc5ca7-3efe-45b9-ad53-f6e16ea20503","1076","2026-06-23T15:44:03.946Z","dine-in","Customer 70","99999970","T15","cash","247","44","0","291","completed","Item (1) | Item (2)"
"576d1590-9ad7-4b36-864a-3e4748cac8ac","1075","2026-06-23T15:44:03.944Z","dine-in","Walk-in Guest","","T9","wallet","717","129","0","846","completed","Item (1) | Item (2)"
"81f8ebee-3b89-4d8e-bb96-5d68ee982594","1074","2026-06-23T15:44:03.941Z","delivery","Walk-in Guest","","T4","card","149","27","0","176","completed","Item (1) | Item (1)"
"80c5a459-49fb-4481-be1b-934676d4065f","1073","2026-06-23T15:44:03.939Z","dine-in","Walk-in Guest","","T14","cash","397","71","0","468","completed","Item (3) | Item (1)"
"ce0cacd2-e9eb-4633-8e77-0cd3b5c1ef36","1072","2026-06-23T15:44:03.937Z","dine-in","Walk-in Guest","","T8","wallet","289","52","0","341","completed","Item (1) | Item (2)"
"04b51a97-8803-400a-80fa-69d7fb19c340","1071","2026-06-23T15:44:03.935Z","dine-in","Customer 65","99999965","T6","card","445","80","0","525","completed","Item (3) | Item (2)"
"735b6e99-0080-4200-bd77-02874e65d426","1070","2026-06-23T15:44:03.933Z","delivery","Walk-in Guest","","T7","cash","497","89","0","586","completed","Item (3) | Item (2)"
"b04c56f9-fc56-4191-9a5f-55a4f2e45a39","1069","2026-06-23T15:44:03.931Z","dine-in","Walk-in Guest","","T8","wallet","400","72","0","472","completed","Item (2) | Item (2)"
"76fd753b-0397-4c98-9a24-09858b55f74c","1068","2026-06-23T15:44:03.929Z","dine-in","Walk-in Guest","","T6","card","426","77","0","503","completed","Item (3) | Item (1)"
"6286d132-ffca-45af-b74e-2880702df388","1067","2026-06-23T15:44:03.926Z","dine-in","Walk-in Guest","","T9","cash","807","145","0","952","completed","Item (2) | Item (1)"
"0fee070d-8ad1-4374-965e-ad4ff0008f07","1066","2026-06-23T15:44:03.924Z","delivery","Customer 60","99999960","T16","wallet","1247","224","0","1471","completed","Item (3) | Item (2)"
"8a5b3b2a-18d4-435c-ac3e-aec4dd68f1e4","1065","2026-06-23T15:44:03.922Z","dine-in","Walk-in Guest","","T20","card","288","52","0","340","completed","Item (1) | Item (1)"
"a36cd683-d3b5-4ddb-a33a-bf6db252050f","1064","2026-06-23T15:44:03.919Z","dine-in","Walk-in Guest","","T20","cash","449","81","0","530","completed","Item (1) | Item (2)"
"f554a6a7-9291-4385-8681-56e03e202e4b","1063","2026-06-23T15:44:03.917Z","dine-in","Walk-in Guest","","T6","wallet","847","152","0","999","completed","Item (3) | Item (1)"
"8e5a6c5b-9b7a-4684-ad22-ac7c05659e30","1062","2026-06-23T15:44:03.915Z","delivery","Walk-in Guest","","T14","card","797","143","0","940","completed","Item (2) | Item (1)"
"c820365f-27bb-4092-8f30-7c0852f4b647","1061","2026-06-23T15:44:03.912Z","dine-in","Customer 55","99999955","T19","cash","747","134","0","881","completed","Item (2) | Item (1)"
"32fefe99-3d3a-4a13-9a5b-478e4b1af914","1060","2026-06-23T15:44:03.910Z","dine-in","Walk-in Guest","","T6","wallet","847","152","0","999","completed","Item (2) | Item (1)"
"d741b52b-45fe-42fb-b689-40670e8c0f72","1059","2026-06-23T15:44:03.908Z","dine-in","Walk-in Guest","","T7","card","847","152","0","999","completed","Item (3) | Item (1)"
"0277d83e-ef95-429d-8cd5-0acb0b2429e2","1058","2026-06-23T15:44:03.906Z","delivery","Walk-in Guest","","T12","cash","549","99","0","648","completed","Item (3) | Item (1)"
"b9d6ac1e-85be-49b1-8f15-64af2d410b86","1057","2026-06-23T15:44:03.904Z","dine-in","Walk-in Guest","","T15","wallet","300","54","0","354","completed","Item (2) | Item (1)"
"d177759e-2bd0-4ed9-b4a4-36098d9b1ca5","1056","2026-06-23T15:44:03.901Z","dine-in","Customer 50","99999950","T17","card","349","63","0","412","completed","Item (1) | Item (1)"
"501cef05-9ffa-47ac-b1a0-2bfc0de8689b","1055","2026-06-23T15:44:03.899Z","dine-in","Walk-in Guest","","T14","cash","1047","188","0","1235","completed","Item (2) | Item (1)"
"731ff612-c0b1-4864-a07a-fd2d99b5e45d","1054","2026-06-23T15:44:03.897Z","delivery","Walk-in Guest","","T2","wallet","548","99","0","647","completed","Item (1) | Item (1)"
"1b0b1a4e-df27-4b18-b6c7-199c7eb68755","1053","2026-06-23T15:44:03.895Z","dine-in","Walk-in Guest","","T16","card","438","79","0","517","completed","Item (1) | Item (1)"
"4fde84de-30e8-4057-95d4-1004f1445b71","1052","2026-06-23T15:44:03.893Z","dine-in","Walk-in Guest","","T7","cash","338","61","0","399","completed","Item (2) | Item (2)"
"00c407d2-d7f9-45fe-88bb-ee4c4f837302","1051","2026-06-23T15:44:03.891Z","dine-in","Customer 45","99999945","T16","wallet","498","90","0","588","completed","Item (1) | Item (1)"
"9584137f-6321-42e7-ad6f-799fa6f32cd1","1050","2026-06-23T15:44:03.889Z","delivery","Walk-in Guest","","T9","card","1935","348","0","2283","completed","Item (3) | Item (2)"
"45dd11c7-6873-4f5c-affa-156991e4e484","1049","2026-06-23T15:44:03.886Z","dine-in","Walk-in Guest","","T1","cash","318","57","0","375","completed","Item (1) | Item (1)"
"66924fe7-b37b-48f9-8e37-491ca7ee4381","1048","2026-06-23T15:44:03.884Z","dine-in","Walk-in Guest","","T13","wallet","528","95","0","623","completed","Item (1) | Item (1)"
"3973a753-60d7-4282-98c2-03746af08fd6","1047","2026-06-23T15:44:03.882Z","dine-in","Walk-in Guest","","T12","card","449","81","0","530","completed","Item (2) | Item (1)"
"7ad02198-27bd-4a53-b876-cc2f0d4e1748","1046","2026-06-23T15:44:03.880Z","delivery","Customer 40","99999940","T16","cash","500","90","0","590","completed","Item (3) | Item (2)"
"9f0f1726-e663-45bb-95bc-fcf4f4f0cbe1","1045","2026-06-23T15:44:03.878Z","dine-in","Walk-in Guest","","T7","wallet","277","50","0","327","completed","Item (2) | Item (1)"
"be8fc6f8-3372-4a8d-b170-8806448bceff","1044","2026-06-23T15:44:03.876Z","dine-in","Walk-in Guest","","T7","card","307","55","0","362","completed","Item (1) | Item (2)"
"4973d667-910a-4a60-b7da-70d3461733bf","1043","2026-06-23T15:44:03.873Z","dine-in","Walk-in Guest","","T4","cash","467","84","0","551","completed","Item (1) | Item (2)"
"a17f16ed-6a4b-43c2-9314-d011f3569d59","1042","2026-06-23T15:44:03.871Z","delivery","Walk-in Guest","","T5","wallet","500","90","0","590","completed","Item (3) | Item (2)"
"d9d38ef5-bc1a-4914-a163-451cf1732ffd","1041","2026-06-23T15:44:03.869Z","dine-in","Customer 35","99999935","T1","card","465","84","0","549","completed","Item (3) | Item (2)"
"ab273a84-3435-4c1e-a19c-0f4abe675b48","1040","2026-06-23T15:44:03.865Z","dine-in","Walk-in Guest","","T8","cash","200","36","0","236","completed","Item (1) | Item (1)"
"1e6ed7d6-16e3-4ccb-a89f-70e8c95a8294","1039","2026-06-23T15:44:03.863Z","dine-in","Walk-in Guest","","T7","wallet","449","81","0","530","completed","Item (1) | Item (2)"
"b6bdb7f6-c79f-4f5d-adf5-c7ab117abe9f","1038","2026-06-23T15:44:03.861Z","delivery","Walk-in Guest","","T6","card","747","134","0","881","completed","Item (1) | Item (2)"
"65ae8534-1b81-4fa4-9d41-202b4334ae82","1037","2026-06-23T15:44:03.859Z","dine-in","Walk-in Guest","","T20","cash","398","72","0","470","completed","Item (1) | Item (1)"
"1a901d7f-6199-4787-9951-8225705b3a35","1036","2026-06-23T15:44:03.857Z","dine-in","Customer 30","99999930","T3","wallet","996","179","0","1175","completed","Item (3) | Item (1)"
"e6237549-cdad-4629-be57-39cc329948a2","1035","2026-06-23T15:44:03.855Z","dine-in","Walk-in Guest","","T12","card","857","154","0","1011","completed","Item (3) | Item (2)"
"250d62de-1290-44d4-ae84-e29a8b7aae7e","1034","2026-06-23T15:44:03.853Z","delivery","Walk-in Guest","","T2","cash","199","36","0","235","completed","Item (1) | Item (1)"
"850143fc-071e-43f2-803e-808429d9ba86","1033","2026-06-23T15:44:03.851Z","dine-in","Walk-in Guest","","T14","wallet","300","54","0","354","completed","Item (1) | Item (2)"
"f5fe1eb9-e091-403b-b43b-d879e4cad88d","1032","2026-06-23T15:44:03.849Z","dine-in","Walk-in Guest","","T3","card","599","108","0","707","completed","Item (1) | Item (1)"
"c2149a37-e758-4360-a7ee-be1a42f11364","1031","2026-06-23T15:44:03.847Z","dine-in","Customer 25","99999925","T19","cash","636","114","0","750","completed","Item (2) | Item (2)"
"98e2c016-b708-40e6-a57a-389ee11b0e85","1030","2026-06-23T15:44:03.845Z","delivery","Walk-in Guest","","T15","wallet","587","106","0","693","completed","Item (2) | Item (1)"
"9be6df37-6db7-42f0-90f6-733d4806c0c6","1029","2026-06-23T15:44:03.843Z","dine-in","Walk-in Guest","","T6","card","997","179","0","1176","completed","Item (3) | Item (1)"
"bc5586ee-e8e2-43c4-a8ea-79e9524ff00c","1028","2026-06-23T15:44:03.841Z","dine-in","Walk-in Guest","","T9","cash","1027","185","0","1212","completed","Item (2) | Item (1)"
"9f3f92d7-c77e-489a-b34a-75fef3a7052d","1027","2026-06-23T15:44:03.839Z","dine-in","Walk-in Guest","","T20","wallet","816","147","0","963","completed","Item (3) | Item (1)"
"2cd2906c-72e4-422f-918b-fd2d3ab38f59","1026","2026-06-23T15:44:03.837Z","delivery","Customer 20","99999920","T13","card","400","72","0","472","completed","Item (3) | Item (1)"
"a4838a19-b8d7-4241-a076-44e7478bd373","1025","2026-06-23T15:44:03.835Z","dine-in","Walk-in Guest","","T18","cash","397","71","0","468","completed","Item (3) | Item (1)"
"ff42f336-9d05-4613-99fd-c021c520e905","1024","2026-06-23T15:44:03.833Z","dine-in","Walk-in Guest","","T9","wallet","296","53","0","349","completed","Item (2) | Item (2)"
"a7448d4a-7cd8-494f-8fe4-59e6ebfcd037","1023","2026-06-23T15:44:03.830Z","dine-in","Walk-in Guest","","T2","card","947","170","0","1117","completed","Item (3) | Item (2)"
"134abf0d-2934-41a3-8bb1-eb7e6464a4bc","1022","2026-06-23T15:44:03.829Z","delivery","Walk-in Guest","","T11","cash","649","117","0","766","completed","Item (3) | Item (1)"
"4431fdf4-617b-4549-9c71-6335680e62bc","1021","2026-06-23T15:44:03.827Z","dine-in","Customer 15","99999915","T16","wallet","307","55","0","362","completed","Item (3) | Item (1)"
"a9f384da-36f2-4f88-b4f0-449c8398f37b","1020","2026-06-23T15:44:03.825Z","dine-in","Walk-in Guest","","T3","card","300","54","0","354","completed","Item (1) | Item (2)"
"4ae122d3-33be-4b66-8a52-8d57b449d76d","1019","2026-06-23T15:44:03.822Z","dine-in","Walk-in Guest","","T1","cash","558","100","0","658","completed","Item (1) | Item (2)"
"4eb8126f-e508-41f2-896a-bf41029939cd","1018","2026-06-23T15:44:03.820Z","delivery","Walk-in Guest","","T18","wallet","449","81","0","530","completed","Item (1) | Item (2)"
"dff41675-ba3e-4126-8aca-842985555c16","1017","2026-06-23T15:44:03.818Z","dine-in","Walk-in Guest","","T17","card","369","66","0","435","completed","Item (3) | Item (1)"
"25d424f7-977e-4a8f-b53a-20c202905f17","1016","2026-06-23T15:44:03.816Z","dine-in","Customer 10","99999910","T1","cash","176","32","0","208","completed","Item (2) | Item (2)"
"03167a3f-43c7-49d3-b2e7-63a662200c19","1015","2026-06-23T15:44:03.814Z","dine-in","Walk-in Guest","","T9","wallet","500","90","0","590","completed","Item (3) | Item (2)"
"ea09f78b-4e36-49f0-a3d2-3a03bd1ae7f1","1014","2026-06-23T15:44:03.812Z","delivery","Walk-in Guest","","T16","card","300","54","0","354","completed","Item (1) | Item (2)"
"eea3f069-25a5-4321-9bd8-1b3847d45ee9","1013","2026-06-23T15:44:03.810Z","dine-in","Walk-in Guest","","T12","cash","699","126","0","825","completed","Item (2) | Item (1)"
"8ff7cf3d-6420-4928-b1ae-c13f26971fef","1012","2026-06-23T15:44:03.808Z","dine-in","Walk-in Guest","","T12","wallet","198","36","0","234","completed","Item (2) | Item (1)"
"8ddf6936-7aaf-470a-86e0-c7fb5bfb1b2a","1011","2026-06-23T15:44:03.806Z","dine-in","Customer 5","9999995","T19","card","947","170","0","1117","completed","Item (3) | Item (2)"
"b3a12405-ef4e-45bc-a7a0-e01f865017e8","1010","2026-06-23T15:44:03.804Z","delivery","Walk-in Guest","","T13","cash","200","36","0","236","completed","Item (1) | Item (1)"
"379b65df-8150-41a1-947a-24a170adbfa5","1009","2026-06-23T15:44:03.802Z","dine-in","Walk-in Guest","","T10","wallet","368","66","0","434","completed","Item (1) | Item (1)"
"2cae1564-1793-4ec5-9b5c-e67aa2be5323","1008","2026-06-23T15:44:03.799Z","dine-in","Walk-in Guest","","T19","card","388","70","0","458","completed","Item (1) | Item (1)"
"16c0345e-3bba-458b-a038-853424976e77","1007","2026-06-23T15:44:03.796Z","dine-in","Walk-in Guest","","T4","cash","1656","298","0","1954","completed","Item (2) | Item (2)"
"10656","10656","2026-06-23T21:08:40.000+05:30","DINE-IN","Walk-in Guest","","","UPI","294","15","0","304","completed","12 Pc Leg & Thigh (6 Dips) (1)"
"10657","10657","2026-06-23T21:07:55.000+05:30","DINE-IN","Walk-in Guest","","","UPI","365","18","0","377","completed","3 Pc Wings (1 Dip) (1)"
"10653","10653","2026-06-23T21:05:38.000+05:30","DINE-IN","Walk-in Guest","","","UPI","406","20","0","419","completed","Pesto Gyro (Signature) (1)"
"10552","10552","2026-06-23T21:05:21.000+05:30","DINE-IN","Walk-in Guest","","","UPI","404","20","0","288","completed","Vanilla Shake (Regular) (1)"
"10651","10651","2026-06-23T21:05:18.000+05:30","DINE-IN","Walk-in Guest","","","UPI","420","21","0","434","completed","Gyro - Protein Max (1)"
"10551","10551","2026-06-23T21:03:05.000+05:30","TAKEAWAY","Walk-in Guest","","","UPI","297","15","0","212","completed","Salad - Protein Max (Paneer) (1)"
"10549","10549","2026-06-23T21:00:50.000+05:30","DINE-IN","Walk-in Guest","","","UPI","319","16","0","227","completed","Lebanese Rice - Protein Max (Paneer) (1)"
"10536","10536","2026-06-23T20:57:17.000+05:30","TAKEAWAY","Walk-in Guest","","","UPI","384","19","0","274","completed","Lebanese Rice Bowl (Paneer) (1)"
"10648","10648","2026-06-23T20:53:50.000+05:30","DINE-IN","Walk-in Guest","","","Cash","269","13","0","277","completed","Peri Peri Gyro (Signature) (1)"
"10419","10419","2026-06-23T20:51:50.000+05:30","DINE-IN","Walk-in Guest","","","UPI","403","20","0","416","completed","Biscoff Shake (Large) (1)"
"10542","10542","2026-06-23T20:47:51.000+05:30","TAKEAWAY","Walk-in Guest","","","UPI","437","22","0","312","completed","Lebanese Rice Box (1)"
"10645","10645","2026-06-23T20:46:36.000+05:30","DINE-IN","Walk-in Guest","","","UPI","426","21","0","440","completed","BBQ Gyro (1)"
"10538","10538","2026-06-23T20:46:25.000+05:30","DINE-IN","Walk-in Guest","","","UPI","406","20","0","289","completed","Signature Salad (Paneer) (1)"
"10649","10649","2026-06-23T20:42:59.000+05:30","TAKEAWAY","Walk-in Guest","","","Cash","406","20","0","419","completed","Signature Gyro (1)"
"10544","10544","2026-06-23T20:39:46.000+05:30","DINE-IN","Walk-in Guest","","","UPI","387","19","0","275","completed","Double Crunch Box (1)"
"10423","10423","2026-06-23T20:39:35.000+05:30","DINE-IN","Walk-in Guest","","","UPI","408","20","0","421","completed","Kunafa Pistachio Shake (Large) (1)"
"10541","10541","2026-06-23T20:38:33.000+05:30","DINE-IN","Walk-in Guest","","","UPI","280","14","0","200","completed","Signature Gyro Meal (1)"
"10420","10420","2026-06-23T20:37:14.000+05:30","TAKEAWAY","Walk-in Guest","","","Cash","271","14","0","280","completed","Chocolate Shake (Regular) (1)"
"10421","10421","2026-06-23T20:31:54.000+05:30","DINE-IN","Walk-in Guest","","","Cash","405","20","0","418","completed","Chocolate Shake (Large) (1)"
"10422","10422","2026-06-23T20:31:50.000+05:30","DINE-IN","Walk-in Guest","","","UPI","270","13","0","278","completed","Kunafa Pistachio Shake (Regular) (1)"
"10539","10539","2026-06-23T20:25:17.000+05:30","TAKEAWAY","Walk-in Guest","","","UPI","299","15","0","214","completed","Express Meal (1)"
"10643","10643","2026-06-23T20:23:45.000+05:30","TAKEAWAY","Walk-in Guest","","","UPI","393","20","0","406","completed","Creamy Gyro (1)"
"10540","10540","2026-06-23T20:23:10.000+05:30","DINE-IN","Walk-in Guest","","","UPI","425","21","0","303","completed","Classic Gyro Meal (1)"
"10546","10546","2026-06-23T20:23:01.000+05:30","DINE-IN","Walk-in Guest","","","UPI","385","19","0","275","completed","Den's Party Meal (1)"
"10642","10642","2026-06-23T20:21:21.000+05:30","DINE-IN","Walk-in Guest","","","UPI","312","16","0","323","completed","Spicy Gyro (Signature) (1)"
"10537","10537","2026-06-23T20:20:52.000+05:30","DINE-IN","Walk-in Guest","","","UPI","321","16","0","229","completed","Signature Salad (Chicken) (1)"
"10647","10647","2026-06-23T20:18:36.000+05:30","DINE-IN","Walk-in Guest","","","UPI","417","21","0","431","completed","Peri Peri Gyro (1)"
"10545","10545","2026-06-23T20:17:03.000+05:30","TAKEAWAY","Walk-in Guest","","","UPI","318","16","0","227","completed","Mega Feast Meal (1)"
"10644","10644","2026-06-23T20:11:47.000+05:30","DINE-IN","Walk-in Guest","","","UPI","292","15","0","302","completed","Creamy Gyro (Signature) (1)"
"10543","10543","2026-06-23T20:10:54.000+05:30","DINE-IN","Walk-in Guest","","","Cash","268","13","0","286","completed","Duo Gyro Feast (1)"
"10547","10547","2026-06-23T20:09:39.000+05:30","DINE-IN","Walk-in Guest","","","UPI","320","16","0","342","completed","Super 5 Bucket (1)"
"10646","10646","2026-06-23T20:06:13.000+05:30","TAKEAWAY","Walk-in Guest","","","UPI","260","13","0","269","completed","BBQ Gyro (Signature) (1)"
"10534","10534","2026-06-23T19:59:37.000+05:30","DINE-IN","Walk-in Guest","","","UPI","397","20","0","425","completed","Loaded Paneer Fries (1)"
"10535","10535","2026-06-23T19:58:17.000+05:30","DINE-IN","Walk-in Guest","","","UPI","308","15","0","330","completed","Lebanese Rice Bowl (Chicken) (1)"
"10530","10530","2026-06-23T19:52:24.000+05:30","TAKEAWAY","Walk-in Guest","","","UPI","426","21","0","457","completed","Salted Fries (1)"
"10637","10637","2026-06-23T19:50:56.000+05:30","TAKEAWAY","Walk-in Guest","","","UPI","413","21","0","427","completed","Garlic Mayo Dip (1)"
"10414","10414","2026-06-23T19:49:05.000+05:30","DINE-IN","Walk-in Guest","","","UPI","311","16","0","322","completed","Vanilla Shake (Regular) (1)"
"10416","10416","2026-06-23T19:46:16.000+05:30","TAKEAWAY","Walk-in Guest","","","Cash","290","14","0","299","completed","Strawberry Shake (Regular) (1)"
"10640","10640","2026-06-23T19:44:35.000+05:30","TAKEAWAY","Walk-in Guest","","","Cash","294","15","0","304","completed","Honey Mustard Dip (1)"
"10528","10528","2026-06-23T19:43:21.000+05:30","DINE-IN","Walk-in Guest","","","UPI","362","18","0","388","completed","20 Pc Strips (6 Dips) (1)"
"10418","10418","2026-06-23T19:43:07.000+05:30","DINE-IN","Walk-in Guest","","","UPI","300","15","0","310","completed","Biscoff Shake (Regular) (1)"
"10533","10533","2026-06-23T19:40:06.000+05:30","TAKEAWAY","Walk-in Guest","","","Cash","285","14","0","305","completed","Loaded Chicken Fries (1)"
"10641","10641","2026-06-23T19:37:47.000+05:30","DINE-IN","Walk-in Guest","","","UPI","373","19","0","386","completed","Spicy Gyro (1)"
"10635","10635","2026-06-23T19:37:36.000+05:30","DINE-IN","Walk-in Guest","","","UPI","425","21","0","439","completed","Turkish Chilli Dip (1)"
"10525","10525","2026-06-23T19:31:56.000+05:30","DINE-IN","Walk-in Guest","","","UPI","271","14","0","291","completed","3 Pc Strips (1 Dip) (1)"
"10634","10634","2026-06-23T19:31:52.000+05:30","TAKEAWAY","Walk-in Guest","","","UPI","293","15","0","303","completed","Blondie Cake (1)"
"10527","10527","2026-06-23T19:31:37.000+05:30","TAKEAWAY","Walk-in Guest","","","UPI","314","16","0","336","completed","9 Pc Strips (3 Dips) (1)"
"10636","10636","2026-06-23T19:25:21.000+05:30","DINE-IN","Walk-in Guest","","","UPI","261","13","0","270","completed","Jalapeno Cheese Dip (1)"
"10531","10531","2026-06-23T19:21:57.000+05:30","DINE-IN","Walk-in Guest","","","UPI","279","14","0","299","completed","Peri Peri Fries (1)"
"10638","10638","2026-06-23T19:19:11.000+05:30","DINE-IN","Walk-in Guest","","","Cash","272","14","0","281","completed","Spicy Mayo Dip (1)"
"10417","10417","2026-06-23T19:12:24.000+05:30","DINE-IN","Walk-in Guest","","","UPI","374","19","0","387","completed","Strawberry Shake (Large) (1)"
"10532","10532","2026-06-23T19:10:47.000+05:30","DINE-IN","Walk-in Guest","","","UPI","420","21","0","450","completed","Cajun Fries (1)"
"10526","10526","2026-06-23T19:05:17.000+05:30","DINE-IN","Walk-in Guest","","","UPI","390","20","0","418","completed","6 Pc Strips (2 Dips) (1)"
"10639","10639","2026-06-23T19:04:25.000+05:30","DINE-IN","Walk-in Guest","","","Cash","391","20","0","404","completed","Peri Peri Dip (1)"
"10529","10529","2026-06-23T19:03:27.000+05:30","DINE-IN","Walk-in Guest","","","UPI","343","17","0","367","completed","60 Pc Strips (12 Dips) (1)"
"10415","10415","2026-06-23T19:00:11.000+05:30","DINE-IN","Walk-in Guest","","","Cash","385","19","0","397","completed","Vanilla Shake (Large) (1)"
"10518","10518","2026-06-23T18:56:04.000+05:30","TAKEAWAY","Walk-in Guest","","","UPI","367","18","0","393","completed","8 Pc Leg & Thigh (4 Dips) (1)"
"10514","10514","2026-06-23T18:55:25.000+05:30","DINE-IN","Walk-in Guest","","","UPI","433","22","0","464","completed","Gyro - Protein Max (1)"
"10630","10630","2026-06-23T18:53:11.000+05:30","DINE-IN","Walk-in Guest","","","Cash","311","16","0","322","completed","Butterfly Pea Kombucha (1)"
"10633","10633","2026-06-23T18:50:39.000+05:30","DINE-IN","Walk-in Guest","","","UPI","392","20","0","405","completed","Chocolate Brownie (1)"
"10523","10523","2026-06-23T18:48:34.000+05:30","DINE-IN","Walk-in Guest","","","Cash","337","17","0","361","completed","20 Pc Wings (6 Dips) (1)"
"10629","10629","2026-06-23T18:42:50.000+05:30","DINE-IN","Walk-in Guest","","","Cash","374","19","0","387","completed","Ginger Kombucha (1)"
"10627","10627","2026-06-23T18:40:53.000+05:30","DINE-IN","Walk-in Guest","","","UPI","368","18","0","380","completed","Mint Kombucha (1)"
"10412","10412","2026-06-23T18:38:29.000+05:30","TAKEAWAY","Walk-in Guest","","","UPI","278","14","0","287","completed","Salad - Protein Max (Chicken) (1)"
"10631","10631","2026-06-23T18:37:32.000+05:30","TAKEAWAY","Walk-in Guest","","","UPI","385","19","0","397","completed","Hot Chocolate (1)"
"10628","10628","2026-06-23T18:37:06.000+05:30","TAKEAWAY","Walk-in Guest","","","Cash","318","16","0","329","completed","Hibiscus Kombucha (1)"
"10513","10513","2026-06-23T18:36:13.000+05:30","DINE-IN","Walk-in Guest","","","Cash","293","15","0","301","completed","Signature Gyro (Signature) (1)"
"10626","10626","2026-06-23T18:35:43.000+05:30","DINE-IN","Walk-in Guest","","","UPI","301","15","0","311","completed","Lime Ice Tea (Large) (1)"
"10517","10517","2026-06-23T18:34:55.000+05:30","DINE-IN","Walk-in Guest","","","UPI","269","13","0","275","completed","4 Pc Leg & Thigh (2 Dips) (1)"
"10515","10515","2026-06-23T18:30:55.000+05:30","TAKEAWAY","Walk-in Guest","","","UPI","271","14","0","278","completed","Pesto Gyro (1)"
"10516","10516","2026-06-23T18:28:14.000+05:30","DINE-IN","Walk-in Guest","","","UPI","436","22","0","448","completed","Pesto Gyro (Signature) (1)"
"10521","10521","2026-06-23T18:25:52.000+05:30","TAKEAWAY","Walk-in Guest","","","UPI","330","16","0","338","completed","6 Pc Wings (2 Dips) (1)"
"10519","10519","2026-06-23T18:21:35.000+05:30","DINE-IN","Walk-in Guest","","","UPI","338","17","0","347","completed","12 Pc Leg & Thigh (6 Dips) (1)"
"10522","10522","2026-06-23T18:20:59.000+05:30","DINE-IN","Walk-in Guest","","","UPI","368","18","0","378","completed","9 Pc Wings (3 Dips) (1)"
"10524","10524","2026-06-23T18:14:33.000+05:30","TAKEAWAY","Walk-in Guest","","","UPI","433","22","0","445","completed","60 Pc Wings (12 Dips) (1)"
"10413","10413","2026-06-23T18:14:13.000+05:30","DINE-IN","Walk-in Guest","","","UPI","363","18","0","375","completed","Salad - Protein Max (Paneer) (1)"
"10411","10411","2026-06-23T18:12:53.000+05:30","DINE-IN","Walk-in Guest","","","Cash","396","20","0","409","completed","Lebanese Rice - Protein Max (Paneer) (1)"
"10410","10410","2026-06-23T18:09:41.000+05:30","DINE-IN","Walk-in Guest","","","Cash","263","13","0","272","completed","Lebanese Rice - Protein Max (Chicken) (1)"
"10520","10520","2026-06-23T18:09:40.000+05:30","DINE-IN","Walk-in Guest","","","UPI","375","19","0","386","completed","3 Pc Wings (1 Dip) (1)"
"10632","10632","2026-06-23T18:09:21.000+05:30","DINE-IN","Walk-in Guest","","","UPI","301","15","0","311","completed","Signature Tea (1)"
"10506","10506","2026-06-23T17:58:07.000+05:30","TAKEAWAY","Walk-in Guest","","","UPI","415","21","0","426","completed","Creamy Gyro (1)"
"10618","10618","2026-06-23T17:57:58.000+05:30","DINE-IN","Walk-in Guest","","","Cash","334","17","0","345","completed","Vanilla Softy (1)"
"10405","10405","2026-06-23T17:57:45.000+05:30","DINE-IN","Walk-in Guest","","","Cash","406","20","0","419","completed","Duo Gyro Feast (1)"
"10407","10407","2026-06-23T17:54:39.000+05:30","DINE-IN","Walk-in Guest","","","UPI","391","20","0","404","completed","Mega Feast Meal (1)"
"10511","10511","2026-06-23T17:52:09.000+05:30","DINE-IN","Walk-in Guest","","","UPI","290","15","0","298","completed","Peri Peri Gyro (Signature) (1)"
"10623","10623","2026-06-23T17:50:25.000+05:30","DINE-IN","Walk-in Guest","","","UPI","368","18","0","380","completed","Peach Ice Tea (Regular) (1)"
"10408","10408","2026-06-23T17:43:56.000+05:30","TAKEAWAY","Walk-in Guest","","","UPI","283","14","0","292","completed","Den's Party Meal (1)"
"10503","10503","2026-06-23T17:40:35.000+05:30","TAKEAWAY","Walk-in Guest","","","Cash","320","16","0","329","completed","Honey Mustard Dip (1)"
"10507","10507","2026-06-23T17:39:52.000+05:30","DINE-IN","Walk-in Guest","","","UPI","290","14","0","297","completed","Creamy Gyro (Signature) (1)"
"10622","10622","2026-06-23T17:30:19.000+05:30","TAKEAWAY","Walk-in Guest","","","UPI","318","16","0","329","completed","Sprite (Large) (1)"
"10619","10619","2026-06-23T17:26:49.000+05:30","TAKEAWAY","Walk-in Guest","","","Cash","399","20","0","412","completed","Coca-Cola (Regular) (1)"
"10510","10510","2026-06-23T17:26:31.000+05:30","DINE-IN","Walk-in Guest","","","UPI","414","21","0","425","completed","Peri Peri Gyro (1)"
"10504","10504","2026-06-23T17:24:44.000+05:30","DINE-IN","Walk-in Guest","","","UPI","389","19","0","399","completed","Spicy Gyro (1)"
"10509","10509","2026-06-23T17:22:13.000+05:30","TAKEAWAY","Walk-in Guest","","","UPI","289","14","0","296","completed","BBQ Gyro (Signature) (1)"
"10508","10508","2026-06-23T17:22:02.000+05:30","DINE-IN","Walk-in Guest","","","UPI","416","21","0","427","completed","BBQ Gyro (1)"
"10505","10505","2026-06-23T17:22:01.000+05:30","DINE-IN","Walk-in Guest","","","UPI","316","16","0","325","completed","Spicy Gyro (Signature) (1)"
"10502","10502","2026-06-23T17:20:26.000+05:30","DINE-IN","Walk-in Guest","","","UPI","385","19","0","396","completed","Peri Peri Dip (1)"
"10409","10409","2026-06-23T17:16:34.000+05:30","DINE-IN","Walk-in Guest","","","UPI","411","21","0","425","completed","Super 5 Bucket (1)"
"10406","10406","2026-06-23T17:16:19.000+05:30","DINE-IN","Walk-in Guest","","","Cash","269","13","0","277","completed","Double Crunch Box (1)"
"10512","10512","2026-06-23T17:12:33.000+05:30","TAKEAWAY","Walk-in Guest","","","UPI","411","21","0","422","completed","Signature Gyro (1)"
"10621","10621","2026-06-23T17:11:43.000+05:30","DINE-IN","Walk-in Guest","","","UPI","370","18","0","382","completed","Sprite (Regular) (1)"
"10624","10624","2026-06-23T17:11:14.000+05:30","DINE-IN","Walk-in Guest","","","UPI","320","16","0","331","completed","Peach Ice Tea (Large) (1)"
"10625","10625","2026-06-23T17:09:09.000+05:30","TAKEAWAY","Walk-in Guest","","","UPI","386","19","0","398","completed","Lime Ice Tea (Regular) (1)"
"10620","10620","2026-06-23T17:08:39.000+05:30","DINE-IN","Walk-in Guest","","","Cash","289","14","0","298","completed","Coca-Cola (Large) (1)"
"10498","10498","2026-06-23T16:59:24.000+05:30","DINE-IN","Walk-in Guest","","","UPI","431","22","0","443","completed","Turkish Chilli Dip (1)"
"10491","10491","2026-06-23T16:58:17.000+05:30","TAKEAWAY","Walk-in Guest","","","UPI","270","14","0","299","completed","Hibiscus Kombucha (1)"
"10500","10500","2026-06-23T16:55:30.000+05:30","TAKEAWAY","Walk-in Guest","","","UPI","379","19","0","418","completed","Garlic Mayo Dip (1)"
"10497","10497","2026-06-23T16:53:27.000+05:30","TAKEAWAY","Walk-in Guest","","","UPI","316","16","0","349","completed","Blondie Cake (1)"
"10501","10501","2026-06-23T16:52:07.000+05:30","DINE-IN","Walk-in Guest","","","UPI","326","16","0","360","completed","Spicy Mayo Dip (1)"
"10617","10617","2026-06-23T16:47:01.000+05:30","DINE-IN","Walk-in Guest","","","UPI","353","18","0","365","completed","Kunafa Pistachio Shake (Large) (1)"
"10496","10496","2026-06-23T16:44:55.000+05:30","DINE-IN","Walk-in Guest","","","UPI","389","19","0","429","completed","Chocolate Brownie (1)"
"10614","10614","2026-06-23T16:43:08.000+05:30","DINE-IN","Walk-in Guest","","","UPI","277","14","0","306","completed","Chocolate Shake (Regular) (1)"
"10499","10499","2026-06-23T16:43:03.000+05:30","DINE-IN","Walk-in Guest","","","UPI","273","14","0","302","completed","Jalapeno Cheese Dip (1)"
"10494","10494","2026-06-23T16:42:23.000+05:30","TAKEAWAY","Walk-in Guest","","","UPI","394","20","0","436","completed","Hot Chocolate (1)"
"10495","10495","2026-06-23T16:38:54.000+05:30","DINE-IN","Walk-in Guest","","","UPI","310","16","0","343","completed","Signature Tea (1)"
"10613","10613","2026-06-23T16:37:28.000+05:30","TAKEAWAY","Walk-in Guest","","","UPI","410","21","0","454","completed","Biscoff Shake (Large) (1)"
"10612","10612","2026-06-23T16:34:43.000+05:30","DINE-IN","Walk-in Guest","","","UPI","313","16","0","346","completed","Biscoff Shake (Regular) (1)"
"10493","10493","2026-06-23T16:28:33.000+05:30","DINE-IN","Walk-in Guest","","","Cash","309","15","0","340","completed","Butterfly Pea Kombucha (1)"
"10404","10404","2026-06-23T16:27:29.000+05:30","TAKEAWAY","Walk-in Guest","","","UPI","310","16","0","321","completed","Lebanese Rice Box (1)"
"10615","10615","2026-06-23T16:22:56.000+05:30","DINE-IN","Walk-in Guest","","","UPI","426","21","0","470","completed","Chocolate Shake (Large) (1)"
"10403","10403","2026-06-23T16:22:37.000+05:30","DINE-IN","Walk-in Guest","","","UPI","364","18","0","376","completed","Signature Gyro Meal (1)"
"10492","10492","2026-06-23T16:22:35.000+05:30","DINE-IN","Walk-in Guest","","","UPI","396","20","0","438","completed","Ginger Kombucha (1)"
"10402","10402","2026-06-23T16:18:15.000+05:30","DINE-IN","Walk-in Guest","","","UPI","271","14","0","280","completed","Classic Gyro Meal (1)"
"10610","10610","2026-06-23T16:08:05.000+05:30","TAKEAWAY","Walk-in Guest","","","Cash","277","14","0","286","completed","Strawberry Shake (Regular) (1)"
"10616","10616","2026-06-23T16:05:32.000+05:30","TAKEAWAY","Walk-in Guest","","","UPI","262","13","0","271","completed","Kunafa Pistachio Shake (Regular) (1)"
"10611","10611","2026-06-23T16:00:28.000+05:30","DINE-IN","Walk-in Guest","","","UPI","374","19","0","386","completed","Strawberry Shake (Large) (1)"
"10607","10607","2026-06-23T15:59:12.000+05:30","TAKEAWAY","Walk-in Guest","","","UPI","353","18","0","364","completed","Salad - Protein Max (Paneer) (1)"
"10604","10604","2026-06-23T15:56:56.000+05:30","TAKEAWAY","Walk-in Guest","","","UPI","291","15","0","300","completed","Lebanese Rice - Protein Max (Chicken) (1)"
"10483","10483","2026-06-23T15:55:56.000+05:30","DINE-IN","Walk-in Guest","","","Cash","338","17","0","348","completed","Coca-Cola (Large) (1)"
"10488","10488","2026-06-23T15:52:38.000+05:30","TAKEAWAY","Walk-in Guest","","","UPI","365","18","0","376","completed","Lime Ice Tea (Regular) (1)"
"10486","10486","2026-06-23T15:49:50.000+05:30","DINE-IN","Walk-in Guest","","","UPI","380","19","0","392","completed","Peach Ice Tea (Regular) (1)"
"10482","10482","2026-06-23T15:37:48.000+05:30","TAKEAWAY","Walk-in Guest","","","UPI","367","18","0","378","completed","Coca-Cola (Regular) (1)"
"10602","10602","2026-06-23T15:35:07.000+05:30","DINE-IN","Walk-in Guest","","","UPI","290","14","0","299","completed","Den's Party Meal (1)"
"10603","10603","2026-06-23T15:32:38.000+05:30","DINE-IN","Walk-in Guest","","","UPI","396","20","0","408","completed","Super 5 Bucket (1)"
"10605","10605","2026-06-23T15:32:09.000+05:30","DINE-IN","Walk-in Guest","","","UPI","423","21","0","436","completed","Lebanese Rice - Protein Max (Paneer) (1)"
"10484","10484","2026-06-23T15:29:35.000+05:30","DINE-IN","Walk-in Guest","","","UPI","362","18","0","373","completed","Sprite (Regular) (1)"
"10609","10609","2026-06-23T15:24:51.000+05:30","DINE-IN","Walk-in Guest","","","Cash","410","21","0","423","completed","Vanilla Shake (Large) (1)"
"10606","10606","2026-06-23T15:21:20.000+05:30","DINE-IN","Walk-in Guest","","","UPI","265","13","0","274","completed","Salad - Protein Max (Chicken) (1)"
"10481","10481","2026-06-23T15:17:37.000+05:30","DINE-IN","Walk-in Guest","","","UPI","326","16","0","336","completed","Vanilla Softy (1)"
"10489","10489","2026-06-23T15:13:38.000+05:30","DINE-IN","Walk-in Guest","","","UPI","340","17","0","350","completed","Lime Ice Tea (Large) (1)"
"10479","10479","2026-06-23T15:12:34.000+05:30","TAKEAWAY","Walk-in Guest","","","UPI","284","14","0","293","completed","Kunafa Pistachio Shake (Regular) (1)"
"10487","10487","2026-06-23T15:11:03.000+05:30","DINE-IN","Walk-in Guest","","","UPI","325","16","0","335","completed","Peach Ice Tea (Large) (1)"
"10480","10480","2026-06-23T15:09:31.000+05:30","DINE-IN","Walk-in Guest","","","UPI","379","19","0","391","completed","Kunafa Pistachio Shake (Large) (1)"
"10608","10608","2026-06-23T15:04:48.000+05:30","DINE-IN","Walk-in Guest","","","Cash","334","17","0","344","completed","Vanilla Shake (Regular) (1)"
"10485","10485","2026-06-23T15:02:18.000+05:30","TAKEAWAY","Walk-in Guest","","","UPI","343","17","0","353","completed","Sprite (Large) (1)"
"10490","10490","2026-06-23T15:00:26.000+05:30","DINE-IN","Walk-in Guest","","","UPI","434","22","0","448","completed","Mint Kombucha (1)"
"10595","10595","2026-06-23T14:59:54.000+05:30","TAKEAWAY","Walk-in Guest","","","UPI","400","20","0","412","completed","Express Meal (1)"
"10468","10468","2026-06-23T14:49:50.000+05:30","DINE-IN","Walk-in Guest","","","UPI","393","20","0","405","completed","Lebanese Rice - Protein Max (Paneer) (1)"
"10478","10478","2026-06-23T14:48:55.000+05:30","DINE-IN","Walk-in Guest","","","UPI","421","21","0","434","completed","Chocolate Shake (Large) (1)"
"10600","10600","2026-06-23T14:46:05.000+05:30","DINE-IN","Walk-in Guest","","","Cash","263","13","0","272","completed","Double Crunch Box (1)"
"10477","10477","2026-06-23T14:44:14.000+05:30","DINE-IN","Walk-in Guest","","","UPI","321","16","0","331","completed","Chocolate Shake (Regular) (1)"
"10476","10476","2026-06-23T14:43:23.000+05:30","TAKEAWAY","Walk-in Guest","","","UPI","384","19","0","396","completed","Biscoff Shake (Large) (1)"
"10596","10596","2026-06-23T14:42:24.000+05:30","DINE-IN","Walk-in Guest","","","UPI","288","14","0","297","completed","Classic Gyro Meal (1)"
"10594","10594","2026-06-23T14:40:48.000+05:30","DINE-IN","Walk-in Guest","","","UPI","265","13","0","274","completed","Signature Salad (Paneer) (1)"
"10472","10472","2026-06-23T14:32:59.000+05:30","DINE-IN","Walk-in Guest","","","UPI","389","19","0","400","completed","Vanilla Shake (Large) (1)"
"10475","10475","2026-06-23T14:32:23.000+05:30","DINE-IN","Walk-in Guest","","","UPI","280","14","0","289","completed","Biscoff Shake (Regular) (1)"
"10599","10599","2026-06-23T14:27:59.000+05:30","DINE-IN","Walk-in Guest","","","Cash","425","21","0","438","completed","Duo Gyro Feast (1)"
"10597","10597","2026-06-23T14:22:38.000+05:30","DINE-IN","Walk-in Guest","","","UPI","429","21","0","442","completed","Signature Gyro Meal (1)"
"10474","10474","2026-06-23T14:22:28.000+05:30","DINE-IN","Walk-in Guest","","","UPI","425","21","0","438","completed","Strawberry Shake (Large) (1)"
"10601","10601","2026-06-23T14:22:28.000+05:30","TAKEAWAY","Walk-in Guest","","","UPI","398","20","0","410","completed","Mega Feast Meal (1)"
"10470","10470","2026-06-23T14:20:03.000+05:30","TAKEAWAY","Walk-in Guest","","","UPI","384","19","0","396","completed","Salad - Protein Max (Paneer) (1)"
"10473","10473","2026-06-23T14:14:53.000+05:30","TAKEAWAY","Walk-in Guest","","","Cash","316","16","0","326","completed","Strawberry Shake (Regular) (1)"
"10471","10471","2026-06-23T14:09:34.000+05:30","DINE-IN","Walk-in Guest","","","UPI","321","16","0","331","completed","Vanilla Shake (Regular) (1)"
"10469","10469","2026-06-23T14:06:37.000+05:30","DINE-IN","Walk-in Guest","","","UPI","311","16","0","321","completed","Salad - Protein Max (Chicken) (1)"
"10598","10598","2026-06-23T14:05:45.000+05:30","TAKEAWAY","Walk-in Guest","","","Cash","259","13","0","268","completed","Lebanese Rice Box (1)"
"10465","10465","2026-06-23T13:51:37.000+05:30","DINE-IN","Walk-in Guest","","","UPI","325","16","0","335","completed","Den's Party Meal (1)"
"10462","10462","2026-06-23T13:51:07.000+05:30","DINE-IN","Walk-in Guest","","","UPI","402","20","0","414","completed","Duo Gyro Feast (1)"
"10461","10461","2026-06-23T13:48:11.000+05:30","TAKEAWAY","Walk-in Guest","","","UPI","315","16","0","325","completed","Lebanese Rice Box (1)"
"10586","10586","2026-06-23T13:47:59.000+05:30","TAKEAWAY","Walk-in Guest","","","UPI","325","16","0","335","completed","Salted Fries (1)"
"10593","10593","2026-06-23T13:43:14.000+05:30","DINE-IN","Walk-in Guest","","","UPI","423","21","0","436","completed","Signature Salad (Chicken) (1)"
"10467","10467","2026-06-23T13:42:01.000+05:30","TAKEAWAY","Walk-in Guest","","","UPI","275","14","0","284","completed","Lebanese Rice - Protein Max (Chicken) (1)"
"10592","10592","2026-06-23T13:39:49.000+05:30","TAKEAWAY","Walk-in Guest","","","UPI","296","15","0","305","completed","Lebanese Rice Bowl (Paneer) (1)"
"10588","10588","2026-06-23T13:33:59.000+05:30","DINE-IN","Walk-in Guest","","","Cash","293","15","0","302","completed","Cajun Fries (1)"
"10464","10464","2026-06-23T13:33:48.000+05:30","TAKEAWAY","Walk-in Guest","","","UPI","380","19","0","392","completed","Mega Feast Meal (1)"
"10466","10466","2026-06-23T13:33:27.000+05:30","DINE-IN","Walk-in Guest","","","UPI","430","21","0","443","completed","Super 5 Bucket (1)"
"10459","10459","2026-06-23T13:30:25.000+05:30","DINE-IN","Walk-in Guest","","","UPI","284","14","0","293","completed","Classic Gyro Meal (1)"
"10591","10591","2026-06-23T13:28:45.000+05:30","DINE-IN","Walk-in Guest","","","UPI","391","20","0","403","completed","Lebanese Rice Bowl (Chicken) (1)"
"10590","10590","2026-06-23T13:22:26.000+05:30","DINE-IN","Walk-in Guest","","","Cash","308","15","0","317","completed","Loaded Paneer Fries (1)"
"10460","10460","2026-06-23T13:21:00.000+05:30","DINE-IN","Walk-in Guest","","","UPI","390","19","0","401","completed","Signature Gyro Meal (1)"
"10458","10458","2026-06-23T13:20:52.000+05:30","TAKEAWAY","Walk-in Guest","","","UPI","421","21","0","434","completed","Express Meal (1)"
"10589","10589","2026-06-23T13:18:14.000+05:30","TAKEAWAY","Walk-in Guest","","","Cash","380","19","0","392","completed","Loaded Chicken Fries (1)"
"10587","10587","2026-06-23T13:15:14.000+05:30","DINE-IN","Walk-in Guest","","","UPI","394","20","0","406","completed","Peri Peri Fries (1)"
"10457","10457","2026-06-23T13:14:02.000+05:30","DINE-IN","Walk-in Guest","","","UPI","315","16","0","325","completed","Signature Salad (Paneer) (1)"
"10456","10456","2026-06-23T13:08:16.000+05:30","DINE-IN","Walk-in Guest","","","UPI","390","19","0","401","completed","Signature Salad (Chicken) (1)"
"10463","10463","2026-06-23T13:02:56.000+05:30","DINE-IN","Walk-in Guest","","","Cash","303","15","0","312","completed","Double Crunch Box (1)"
"10455","10455","2026-06-23T12:59:29.000+05:30","TAKEAWAY","Walk-in Guest","","","UPI","293","15","0","302","completed","Lebanese Rice Bowl (Paneer) (1)"
"10452","10452","2026-06-23T12:58:37.000+05:30","TAKEAWAY","Walk-in Guest","","","UPI","362","18","0","373","completed","Loaded Chicken Fries (1)"
"10585","10585","2026-06-23T12:53:38.000+05:30","DINE-IN","Walk-in Guest","","","UPI","363","18","0","374","completed","60 Pc Strips (12 Dips) (1)"
"10580","10580","2026-06-23T12:53:31.000+05:30","TAKEAWAY","Walk-in Guest","","","Cash","323","16","0","333","completed","60 Pc Wings (12 Dips) (1)"
"10446","10446","2026-06-23T12:52:52.000+05:30","TAKEAWAY","Walk-in Guest","","","UPI","424","21","0","437","completed","9 Pc Strips (3 Dips) (1)"
"10449","10449","2026-06-23T12:47:00.000+05:30","TAKEAWAY","Walk-in Guest","","","UPI","304","15","0","313","completed","Salted Fries (1)"
"10450","10450","2026-06-23T12:44:54.000+05:30","DINE-IN","Walk-in Guest","","","UPI","375","19","0","387","completed","Peri Peri Fries (1)"
"10453","10453","2026-06-23T12:43:05.000+05:30","DINE-IN","Walk-in Guest","","","Cash","343","17","0","353","completed","Loaded Paneer Fries (1)"
"10447","10447","2026-06-23T12:35:57.000+05:30","DINE-IN","Walk-in Guest","","","UPI","281","14","0","290","completed","20 Pc Strips (6 Dips) (1)"
"10451","10451","2026-06-23T12:25:49.000+05:30","DINE-IN","Walk-in Guest","","","UPI","330","16","0","339","completed","Cajun Fries (1)"
"10582","10582","2026-06-23T12:24:40.000+05:30","DINE-IN","Walk-in Guest","","","UPI","289","14","0","298","completed","6 Pc Strips (2 Dips) (1)"
"10454","10454","2026-06-23T12:24:19.000+05:30","DINE-IN","Walk-in Guest","","","UPI","411","21","0","424","completed","Lebanese Rice Bowl (Chicken) (1)"
"10581","10581","2026-06-23T12:21:36.000+05:30","DINE-IN","Walk-in Guest","","","UPI","399","20","0","411","completed","3 Pc Strips (1 Dip) (1)"
"10448","10448","2026-06-23T12:18:36.000+05:30","DINE-IN","Walk-in Guest","","","UPI","401","20","0","413","completed","60 Pc Strips (12 Dips) (1)"
"10579","10579","2026-06-23T12:17:50.000+05:30","DINE-IN","Walk-in Guest","","","Cash","365","18","0","376","completed","20 Pc Wings (6 Dips) (1)"
"10584","10584","2026-06-23T12:17:13.000+05:30","DINE-IN","Walk-in Guest","","","UPI","321","16","0","331","completed","20 Pc Strips (6 Dips) (1)"
"10583","10583","2026-06-23T12:13:42.000+05:30","TAKEAWAY","Walk-in Guest","","","UPI","367","18","0","378","completed","9 Pc Strips (3 Dips) (1)"
"10578","10578","2026-06-23T12:09:31.000+05:30","DINE-IN","Walk-in Guest","","","Cash","278","14","0","287","completed","9 Pc Wings (3 Dips) (1)"
"10445","10445","2026-06-23T12:00:39.000+05:30","DINE-IN","Walk-in Guest","","","UPI","287","14","0","296","completed","6 Pc Strips (2 Dips) (1)"
"10574","10574","2026-06-23T11:59:04.000+05:30","TAKEAWAY","Walk-in Guest","","","UPI","315","16","0","325","completed","8 Pc Leg & Thigh (4 Dips) (1)"
"10572","10572","2026-06-23T11:58:52.000+05:30","DINE-IN","Walk-in Guest","","","UPI","259","13","0","268","completed","Pesto Gyro (Signature) (1)"
"10436","10436","2026-06-23T11:56:31.000+05:30","DINE-IN","Walk-in Guest","","","UPI","429","21","0","436","completed","4 Pc Leg & Thigh (2 Dips) (1)"
"10435","10435","2026-06-23T11:56:19.000+05:30","DINE-IN","Walk-in Guest","","","UPI","343","17","0","348","completed","Pesto Gyro (Signature) (1)"
"10439","10439","2026-06-23T11:45:19.000+05:30","DINE-IN","Walk-in Guest","","","UPI","337","17","0","352","completed","3 Pc Wings (1 Dip) (1)"
"10573","10573","2026-06-23T11:45:14.000+05:30","DINE-IN","Walk-in Guest","","","UPI","372","19","0","384","completed","4 Pc Leg & Thigh (2 Dips) (1)"
"10571","10571","2026-06-23T11:45:05.000+05:30","TAKEAWAY","Walk-in Guest","","","UPI","429","21","0","442","completed","Pesto Gyro (1)"
"10443","10443","2026-06-23T11:44:08.000+05:30","TAKEAWAY","Walk-in Guest","","","Cash","274","14","0","283","completed","60 Pc Wings (12 Dips) (1)"
"10577","10577","2026-06-23T11:37:05.000+05:30","TAKEAWAY","Walk-in Guest","","","UPI","410","20","0","422","completed","6 Pc Wings (2 Dips) (1)"
"10576","10576","2026-06-23T11:35:55.000+05:30","DINE-IN","Walk-in Guest","","","UPI","267","13","0","275","completed","3 Pc Wings (1 Dip) (1)"
"10442","10442","2026-06-23T11:33:38.000+05:30","DINE-IN","Walk-in Guest","","","UPI","430","22","0","444","completed","20 Pc Wings (6 Dips) (1)"
"10444","10444","2026-06-23T11:24:48.000+05:30","DINE-IN","Walk-in Guest","","","UPI","418","21","0","431","completed","3 Pc Strips (1 Dip) (1)"
"10438","10438","2026-06-23T11:24:39.000+05:30","DINE-IN","Walk-in Guest","","","UPI","370","18","0","376","completed","12 Pc Leg & Thigh (6 Dips) (1)"
"10575","10575","2026-06-23T11:21:42.000+05:30","DINE-IN","Walk-in Guest","","","UPI","421","21","0","434","completed","12 Pc Leg & Thigh (6 Dips) (1)"
"10440","10440","2026-06-23T11:14:32.000+05:30","TAKEAWAY","Walk-in Guest","","","UPI","377","19","0","389","completed","6 Pc Wings (2 Dips) (1)"
"10437","10437","2026-06-23T11:05:37.000+05:30","TAKEAWAY","Walk-in Guest","","","UPI","278","14","0","283","completed","8 Pc Leg & Thigh (4 Dips) (1)"
"10441","10441","2026-06-23T11:05:04.000+05:30","DINE-IN","Walk-in Guest","","","UPI","330","16","0","339","completed","9 Pc Wings (3 Dips) (1)"
"10434","10434","2026-06-23T11:02:26.000+05:30","TAKEAWAY","Walk-in Guest","","","UPI","364","18","0","370","completed","Pesto Gyro (1)"
"73e58302-f34a-44c2-b359-4d1a2fe2e26a","1006","2026-06-22T10:37:27.377Z","dine-in","Walk-in Guest","","T13","upi","100","18","0","118","completed","Item (1)"
"fc895ebf-7081-4fcb-b8d8-706243ba9e2f","1005","2026-06-22T10:31:09.305Z","dine-in","Walk-in Guest","","T7","card","200","36","0","236","completed","Item (1) | Item (1)"
"806389e6-1f00-45bb-8f5c-b07bdcddf5d9","1004","2026-06-22T10:24:04.469Z","dine-in","Walk-in Guest","","T8","card","500","90","0","590","completed","Item (1) | Item (2) | Item (1) | Item (1)"
"7e0d87da-e423-45f3-b664-e12261ccfae6","1003","2026-06-22T09:52:23.104Z","dine-in","Walk-in Guest","","T1","card","400","72","0","472","completed","Item (1) | Item (1) | Item (1) | Item (1)"
"44de814b-0ef6-4e38-92ed-467a329a3fa2","1002","2026-06-22T09:52:08.909Z","dine-in","Walk-in Guest","","T1","card","400","72","0","472","completed","Item (1) | Item (1) | Item (1) | Item (1)"
"6a5efc0e-e583-4746-a1a3-247d44f00906","1001","2026-06-22T09:42:49.188Z","dine-in","Walk-in Guest","","T3","cash","200","36","0","236","completed","Item (1) | Item (1)"
